 Timestamp,,,,,healthy value,,,attacked  Value
 30/6/2015 5:15:00 PM,,,,,295.6165,,,315.637
 30/6/2015 5:15:01 PM,,,,,295.4627,,,315.637
 30/6/2015 5:15:02 PM,,,,,295.3089,,,315.637
 30/6/2015 5:15:03 PM,,,,,295.3089,,,315.4319
 30/6/2015 5:15:04 PM,,,,,295.3089,,,315.3294
 30/6/2015 5:15:05 PM,,,,,295.1038,,,315.0987
 30/6/2015 5:15:06 PM,,,,,295.0526,,,315.0987
 30/6/2015 5:15:07 PM,,,,,294.8218,,,315.0987
 30/6/2015 5:15:08 PM,,,,,294.7962,,,314.8167
 30/6/2015 5:15:09 PM,,,,,294.7962,,,314.8167
 30/6/2015 5:15:10 PM,,,,,294.7962,,,314.7142
 30/6/2015 5:15:11 PM,,,,,294.7962,,,314.7142
 30/6/2015 5:15:12 PM,,,,,294.7962,,,314.4322
 30/6/2015 5:15:13 PM,,,,,294.7962,,,314.4322
 30/6/2015 5:15:14 PM,,,,,294.5911,,,314.4322
 30/6/2015 5:15:15 PM,,,,,294.5911,,,314.2015
 30/6/2015 5:15:16 PM,,,,,294.5911,,,314.2015
 30/6/2015 5:15:17 PM,,,,,294.5911,,,314.2015
 30/6/2015 5:15:18 PM,,,,,294.5911,,,314.2015
 30/6/2015 5:15:19 PM,,,,,294.5911,,,314.2015
 30/6/2015 5:15:20 PM,,,,,294.5911,,,314.2015
 30/6/2015 5:15:21 PM,,,,,294.5911,,,314.2015
 30/6/2015 5:15:22 PM,,,,,294.5911,,,314.022
 30/6/2015 5:15:23 PM,,,,,294.5911,,,314.022
 30/6/2015 5:15:24 PM,,,,,294.5911,,,314.022
 30/6/2015 5:15:25 PM,,,,,294.4117,,,314.022
 30/6/2015 5:15:26 PM,,,,,294.2835,,,314.022
 30/6/2015 5:15:27 PM,,,,,294.2835,,,314.022
 30/6/2015 5:15:28 PM,,,,,294.2835,,,314.022
 30/6/2015 5:15:29 PM,,,,,294.2835,,,314.022
 30/6/2015 5:15:30 PM,,,,,294.2835,,,314.022
 30/6/2015 5:15:31 PM,,,,,294.2835,,,314.022
 30/6/2015 5:15:32 PM,,,,,294.2835,,,314.022
 30/6/2015 5:15:33 PM,,,,,294.2835,,,313.8426
 30/6/2015 5:15:34 PM,,,,,294.2835,,,313.8426
 30/6/2015 5:15:35 PM,,,,,294.181,,,313.8426
 30/6/2015 5:15:36 PM,,,,,294.1553,,,313.8426
 30/6/2015 5:15:37 PM,,,,,294.1553,,,313.8426
 30/6/2015 5:15:38 PM,,,,,294.1553,,,313.7657
 30/6/2015 5:15:39 PM,,,,,294.1553,,,313.6632
 30/6/2015 5:15:40 PM,,,,,294.1553,,,313.4581
 30/6/2015 5:15:41 PM,,,,,294.1553,,,313.4581
 30/6/2015 5:15:42 PM,,,,,294.1553,,,313.4581
 30/6/2015 5:15:43 PM,,,,,294.1553,,,313.2018
 30/6/2015 5:15:44 PM,,,,,294.1553,,,313.2018
 30/6/2015 5:15:45 PM,,,,,294.1553,,,312.9198
 30/6/2015 5:15:46 PM,,,,,294.1553,,,312.9198
 30/6/2015 5:15:47 PM,,,,,294.1553,,,312.9198
 30/6/2015 5:15:48 PM,,,,,294.1553,,,312.9198
 30/6/2015 5:15:49 PM,,,,,294.1553,,,312.9198
 30/6/2015 5:15:50 PM,,,,,294.1553,,,312.9198
 30/6/2015 5:15:51 PM,,,,,294.1553,,,312.9198
 30/6/2015 5:15:52 PM,,,,,294.1553,,,312.9198
 30/6/2015 5:15:53 PM,,,,,294.1553,,,312.9198
 30/6/2015 5:15:54 PM,,,,,294.1553,,,312.9198
 30/6/2015 5:15:55 PM,,,,,294.1553,,,312.9198
 30/6/2015 5:15:56 PM,,,,,294.1553,,,313.1505
 30/6/2015 5:15:57 PM,,,,,294.0272,,,313.1505
 30/6/2015 5:15:58 PM,,,,,294.0272,,,313.1505
 30/6/2015 5:15:59 PM,,,,,294.0272,,,313.1505
 30/6/2015 5:16:00 PM,,,,,294.0272,,,313.1505
 30/6/2015 5:16:01 PM,,,,,293.9503,,,313.1505
 30/6/2015 5:16:02 PM,,,,,293.8477,,,313.1505
 30/6/2015 5:16:03 PM,,,,,293.8477,,,313.1505
 30/6/2015 5:16:04 PM,,,,,293.8477,,,313.1505
 30/6/2015 5:16:05 PM,,,,,293.8477,,,313.1505
 30/6/2015 5:16:06 PM,,,,,293.7964,,,313.1505
 30/6/2015 5:16:07 PM,,,,,293.6939,,,312.8941
 30/6/2015 5:16:08 PM,,,,,293.6939,,,312.8941
 30/6/2015 5:16:09 PM,,,,,293.6939,,,312.8941
 30/6/2015 5:16:10 PM,,,,,293.6939,,,312.8941
 30/6/2015 5:16:11 PM,,,,,293.6939,,,312.8941
 30/6/2015 5:16:12 PM,,,,,293.6939,,,312.8941
 30/6/2015 5:16:13 PM,,,,,293.6939,,,312.8941
 30/6/2015 5:16:14 PM,,,,,293.6939,,,312.8941
 30/6/2015 5:16:15 PM,,,,,293.6939,,,312.8941
 30/6/2015 5:16:16 PM,,,,,293.6939,,,312.8941
 30/6/2015 5:16:17 PM,,,,,293.6939,,,312.8941
 30/6/2015 5:16:18 PM,,,,,293.6939,,,312.8941
 30/6/2015 5:16:19 PM,,,,,293.5145,,,312.8941
 30/6/2015 5:16:20 PM,,,,,293.3351,,,312.8941
 30/6/2015 5:16:21 PM,,,,,293.3351,,,312.8685
 30/6/2015 5:16:22 PM,,,,,293.3351,,,312.8685
 30/6/2015 5:16:23 PM,,,,,293.5914,,,312.8685
 30/6/2015 5:16:24 PM,,,,,293.5914,,,312.8685
 30/6/2015 5:16:25 PM,,,,,293.5401,,,312.8685
 30/6/2015 5:16:26 PM,,,,,293.2838,,,312.8685
 30/6/2015 5:16:27 PM,,,,,293.2838,,,312.8685
 30/6/2015 5:16:28 PM,,,,,293.2838,,,312.8685
 30/6/2015 5:16:29 PM,,,,,293.2838,,,312.8685
 30/6/2015 5:16:30 PM,,,,,293.1556,,,312.8685
 30/6/2015 5:16:31 PM,,,,,293.1556,,,312.8685
 30/6/2015 5:16:32 PM,,,,,293.1556,,,312.9967
 30/6/2015 5:16:33 PM,,,,,293.1556,,,312.9967
 30/6/2015 5:16:34 PM,,,,,293.0787,,,312.9967
 30/6/2015 5:16:35 PM,,,,,292.9249,,,312.9967
 30/6/2015 5:16:36 PM,,,,,292.9249,,,312.9967
 30/6/2015 5:16:37 PM,,,,,292.9249,,,313.2018
 30/6/2015 5:16:38 PM,,,,,292.9249,,,313.2018
 30/6/2015 5:16:39 PM,,,,,292.9249,,,313.2018
 30/6/2015 5:16:40 PM,,,,,292.8224,,,313.2018
 30/6/2015 5:16:41 PM,,,,,292.8224,,,313.2018
 30/6/2015 5:16:42 PM,,,,,292.8224,,,313.2018
 30/6/2015 5:16:43 PM,,,,,292.5147,,,313.3299
 30/6/2015 5:16:44 PM,,,,,292.5147,,,313.3299
 30/6/2015 5:16:45 PM,,,,,292.5147,,,313.4068
 30/6/2015 5:16:46 PM,,,,,292.5147,,,313.4068
 30/6/2015 5:16:47 PM,,,,,292.6429,,,313.4068
 30/6/2015 5:16:48 PM,,,,,292.6429,,,313.4068
 30/6/2015 5:16:49 PM,,,,,292.6429,,,313.4068
 30/6/2015 5:16:50 PM,,,,,292.6429,,,313.4068
 30/6/2015 5:16:51 PM,,,,,292.6429,,,313.4068
 30/6/2015 5:16:52 PM,,,,,292.6429,,,313.4068
 30/6/2015 5:16:53 PM,,,,,292.6429,,,313.4068
 30/6/2015 5:16:54 PM,,,,,292.6429,,,313.2787
 30/6/2015 5:16:55 PM,,,,,292.6429,,,313.1505
 30/6/2015 5:16:56 PM,,,,,292.6429,,,313.1505
 30/6/2015 5:16:57 PM,,,,,292.6429,,,313.1505
 30/6/2015 5:16:58 PM,,,,,292.6429,,,313.1505
 30/6/2015 5:16:59 PM,,,,,292.6429,,,313.1505
 30/6/2015 5:17:00 PM,,,,,292.6429,,,313.1505
 30/6/2015 5:17:01 PM,,,,,292.6429,,,313.1505
 30/6/2015 5:17:02 PM,,,,,292.3866,,,313.1505
 30/6/2015 5:17:03 PM,,,,,292.3866,,,313.0736
 30/6/2015 5:17:04 PM,,,,,292.3866,,,313.0736
 30/6/2015 5:17:05 PM,,,,,292.3866,,,313.0736
 30/6/2015 5:17:06 PM,,,,,292.2071,,,313.0736
 30/6/2015 5:17:07 PM,,,,,292.1559,,,313.0736
 30/6/2015 5:17:08 PM,,,,,292.1559,,,313.0736
 30/6/2015 5:17:09 PM,,,,,292.1559,,,313.0736
 30/6/2015 5:17:10 PM,,,,,292.1559,,,313.1505
 30/6/2015 5:17:11 PM,,,,,292.1559,,,313.4068
 30/6/2015 5:17:12 PM,,,,,292.1559,,,313.4325
 30/6/2015 5:17:13 PM,,,,,292.0533,,,313.4325
 30/6/2015 5:17:14 PM,,,,,292.0533,,,313.4325
 30/6/2015 5:17:15 PM,,,,,292.0533,,,313.4325
 30/6/2015 5:17:16 PM,,,,,292.0533,,,313.4325
 30/6/2015 5:17:17 PM,,,,,292.0533,,,313.4325
 30/6/2015 5:17:18 PM,,,,,292.0533,,,313.4325
 30/6/2015 5:17:19 PM,,,,,291.9251,,,313.4325
 30/6/2015 5:17:20 PM,,,,,291.9251,,,313.4325
 30/6/2015 5:17:21 PM,,,,,291.9251,,,313.4325
 30/6/2015 5:17:22 PM,,,,,291.8995,,,313.4325
 30/6/2015 5:17:23 PM,,,,,291.8995,,,313.5606
 30/6/2015 5:17:24 PM,,,,,291.8995,,,313.5606
 30/6/2015 5:17:25 PM,,,,,291.8995,,,313.5606
 30/6/2015 5:17:26 PM,,,,,291.8995,,,313.5606
 30/6/2015 5:17:27 PM,,,,,291.8995,,,313.5606
 30/6/2015 5:17:28 PM,,,,,291.8995,,,313.5606
 30/6/2015 5:17:29 PM,,,,,291.8995,,,313.5606
 30/6/2015 5:17:30 PM,,,,,291.8995,,,313.5606
 30/6/2015 5:17:31 PM,,,,,291.8995,,,313.5606
 30/6/2015 5:17:32 PM,,,,,291.8995,,,313.5606
 30/6/2015 5:17:33 PM,,,,,291.8995,,,313.5606
 30/6/2015 5:17:34 PM,,,,,291.8995,,,313.5606
 30/6/2015 5:17:35 PM,,,,,291.8995,,,313.5606
 30/6/2015 5:17:36 PM,,,,,291.8995,,,313.5606
 30/6/2015 5:17:37 PM,,,,,291.8995,,,313.5606
 30/6/2015 5:17:38 PM,,,,,291.8995,,,313.5606
 30/6/2015 5:17:39 PM,,,,,291.8995,,,313.5606
 30/6/2015 5:17:40 PM,,,,,291.8995,,,313.5606
 30/6/2015 5:17:41 PM,,,,,291.8995,,,313.4068
 30/6/2015 5:17:42 PM,,,,,291.8995,,,313.4068
 30/6/2015 5:17:43 PM,,,,,291.8995,,,313.3043
 30/6/2015 5:17:44 PM,,,,,291.8995,,,313.3043
 30/6/2015 5:17:45 PM,,,,,291.8995,,,313.3043
 30/6/2015 5:17:46 PM,,,,,291.7713,,,313.3043
 30/6/2015 5:17:47 PM,,,,,291.6175,,,313.1505
 30/6/2015 5:17:48 PM,,,,,291.6175,,,313.0223
 30/6/2015 5:17:49 PM,,,,,291.6175,,,313.0223
 30/6/2015 5:17:50 PM,,,,,291.6175,,,313.0223
 30/6/2015 5:17:51 PM,,,,,291.6175,,,313.0223
 30/6/2015 5:17:52 PM,,,,,291.6175,,,313.0223
 30/6/2015 5:17:53 PM,,,,,291.797,,,313.0223
 30/6/2015 5:17:54 PM,,,,,291.797,,,313.0223
 30/6/2015 5:17:55 PM,,,,,291.797,,,313.0223
 30/6/2015 5:17:56 PM,,,,,291.797,,,313.0223
 30/6/2015 5:17:57 PM,,,,,291.797,,,312.9198
 30/6/2015 5:17:58 PM,,,,,291.797,,,312.9198
 30/6/2015 5:17:59 PM,,,,,291.797,,,312.9198
 30/6/2015 5:18:00 PM,,,,,291.797,,,312.9198
 30/6/2015 5:18:01 PM,,,,,291.797,,,312.9198
 30/6/2015 5:18:02 PM,,,,,291.797,,,312.9198
 30/6/2015 5:18:03 PM,,,,,291.797,,,312.9198
 30/6/2015 5:18:04 PM,,,,,291.797,,,312.9198
 30/6/2015 5:18:05 PM,,,,,291.797,,,312.9198
 30/6/2015 5:18:06 PM,,,,,291.797,,,312.9198
 30/6/2015 5:18:07 PM,,,,,291.7713,,,312.9198
 30/6/2015 5:18:08 PM,,,,,291.6175,,,312.9198
 30/6/2015 5:18:09 PM,,,,,291.6175,,,312.9198
 30/6/2015 5:18:10 PM,,,,,291.6175,,,312.9198
 30/6/2015 5:18:11 PM,,,,,291.6175,,,312.9198
 30/6/2015 5:18:12 PM,,,,,291.6175,,,312.9198
 30/6/2015 5:18:13 PM,,,,,291.6175,,,312.9198
 30/6/2015 5:18:14 PM,,,,,291.6175,,,312.7916
 30/6/2015 5:18:15 PM,,,,,291.5406,,,312.7916
 30/6/2015 5:18:16 PM,,,,,291.5406,,,312.7403
 30/6/2015 5:18:17 PM,,,,,291.5406,,,312.7403
 30/6/2015 5:18:18 PM,,,,,291.5406,,,312.7403
 30/6/2015 5:18:19 PM,,,,,291.4893,,,312.4327
 30/6/2015 5:18:20 PM,,,,,291.4893,,,312.4071
 30/6/2015 5:18:21 PM,,,,,291.4893,,,312.4071
 30/6/2015 5:18:22 PM,,,,,291.4893,,,312.4071
 30/6/2015 5:18:23 PM,,,,,291.4893,,,312.4071
 30/6/2015 5:18:24 PM,,,,,291.4893,,,312.4071
 30/6/2015 5:18:25 PM,,,,,291.4893,,,312.2276
 30/6/2015 5:18:26 PM,,,,,291.4893,,,312.2276
 30/6/2015 5:18:27 PM,,,,,291.4893,,,312.2276
 30/6/2015 5:18:28 PM,,,,,291.5663,,,311.9713
 30/6/2015 5:18:29 PM,,,,,291.5663,,,311.9713
 30/6/2015 5:18:30 PM,,,,,291.6432,,,311.9713
 30/6/2015 5:18:31 PM,,,,,291.6432,,,311.9713
 30/6/2015 5:18:32 PM,,,,,291.6432,,,311.9713
 30/6/2015 5:18:33 PM,,,,,291.6432,,,311.9713
 30/6/2015 5:18:34 PM,,,,,291.6432,,,311.9713
 30/6/2015 5:18:35 PM,,,,,291.6432,,,311.9713
 30/6/2015 5:18:36 PM,,,,,291.6432,,,311.9713
 30/6/2015 5:18:37 PM,,,,,291.6432,,,311.7662
 30/6/2015 5:18:38 PM,,,,,291.6432,,,311.7662
 30/6/2015 5:18:39 PM,,,,,291.6432,,,311.7662
 30/6/2015 5:18:40 PM,,,,,291.6432,,,311.7662
 30/6/2015 5:18:41 PM,,,,,291.6432,,,311.7662
 30/6/2015 5:18:42 PM,,,,,291.6432,,,311.7662
 30/6/2015 5:18:43 PM,,,,,291.6432,,,311.7662
 30/6/2015 5:18:44 PM,,,,,291.6432,,,311.7662
 30/6/2015 5:18:45 PM,,,,,291.6432,,,311.92
 30/6/2015 5:18:46 PM,,,,,291.6432,,,311.92
 30/6/2015 5:18:47 PM,,,,,291.6432,,,312.0482
 30/6/2015 5:18:48 PM,,,,,291.6432,,,312.1507
 30/6/2015 5:18:49 PM,,,,,291.6432,,,312.1507
 30/6/2015 5:18:50 PM,,,,,291.6432,,,312.2276
 30/6/2015 5:18:51 PM,,,,,291.6432,,,312.2276
 30/6/2015 5:18:52 PM,,,,,291.6432,,,312.2276
 30/6/2015 5:18:53 PM,,,,,291.6432,,,312.2276
 30/6/2015 5:18:54 PM,,,,,291.6432,,,312.2276
 30/6/2015 5:18:55 PM,,,,,291.5663,,,312.4071
 30/6/2015 5:18:56 PM,,,,,291.5663,,,312.4327
 30/6/2015 5:18:57 PM,,,,,291.5663,,,312.4327
 30/6/2015 5:18:58 PM,,,,,291.5663,,,312.4327
 30/6/2015 5:18:59 PM,,,,,291.5663,,,312.4327
 30/6/2015 5:19:00 PM,,,,,291.5663,,,312.4071
 30/6/2015 5:19:01 PM,,,,,291.5663,,,312.2789
 30/6/2015 5:19:02 PM,,,,,291.5663,,,312.2789
 30/6/2015 5:19:03 PM,,,,,291.5663,,,312.2789
 30/6/2015 5:19:04 PM,,,,,291.5663,,,312.2789
 30/6/2015 5:19:05 PM,,,,,291.5663,,,311.9969
 30/6/2015 5:19:06 PM,,,,,291.5663,,,311.9969
 30/6/2015 5:19:07 PM,,,,,291.5663,,,311.7406
 30/6/2015 5:19:08 PM,,,,,291.5663,,,311.7406
 30/6/2015 5:19:09 PM,,,,,291.5663,,,311.7406
 30/6/2015 5:19:10 PM,,,,,291.5663,,,311.7406
 30/6/2015 5:19:11 PM,,,,,291.5663,,,311.7406
 30/6/2015 5:19:12 PM,,,,,291.5663,,,311.5868
 30/6/2015 5:19:13 PM,,,,,291.5663,,,311.5868
 30/6/2015 5:19:14 PM,,,,,291.5663,,,311.5868
 30/6/2015 5:19:15 PM,,,,,291.3868,,,311.5868
 30/6/2015 5:19:16 PM,,,,,291.3868,,,311.5868
 30/6/2015 5:19:17 PM,,,,,291.3868,,,311.4842
 30/6/2015 5:19:18 PM,,,,,291.3868,,,311.356
 30/6/2015 5:19:19 PM,,,,,291.3868,,,311.2023
 30/6/2015 5:19:20 PM,,,,,291.3868,,,311.2023
 30/6/2015 5:19:21 PM,,,,,291.3868,,,311.2023
 30/6/2015 5:19:22 PM,,,,,291.3868,,,311.2023
 30/6/2015 5:19:23 PM,,,,,291.3868,,,311.2023
 30/6/2015 5:19:24 PM,,,,,291.5406,,,311.2023
 30/6/2015 5:19:25 PM,,,,,291.5406,,,310.8434
 30/6/2015 5:19:26 PM,,,,,291.5406,,,310.8434
 30/6/2015 5:19:27 PM,,,,,291.5406,,,310.8434
 30/6/2015 5:19:28 PM,,,,,291.5406,,,310.8434
 30/6/2015 5:19:29 PM,,,,,291.5406,,,310.8434
 30/6/2015 5:19:30 PM,,,,,291.5406,,,310.8434
 30/6/2015 5:19:31 PM,,,,,291.7457,,,310.8434
 30/6/2015 5:19:32 PM,,,,,291.7457,,,310.5101
 30/6/2015 5:19:33 PM,,,,,291.7457,,,310.5101
 30/6/2015 5:19:34 PM,,,,,291.7457,,,310.5101
 30/6/2015 5:19:35 PM,,,,,291.7457,,,310.5101
 30/6/2015 5:19:36 PM,,,,,291.7457,,,310.5101
 30/6/2015 5:19:37 PM,,,,,291.7457,,,310.5101
 30/6/2015 5:19:38 PM,,,,,291.7457,,,310.5101
 30/6/2015 5:19:39 PM,,,,,291.7457,,,310.4332
 30/6/2015 5:19:40 PM,,,,,291.7457,,,310.3307
 30/6/2015 5:19:41 PM,,,,,291.7457,,,310.3307
 30/6/2015 5:19:42 PM,,,,,291.797,,,310.3307
 30/6/2015 5:19:43 PM,,,,,292.0277,,,310.3307
 30/6/2015 5:19:44 PM,,,,,292.0277,,,310.3307
 30/6/2015 5:19:45 PM,,,,,292.1815,,,310.3307
 30/6/2015 5:19:46 PM,,,,,292.284,,,310.3307
 30/6/2015 5:19:47 PM,,,,,292.3866,,,310.3307
 30/6/2015 5:19:48 PM,,,,,292.5147,,,310.3307
 30/6/2015 5:19:49 PM,,,,,292.5147,,,310.3307
 30/6/2015 5:19:50 PM,,,,,292.5147,,,310.3307
 30/6/2015 5:19:51 PM,,,,,292.5147,,,310.3307
 30/6/2015 5:19:52 PM,,,,,292.5147,,,310.3307
 30/6/2015 5:19:53 PM,,,,,292.848,,,310.1769
 30/6/2015 5:19:54 PM,,,,,292.848,,,310.1
 30/6/2015 5:19:55 PM,,,,,292.848,,,309.8436
 30/6/2015 5:19:56 PM,,,,,292.848,,,309.8436
 30/6/2015 5:19:57 PM,,,,,292.848,,,309.8436
 30/6/2015 5:19:58 PM,,,,,293.1556,,,309.8436
 30/6/2015 5:19:59 PM,,,,,293.1556,,,309.8436
 30/6/2015 5:20:00 PM,,,,,293.1556,,,309.8436
 30/6/2015 5:20:01 PM,,,,,293.1556,,,309.8436
 30/6/2015 5:20:02 PM,,,,,293.1556,,,309.5873
 30/6/2015 5:20:03 PM,,,,,293.2069,,,309.5873
 30/6/2015 5:20:04 PM,,,,,293.5401,,,309.3566
 30/6/2015 5:20:05 PM,,,,,293.5401,,,309.3566
 30/6/2015 5:20:06 PM,,,,,293.5401,,,309.3566
 30/6/2015 5:20:07 PM,,,,,293.5401,,,309.3566
 30/6/2015 5:20:08 PM,,,,,293.8221,,,309.3566
 30/6/2015 5:20:09 PM,,,,,293.8221,,,309.3566
 30/6/2015 5:20:10 PM,,,,,293.9503,,,309.2797
 30/6/2015 5:20:11 PM,,,,,294.0784,,,309.2797
 30/6/2015 5:20:12 PM,,,,,294.3091,,,308.972
 30/6/2015 5:20:13 PM,,,,,294.5399,,,308.972
 30/6/2015 5:20:14 PM,,,,,294.5399,,,308.972
 30/6/2015 5:20:15 PM,,,,,294.5399,,,308.972
 30/6/2015 5:20:16 PM,,,,,294.7449,,,308.972
 30/6/2015 5:20:17 PM,,,,,294.95,,,308.972
 30/6/2015 5:20:18 PM,,,,,295.0013,,,308.972
 30/6/2015 5:20:19 PM,,,,,295.0013,,,308.972
 30/6/2015 5:20:20 PM,,,,,295.1295,,,308.972
 30/6/2015 5:20:21 PM,,,,,295.1295,,,308.972
 30/6/2015 5:20:22 PM,,,,,295.1295,,,308.972
 30/6/2015 5:20:23 PM,,,,,295.3089,,,308.972
 30/6/2015 5:20:24 PM,,,,,295.3089,,,308.767
 30/6/2015 5:20:25 PM,,,,,295.3089,,,308.767
 30/6/2015 5:20:26 PM,,,,,295.3089,,,308.767
 30/6/2015 5:20:27 PM,,,,,295.3089,,,308.767
 30/6/2015 5:20:28 PM,,,,,295.3089,,,308.767
 30/6/2015 5:20:29 PM,,,,,295.3089,,,308.767
 30/6/2015 5:20:30 PM,,,,,295.1807,,,308.767
 30/6/2015 5:20:31 PM,,,,,295.1807,,,308.767
 30/6/2015 5:20:32 PM,,,,,295.1807,,,308.767
 30/6/2015 5:20:33 PM,,,,,295.1807,,,308.767
 30/6/2015 5:20:34 PM,,,,,295.1807,,,308.767
 30/6/2015 5:20:35 PM,,,,,295.1807,,,308.767
 30/6/2015 5:20:36 PM,,,,,295.1807,,,308.767
 30/6/2015 5:20:37 PM,,,,,295.1807,,,308.767
 30/6/2015 5:20:38 PM,,,,,295.1807,,,308.767
 30/6/2015 5:20:39 PM,,,,,295.4627,,,308.767
 30/6/2015 5:20:40 PM,,,,,295.4627,,,308.767
 30/6/2015 5:20:41 PM,,,,,295.4627,,,308.767
 30/6/2015 5:20:42 PM,,,,,295.6165,,,308.767
 30/6/2015 5:20:43 PM,,,,,295.6165,,,308.5876
 30/6/2015 5:20:44 PM,,,,,295.9754,,,308.5876
 30/6/2015 5:20:45 PM,,,,,296.2318,,,308.5876
 30/6/2015 5:20:46 PM,,,,,296.3855,,,308.5876
 30/6/2015 5:20:47 PM,,,,,296.5906,,,308.5876
 30/6/2015 5:20:48 PM,,,,,296.6419,,,308.2543
 30/6/2015 5:20:49 PM,,,,,296.8726,,,308.2543
 30/6/2015 5:20:50 PM,,,,,296.9751,,,308.2543
 30/6/2015 5:20:51 PM,,,,,297.1802,,,308.2543
 30/6/2015 5:20:52 PM,,,,,297.2315,,,308.1518
 30/6/2015 5:20:53 PM,,,,,297.3084,,,307.8698
 30/6/2015 5:20:54 PM,,,,,297.3084,,,307.8698
 30/6/2015 5:20:55 PM,,,,,297.4366,,,307.8698
 30/6/2015 5:20:56 PM,,,,,297.4878,,,307.8698
 30/6/2015 5:20:57 PM,,,,,297.7954,,,307.8698
 30/6/2015 5:20:58 PM,,,,,297.8723,,,307.8698
 30/6/2015 5:20:59 PM,,,,,297.8723,,,307.5109
 30/6/2015 5:21:00 PM,,,,,297.8723,,,307.434
 30/6/2015 5:21:01 PM,,,,,297.9236,,,307.4853
 30/6/2015 5:21:02 PM,,,,,297.9236,,,307.5365
 30/6/2015 5:21:03 PM,,,,,297.9236,,,307.5365
 30/6/2015 5:21:04 PM,,,,,298.0774,,,307.5365
 30/6/2015 5:21:05 PM,,,,,298.0774,,,307.5365
 30/6/2015 5:21:06 PM,,,,,298.0774,,,307.5365
 30/6/2015 5:21:07 PM,,,,,298.0774,,,307.5365
 30/6/2015 5:21:08 PM,,,,,298.0774,,,307.5365
 30/6/2015 5:21:09 PM,,,,,298.0774,,,307.5365
 30/6/2015 5:21:10 PM,,,,,298.4619,,,307.5365
 30/6/2015 5:21:11 PM,,,,,298.4619,,,307.5365
 30/6/2015 5:21:12 PM,,,,,298.4619,,,307.3827
 30/6/2015 5:21:13 PM,,,,,298.4619,,,307.2802
 30/6/2015 5:21:14 PM,,,,,298.4619,,,307.2802
 30/6/2015 5:21:15 PM,,,,,298.6927,,,307.2802
 30/6/2015 5:21:16 PM,,,,,298.7183,,,307.2802
 30/6/2015 5:21:17 PM,,,,,298.7183,,,307.2802
 30/6/2015 5:21:18 PM,,,,,298.7183,,,307.2802
 30/6/2015 5:21:19 PM,,,,,299.0515,,,307.2802
 30/6/2015 5:21:20 PM,,,,,299.1028,,,307.2802
 30/6/2015 5:21:21 PM,,,,,299.1028,,,307.2545
 30/6/2015 5:21:22 PM,,,,,299.1028,,,307.1776
 30/6/2015 5:21:23 PM,,,,,299.1028,,,307.1776
 30/6/2015 5:21:24 PM,,,,,299.1028,,,307.1776
 30/6/2015 5:21:25 PM,,,,,299.1028,,,307.1776
 30/6/2015 5:21:26 PM,,,,,299.1028,,,307.1776
 30/6/2015 5:21:27 PM,,,,,299.1028,,,307.1776
 30/6/2015 5:21:28 PM,,,,,299.1028,,,307.1007
 30/6/2015 5:21:29 PM,,,,,299.1028,,,307.1007
 30/6/2015 5:21:30 PM,,,,,299.1028,,,307.1007
 30/6/2015 5:21:31 PM,,,,,299.1028,,,307.1007
 30/6/2015 5:21:32 PM,,,,,299.1028,,,307.1007
 30/6/2015 5:21:33 PM,,,,,299.1028,,,307.1007
 30/6/2015 5:21:34 PM,,,,,299.1028,,,306.9213
 30/6/2015 5:21:35 PM,,,,,299.1028,,,306.9213
 30/6/2015 5:21:36 PM,,,,,299.1028,,,306.9213
 30/6/2015 5:21:37 PM,,,,,299.1797,,,306.9213
 30/6/2015 5:21:38 PM,,,,,299.2053,,,306.9213
 30/6/2015 5:21:39 PM,,,,,299.4617,,,306.7931
 30/6/2015 5:21:40 PM,,,,,299.4617,,,306.7931
 30/6/2015 5:21:41 PM,,,,,299.4617,,,306.7931
 30/6/2015 5:21:42 PM,,,,,299.4617,,,306.7162
 30/6/2015 5:21:43 PM,,,,,299.4617,,,306.7162
 30/6/2015 5:21:44 PM,,,,,299.4617,,,306.7162
 30/6/2015 5:21:45 PM,,,,,299.4617,,,306.588
 30/6/2015 5:21:46 PM,,,,,299.4617,,,306.588
 30/6/2015 5:21:47 PM,,,,,299.4617,,,306.588
 30/6/2015 5:21:48 PM,,,,,299.4617,,,306.4855
 30/6/2015 5:21:49 PM,,,,,299.4617,,,306.4855
 30/6/2015 5:21:50 PM,,,,,299.4617,,,306.4855
 30/6/2015 5:21:51 PM,,,,,299.4617,,,306.2036
 30/6/2015 5:21:52 PM,,,,,299.4617,,,306.2036
 30/6/2015 5:21:53 PM,,,,,299.4617,,,306.2036
 30/6/2015 5:21:54 PM,,,,,298.9746,,,306.2036
 30/6/2015 5:21:55 PM,,,,,298.9746,,,306.2036
 30/6/2015 5:21:56 PM,,,,,298.9746,,,306.2036
 30/6/2015 5:21:57 PM,,,,,298.9746,,,306.2036
 30/6/2015 5:21:58 PM,,,,,298.9746,,,306.1266
 30/6/2015 5:21:59 PM,,,,,298.9746,,,306.1266
 30/6/2015 5:22:00 PM,,,,,298.9746,,,305.8703
 30/6/2015 5:22:01 PM,,,,,298.9746,,,305.8703
 30/6/2015 5:22:02 PM,,,,,298.5645,,,305.8703
 30/6/2015 5:22:03 PM,,,,,298.5645,,,305.8703
 30/6/2015 5:22:04 PM,,,,,298.5645,,,305.8703
 30/6/2015 5:22:05 PM,,,,,298.5645,,,305.8703
 30/6/2015 5:22:06 PM,,,,,298.7695,,,306.101
 30/6/2015 5:22:07 PM,,,,,298.7695,,,306.101
 30/6/2015 5:22:08 PM,,,,,298.9746,,,306.101
 30/6/2015 5:22:09 PM,,,,,298.9746,,,306.101
 30/6/2015 5:22:10 PM,,,,,298.9746,,,306.101
 30/6/2015 5:22:11 PM,,,,,299.3079,,,306.101
 30/6/2015 5:22:12 PM,,,,,299.3079,,,306.101
 30/6/2015 5:22:13 PM,,,,,299.3591,,,306.101
 30/6/2015 5:22:14 PM,,,,,299.5642,,,306.101
 30/6/2015 5:22:15 PM,,,,,299.5642,,,306.101
 30/6/2015 5:22:16 PM,,,,,299.7437,,,306.101
 30/6/2015 5:22:17 PM,,,,,299.8462,,,306.101
 30/6/2015 5:22:18 PM,,,,,299.8462,,,305.9472
 30/6/2015 5:22:19 PM,,,,,299.8462,,,305.9472
 30/6/2015 5:22:20 PM,,,,,300.1794,,,305.9472
 30/6/2015 5:22:21 PM,,,,,300.1794,,,305.7421
 30/6/2015 5:22:22 PM,,,,,300.1794,,,305.7421
 30/6/2015 5:22:23 PM,,,,,300.1794,,,305.7421
 30/6/2015 5:22:24 PM,,,,,300.1794,,,305.7421
 30/6/2015 5:22:25 PM,,,,,300.4358,,,305.7421
 30/6/2015 5:22:26 PM,,,,,300.4358,,,305.7421
 30/6/2015 5:22:27 PM,,,,,300.4358,,,305.7421
 30/6/2015 5:22:28 PM,,,,,300.4358,,,305.614
 30/6/2015 5:22:29 PM,,,,,300.4358,,,305.5114
 30/6/2015 5:22:30 PM,,,,,300.4358,,,305.3832
 30/6/2015 5:22:31 PM,,,,,300.2051,,,305.3063
 30/6/2015 5:22:32 PM,,,,,300.2051,,,305.3063
 30/6/2015 5:22:33 PM,,,,,300.1794,,,305.3063
 30/6/2015 5:22:34 PM,,,,,300.1794,,,305.3063
 30/6/2015 5:22:35 PM,,,,,300.1794,,,305.3063
 30/6/2015 5:22:36 PM,,,,,300.1794,,,305.3063
 30/6/2015 5:22:37 PM,,,,,300.1794,,,305.3063
 30/6/2015 5:22:38 PM,,,,,300.4614,,,305.3063
 30/6/2015 5:22:39 PM,,,,,300.4614,,,304.9731
 30/6/2015 5:22:40 PM,,,,,300.6921,,,304.9731
 30/6/2015 5:22:41 PM,,,,,300.6921,,,304.9731
 30/6/2015 5:22:42 PM,,,,,300.6921,,,304.9731
 30/6/2015 5:22:43 PM,,,,,300.6921,,,304.9731
 30/6/2015 5:22:44 PM,,,,,300.6921,,,304.9731
 30/6/2015 5:22:45 PM,,,,,300.6921,,,304.9731
 30/6/2015 5:22:46 PM,,,,,300.6921,,,304.9731
 30/6/2015 5:22:47 PM,,,,,300.6921,,,304.9731
 30/6/2015 5:22:48 PM,,,,,300.6921,,,305.05
 30/6/2015 5:22:49 PM,,,,,300.6921,,,305.1269
 30/6/2015 5:22:50 PM,,,,,300.4358,,,305.1269
 30/6/2015 5:22:51 PM,,,,,300.4358,,,305.1269
 30/6/2015 5:22:52 PM,,,,,300.4358,,,305.1269
 30/6/2015 5:22:53 PM,,,,,300.4358,,,305.1269
 30/6/2015 5:22:54 PM,,,,,300.4358,,,305.1269
 30/6/2015 5:22:55 PM,,,,,300.4358,,,305.1269
 30/6/2015 5:22:56 PM,,,,,300.4358,,,305.1013
 30/6/2015 5:22:57 PM,,,,,300.4358,,,305.0756
 30/6/2015 5:22:58 PM,,,,,300.4358,,,305.0756
 30/6/2015 5:22:59 PM,,,,,300.4358,,,305.0756
 30/6/2015 5:23:00 PM,,,,,300.4358,,,305.0756
 30/6/2015 5:23:01 PM,,,,,300.4358,,,305.0756
 30/6/2015 5:23:02 PM,,,,,300.4358,,,305.0756
 30/6/2015 5:23:03 PM,,,,,300.4358,,,305.0756
 30/6/2015 5:23:04 PM,,,,,300.5896,,,305.0756
 30/6/2015 5:23:05 PM,,,,,300.5896,,,305.0756
 30/6/2015 5:23:06 PM,,,,,300.5896,,,305.0756
 30/6/2015 5:23:07 PM,,,,,300.5896,,,305.0756
 30/6/2015 5:23:08 PM,,,,,300.5896,,,305.0756
 30/6/2015 5:23:09 PM,,,,,300.5896,,,305.0756
 30/6/2015 5:23:10 PM,,,,,300.5896,,,305.05
 30/6/2015 5:23:11 PM,,,,,300.5896,,,304.8705
 30/6/2015 5:23:12 PM,,,,,300.5127,,,304.8705
 30/6/2015 5:23:13 PM,,,,,300.5127,,,304.8705
 30/6/2015 5:23:14 PM,,,,,300.2563,,,304.7424
 30/6/2015 5:23:15 PM,,,,,300.2563,,,304.7424
 30/6/2015 5:23:16 PM,,,,,300.2563,,,304.7424
 30/6/2015 5:23:17 PM,,,,,300.2563,,,304.7424
 30/6/2015 5:23:18 PM,,,,,300.2563,,,304.7424
 30/6/2015 5:23:19 PM,,,,,300.2563,,,304.7424
 30/6/2015 5:23:20 PM,,,,,300.2563,,,304.7424
 30/6/2015 5:23:21 PM,,,,,300.2563,,,304.7424
 30/6/2015 5:23:22 PM,,,,,300.2563,,,304.7424
 30/6/2015 5:23:23 PM,,,,,300.2563,,,304.7424
 30/6/2015 5:23:24 PM,,,,,300.2307,,,304.7424
 30/6/2015 5:23:25 PM,,,,,300.2307,,,304.5886
 30/6/2015 5:23:26 PM,,,,,300.2307,,,304.4091
 30/6/2015 5:23:27 PM,,,,,300.2307,,,304.4091
 30/6/2015 5:23:28 PM,,,,,300.2307,,,304.4091
 30/6/2015 5:23:29 PM,,,,,300.2307,,,304.4091
 30/6/2015 5:23:30 PM,,,,,300.2307,,,304.4091
 30/6/2015 5:23:31 PM,,,,,300.3076,,,304.4091
 30/6/2015 5:23:32 PM,,,,,300.3845,,,304.4091
 30/6/2015 5:23:33 PM,,,,,300.4614,,,304.4091
 30/6/2015 5:23:34 PM,,,,,300.4614,,,304.4091
 30/6/2015 5:23:35 PM,,,,,300.4614,,,304.1015
 30/6/2015 5:23:36 PM,,,,,300.4614,,,304.1015
 30/6/2015 5:23:37 PM,,,,,300.4614,,,304.1015
 30/6/2015 5:23:38 PM,,,,,300.4614,,,304.1015
 30/6/2015 5:23:39 PM,,,,,300.4614,,,304.1015
 30/6/2015 5:23:40 PM,,,,,300.4614,,,304.1015
 30/6/2015 5:23:41 PM,,,,,300.4614,,,304.1015
 30/6/2015 5:23:42 PM,,,,,300.5127,,,304.1015
 30/6/2015 5:23:43 PM,,,,,300.7178,,,304.1015
 30/6/2015 5:23:44 PM,,,,,300.7178,,,304.1015
 30/6/2015 5:23:45 PM,,,,,300.7178,,,304.204
 30/6/2015 5:23:46 PM,,,,,300.7178,,,304.204
 30/6/2015 5:23:47 PM,,,,,300.7178,,,304.204
 30/6/2015 5:23:48 PM,,,,,300.7178,,,304.204
 30/6/2015 5:23:49 PM,,,,,300.7178,,,304.204
 30/6/2015 5:23:50 PM,,,,,300.7178,,,304.204
 30/6/2015 5:23:51 PM,,,,,300.9741,,,304.204
 30/6/2015 5:23:52 PM,,,,,300.9741,,,304.204
 30/6/2015 5:23:53 PM,,,,,300.9741,,,304.204
 30/6/2015 5:23:54 PM,,,,,300.9741,,,304.204
 30/6/2015 5:23:55 PM,,,,,300.9741,,,304.204
 30/6/2015 5:23:56 PM,,,,,300.9741,,,304.204
 30/6/2015 5:23:57 PM,,,,,300.9741,,,304.204
 30/6/2015 5:23:58 PM,,,,,300.8716,,,304.204
 30/6/2015 5:23:59 PM,,,,,300.769,,,304.204
 30/6/2015 5:24:00 PM,,,,,300.6152,,,304.204
 30/6/2015 5:24:01 PM,,,,,300.6152,,,304.204
 30/6/2015 5:24:02 PM,,,,,300.6152,,,304.204
 30/6/2015 5:24:03 PM,,,,,300.6152,,,304.204
 30/6/2015 5:24:04 PM,,,,,300.6152,,,304.204
 30/6/2015 5:24:05 PM,,,,,300.6152,,,304.204
 30/6/2015 5:24:06 PM,,,,,300.564,,,304.204
 30/6/2015 5:24:07 PM,,,,,300.4614,,,304.204
 30/6/2015 5:24:08 PM,,,,,300.4614,,,304.204
 30/6/2015 5:24:09 PM,,,,,300.4614,,,304.204
 30/6/2015 5:24:10 PM,,,,,300.4614,,,303.9733
 30/6/2015 5:24:11 PM,,,,,300.8459,,,303.9733
 30/6/2015 5:24:12 PM,,,,,300.8459,,,303.9733
 30/6/2015 5:24:13 PM,,,,,300.8459,,,303.9733
 30/6/2015 5:24:14 PM,,,,,300.8203,,,303.9733
 30/6/2015 5:24:15 PM,,,,,300.8203,,,303.9733
 30/6/2015 5:24:16 PM,,,,,300.8203,,,303.9477
 30/6/2015 5:24:17 PM,,,,,300.8203,,,303.9477
 30/6/2015 5:24:18 PM,,,,,300.8203,,,303.8195
 30/6/2015 5:24:19 PM,,,,,300.8203,,,303.8195
 30/6/2015 5:24:20 PM,,,,,300.8203,,,303.8195
 30/6/2015 5:24:21 PM,,,,,300.8203,,,303.8195
 30/6/2015 5:24:22 PM,,,,,300.8203,,,303.8195
 30/6/2015 5:24:23 PM,,,,,300.8203,,,303.8195
 30/6/2015 5:24:24 PM,,,,,300.8203,,,303.8195
 30/6/2015 5:24:25 PM,,,,,300.8203,,,303.5632
 30/6/2015 5:24:26 PM,,,,,300.8203,,,303.5632
 30/6/2015 5:24:27 PM,,,,,300.8203,,,303.5632
 30/6/2015 5:24:28 PM,,,,,300.8203,,,303.5632
 30/6/2015 5:24:29 PM,,,,,300.8203,,,303.5632
 30/6/2015 5:24:30 PM,,,,,300.8203,,,303.5632
 30/6/2015 5:24:31 PM,,,,,300.8203,,,303.5632
 30/6/2015 5:24:32 PM,,,,,300.564,,,303.5632
 30/6/2015 5:24:33 PM,,,,,300.564,,,303.5632
 30/6/2015 5:24:34 PM,,,,,300.564,,,303.5632
 30/6/2015 5:24:35 PM,,,,,300.6409,,,303.5632
 30/6/2015 5:24:36 PM,,,,,300.7434,,,303.5632
 30/6/2015 5:24:37 PM,,,,,300.7434,,,303.4607
 30/6/2015 5:24:38 PM,,,,,300.7434,,,303.4094
 30/6/2015 5:24:39 PM,,,,,300.7434,,,303.4094
 30/6/2015 5:24:40 PM,,,,,300.7434,,,303.3069
 30/6/2015 5:24:41 PM,,,,,300.7434,,,303.3069
 30/6/2015 5:24:42 PM,,,,,300.7434,,,303.3069
 30/6/2015 5:24:43 PM,,,,,300.7434,,,303.3069
 30/6/2015 5:24:44 PM,,,,,300.564,,,303.3069
 30/6/2015 5:24:45 PM,,,,,300.564,,,303.1787
 30/6/2015 5:24:46 PM,,,,,300.564,,,303.1787
 30/6/2015 5:24:47 PM,,,,,300.3076,,,303.1787
 30/6/2015 5:24:48 PM,,,,,300.3076,,,303.1787
 30/6/2015 5:24:49 PM,,,,,300.3076,,,303.1787
 30/6/2015 5:24:50 PM,,,,,300.3076,,,303.1787
 30/6/2015 5:24:51 PM,,,,,300.3076,,,303.0761
 30/6/2015 5:24:52 PM,,,,,300.1794,,,303.0249
 30/6/2015 5:24:53 PM,,,,,300.1794,,,303.0249
 30/6/2015 5:24:54 PM,,,,,300.1794,,,303.0249
 30/6/2015 5:24:55 PM,,,,,300.1794,,,303.0249
 30/6/2015 5:24:56 PM,,,,,300.1794,,,303.0249
 30/6/2015 5:24:57 PM,,,,,300.1794,,,303.0249
 30/6/2015 5:24:58 PM,,,,,300.3076,,,303.0249
 30/6/2015 5:24:59 PM,,,,,300.4358,,,303.0249
 30/6/2015 5:25:00 PM,,,,,300.564,,,303.0249
 30/6/2015 5:25:01 PM,,,,,300.7178,,,303.0249
 30/6/2015 5:25:02 PM,,,,,300.7178,,,303.0249
 30/6/2015 5:25:03 PM,,,,,300.7178,,,303.0761
 30/6/2015 5:25:04 PM,,,,,300.7178,,,303.153
 30/6/2015 5:25:05 PM,,,,,300.7178,,,303.153
 30/6/2015 5:25:06 PM,,,,,300.7178,,,303.153
 30/6/2015 5:25:07 PM,,,,,300.7178,,,303.153
 30/6/2015 5:25:08 PM,,,,,300.8716,,,303.153
 30/6/2015 5:25:09 PM,,,,,300.8716,,,303.153
 30/6/2015 5:25:10 PM,,,,,300.8716,,,303.0249
 30/6/2015 5:25:11 PM,,,,,300.8716,,,303.0249
 30/6/2015 5:25:12 PM,,,,,300.8716,,,303.0249
 30/6/2015 5:25:13 PM,,,,,300.8716,,,303.0249
 30/6/2015 5:25:14 PM,,,,,300.7178,,,303.0249
 30/6/2015 5:25:15 PM,,,,,300.6921,,,303.0249
 30/6/2015 5:25:16 PM,,,,,300.4871,,,303.0249
 30/6/2015 5:25:17 PM,,,,,300.4871,,,303.0249
 30/6/2015 5:25:18 PM,,,,,300.4871,,,303.0249
 30/6/2015 5:25:19 PM,,,,,300.4871,,,303.0249
 30/6/2015 5:25:20 PM,,,,,300.4871,,,303.0249
 30/6/2015 5:25:21 PM,,,,,300.4871,,,303.0249
 30/6/2015 5:25:22 PM,,,,,300.4871,,,303.0249
 30/6/2015 5:25:23 PM,,,,,300.4871,,,303.0249
 30/6/2015 5:25:24 PM,,,,,300.4871,,,303.0249
 30/6/2015 5:25:25 PM,,,,,300.4871,,,303.0249
 30/6/2015 5:25:26 PM,,,,,300.4871,,,303.0249
 30/6/2015 5:25:27 PM,,,,,300.4871,,,303.0249
 30/6/2015 5:25:28 PM,,,,,300.4871,,,303.0249
 30/6/2015 5:25:29 PM,,,,,300.4871,,,303.0249
 30/6/2015 5:25:30 PM,,,,,300.4871,,,303.0249
 30/6/2015 5:25:31 PM,,,,,300.7434,,,303.0249
 30/6/2015 5:25:32 PM,,,,,300.7434,,,302.6404
 30/6/2015 5:25:33 PM,,,,,300.7434,,,302.6404
 30/6/2015 5:25:34 PM,,,,,300.7434,,,302.6404
 30/6/2015 5:25:35 PM,,,,,300.7434,,,302.6404
 30/6/2015 5:25:36 PM,,,,,300.7434,,,302.7942
 30/6/2015 5:25:37 PM,,,,,300.7434,,,302.7942
 30/6/2015 5:25:38 PM,,,,,300.7434,,,302.7942
 30/6/2015 5:25:39 PM,,,,,300.564,,,302.7942
 30/6/2015 5:25:40 PM,,,,,300.4614,,,302.6404
 30/6/2015 5:25:41 PM,,,,,300.4358,,,302.6404
 30/6/2015 5:25:42 PM,,,,,300.1282,,,302.6404
 30/6/2015 5:25:43 PM,,,,,300.0769,,,302.4865
 30/6/2015 5:25:44 PM,,,,,300.0769,,,302.4865
 30/6/2015 5:25:45 PM,,,,,300.0769,,,302.4865
 30/6/2015 5:25:46 PM,,,,,300.0769,,,302.4865
 30/6/2015 5:25:47 PM,,,,,300.0769,,,302.4865
 30/6/2015 5:25:48 PM,,,,,300.0769,,,302.4865
 30/6/2015 5:25:49 PM,,,,,299.9744,,,302.4865
 30/6/2015 5:25:50 PM,,,,,299.9744,,,302.4865
 30/6/2015 5:25:51 PM,,,,,299.9744,,,302.4865
 30/6/2015 5:25:52 PM,,,,,299.9744,,,302.4865
 30/6/2015 5:25:53 PM,,,,,299.9744,,,302.4865
 30/6/2015 5:25:54 PM,,,,,299.9744,,,302.4865
 30/6/2015 5:25:55 PM,,,,,299.9744,,,302.4865
 30/6/2015 5:25:56 PM,,,,,299.9744,,,302.4865
 30/6/2015 5:25:57 PM,,,,,299.9744,,,302.4865
 30/6/2015 5:25:58 PM,,,,,299.9744,,,302.4865
 30/6/2015 5:25:59 PM,,,,,299.9744,,,302.4865
 30/6/2015 5:26:00 PM,,,,,299.9744,,,302.4865
 30/6/2015 5:26:01 PM,,,,,299.9744,,,302.4865
 30/6/2015 5:26:02 PM,,,,,299.9744,,,302.4865
 30/6/2015 5:26:03 PM,,,,,300.0769,,,302.4865
 30/6/2015 5:26:04 PM,,,,,300.2051,,,302.4865
 30/6/2015 5:26:05 PM,,,,,300.2051,,,302.4865
 30/6/2015 5:26:06 PM,,,,,300.2051,,,302.4865
 30/6/2015 5:26:07 PM,,,,,300.2051,,,302.4865
 30/6/2015 5:26:08 PM,,,,,300.2051,,,302.4865
 30/6/2015 5:26:09 PM,,,,,300.2051,,,302.4865
 30/6/2015 5:26:10 PM,,,,,300.2051,,,302.4865
 30/6/2015 5:26:11 PM,,,,,300.2051,,,302.4865
 30/6/2015 5:26:12 PM,,,,,300.2051,,,302.4865
 30/6/2015 5:26:13 PM,,,,,300.2051,,,302.4865
 30/6/2015 5:26:14 PM,,,,,300.2051,,,302.4865
 30/6/2015 5:26:15 PM,,,,,300.4358,,,302.4865
 30/6/2015 5:26:16 PM,,,,,300.4871,,,302.4865
 30/6/2015 5:26:17 PM,,,,,300.4871,,,302.4865
 30/6/2015 5:26:18 PM,,,,,300.4871,,,302.4865
 30/6/2015 5:26:19 PM,,,,,300.7178,,,302.4865
 30/6/2015 5:26:20 PM,,,,,300.8716,,,302.4865
 30/6/2015 5:26:21 PM,,,,,300.8716,,,302.4865
 30/6/2015 5:26:22 PM,,,,,300.8716,,,302.4865
 30/6/2015 5:26:23 PM,,,,,301.1279,,,302.4865
 30/6/2015 5:26:24 PM,,,,,301.1279,,,302.4865
 30/6/2015 5:26:25 PM,,,,,301.3842,,,302.4865
 30/6/2015 5:26:26 PM,,,,,301.3842,,,302.3071
 30/6/2015 5:26:27 PM,,,,,301.6406,,,302.3071
 30/6/2015 5:26:28 PM,,,,,301.6406,,,302.3071
 30/6/2015 5:26:29 PM,,,,,301.6406,,,302.3071
 30/6/2015 5:26:30 PM,,,,,301.6406,,,302.3071
 30/6/2015 5:26:31 PM,,,,,301.6406,,,302.3071
 30/6/2015 5:26:32 PM,,,,,301.6406,,,302.3071
 30/6/2015 5:26:33 PM,,,,,301.6406,,,302.3071
 30/6/2015 5:26:34 PM,,,,,301.6406,,,302.3071
 30/6/2015 5:26:35 PM,,,,,301.8713,,,302.3071
 30/6/2015 5:26:36 PM,,,,,301.8713,,,302.1277
 30/6/2015 5:26:37 PM,,,,,301.8713,,,302.0508
 30/6/2015 5:26:38 PM,,,,,301.8713,,,302.0508
 30/6/2015 5:26:39 PM,,,,,301.7175,,,302.0508
 30/6/2015 5:26:40 PM,,,,,301.5381,,,302.0508
 30/6/2015 5:26:41 PM,,,,,301.4612,,,302.0508
 30/6/2015 5:26:42 PM,,,,,301.2561,,,302.0508
 30/6/2015 5:26:43 PM,,,,,301.2561,,,302.0508
 30/6/2015 5:26:44 PM,,,,,301.2561,,,302.0508
 30/6/2015 5:26:45 PM,,,,,301.2561,,,301.8969
 30/6/2015 5:26:46 PM,,,,,301.2561,,,301.8969
 30/6/2015 5:26:47 PM,,,,,300.9485,,,301.8969
 30/6/2015 5:26:48 PM,,,,,300.9485,,,301.8969
 30/6/2015 5:26:49 PM,,,,,300.9485,,,301.8969
 30/6/2015 5:26:50 PM,,,,,300.9485,,,301.8969
 30/6/2015 5:26:51 PM,,,,,300.9485,,,301.8969
 30/6/2015 5:26:52 PM,,,,,300.9485,,,301.8969
 30/6/2015 5:26:53 PM,,,,,300.9485,,,301.8457
 30/6/2015 5:26:54 PM,,,,,301.0767,,,301.6406
 30/6/2015 5:26:55 PM,,,,,301.2561,,,301.6406
 30/6/2015 5:26:56 PM,,,,,301.2561,,,301.6406
 30/6/2015 5:26:57 PM,,,,,301.2561,,,301.6406
 30/6/2015 5:26:58 PM,,,,,301.2561,,,301.6406
 30/6/2015 5:26:59 PM,,,,,301.2561,,,301.7688
 30/6/2015 5:27:00 PM,,,,,301.2561,,,301.7688
 30/6/2015 5:27:01 PM,,,,,301.6662,,,301.7688
 30/6/2015 5:27:02 PM,,,,,301.6662,,,301.7688
 30/6/2015 5:27:03 PM,,,,,301.6662,,,301.7688
 30/6/2015 5:27:04 PM,,,,,301.6662,,,301.7688
 30/6/2015 5:27:05 PM,,,,,301.8969,,,301.7688
 30/6/2015 5:27:06 PM,,,,,302.102,,,301.7688
 30/6/2015 5:27:07 PM,,,,,302.1277,,,301.7688
 30/6/2015 5:27:08 PM,,,,,302.384,,,301.7688
 30/6/2015 5:27:09 PM,,,,,302.384,,,301.7688
 30/6/2015 5:27:10 PM,,,,,302.384,,,301.7688
 30/6/2015 5:27:11 PM,,,,,302.5122,,,301.7688
 30/6/2015 5:27:12 PM,,,,,302.5122,,,301.7688
 30/6/2015 5:27:13 PM,,,,,302.6147,,,301.7688
 30/6/2015 5:27:14 PM,,,,,302.6147,,,301.7688
 30/6/2015 5:27:15 PM,,,,,302.6147,,,301.7688
 30/6/2015 5:27:16 PM,,,,,302.6147,,,301.7688
 30/6/2015 5:27:17 PM,,,,,302.6147,,,301.7688
 30/6/2015 5:27:18 PM,,,,,302.6147,,,301.7688
 30/6/2015 5:27:19 PM,,,,,302.6147,,,301.7688
 30/6/2015 5:27:20 PM,,,,,302.6916,,,301.7688
 30/6/2015 5:27:21 PM,,,,,302.7942,,,301.7688
 30/6/2015 5:27:22 PM,,,,,302.7942,,,301.7688
 30/6/2015 5:27:23 PM,,,,,302.7942,,,301.7688
 30/6/2015 5:27:24 PM,,,,,302.7942,,,301.7688
 30/6/2015 5:27:25 PM,,,,,302.7942,,,301.7688
 30/6/2015 5:27:26 PM,,,,,302.7942,,,301.7688
 30/6/2015 5:27:27 PM,,,,,302.8198,,,301.7688
 30/6/2015 5:27:28 PM,,,,,303.0249,,,301.6406
 30/6/2015 5:27:29 PM,,,,,303.0249,,,301.4868
 30/6/2015 5:27:30 PM,,,,,303.0249,,,301.4612
 30/6/2015 5:27:31 PM,,,,,303.0249,,,301.4612
 30/6/2015 5:27:32 PM,,,,,303.0249,,,301.4612
 30/6/2015 5:27:33 PM,,,,,302.8711,,,301.4612
 30/6/2015 5:27:34 PM,,,,,302.8711,,,301.4612
 30/6/2015 5:27:35 PM,,,,,302.8711,,,301.4612
 30/6/2015 5:27:36 PM,,,,,302.8711,,,301.4612
 30/6/2015 5:27:37 PM,,,,,302.8711,,,301.4612
 30/6/2015 5:27:38 PM,,,,,302.7429,,,301.4612
 30/6/2015 5:27:39 PM,,,,,302.666,,,301.4612
 30/6/2015 5:27:40 PM,,,,,302.666,,,301.4612
 30/6/2015 5:27:41 PM,,,,,302.666,,,301.4612
 30/6/2015 5:27:42 PM,,,,,302.666,,,301.4612
 30/6/2015 5:27:43 PM,,,,,302.5122,,,301.4612
 30/6/2015 5:27:44 PM,,,,,302.5122,,,301.4612
 30/6/2015 5:27:45 PM,,,,,302.5122,,,301.4612
 30/6/2015 5:27:46 PM,,,,,302.5122,,,301.4612
 30/6/2015 5:27:47 PM,,,,,302.5122,,,301.4612
 30/6/2015 5:27:48 PM,,,,,302.5122,,,301.4612
 30/6/2015 5:27:49 PM,,,,,302.4353,,,301.4612
 30/6/2015 5:27:50 PM,,,,,302.4353,,,301.4612
 30/6/2015 5:27:51 PM,,,,,302.4353,,,301.4612
 30/6/2015 5:27:52 PM,,,,,302.4353,,,301.4612
 30/6/2015 5:27:53 PM,,,,,302.4353,,,301.4612
 30/6/2015 5:27:54 PM,,,,,302.4353,,,301.4612
 30/6/2015 5:27:55 PM,,,,,302.4353,,,301.4612
 30/6/2015 5:27:56 PM,,,,,302.4353,,,301.4612
 30/6/2015 5:27:57 PM,,,,,302.4865,,,301.5381
 30/6/2015 5:27:58 PM,,,,,302.4865,,,301.5381
 30/6/2015 5:27:59 PM,,,,,302.5122,,,301.5381
 30/6/2015 5:28:00 PM,,,,,302.6404,,,301.5381
 30/6/2015 5:28:01 PM,,,,,302.6404,,,301.5381
 30/6/2015 5:28:02 PM,,,,,302.6404,,,301.5381
 30/6/2015 5:28:03 PM,,,,,302.4353,,,301.5381
 30/6/2015 5:28:04 PM,,,,,302.4353,,,301.5381
 30/6/2015 5:28:05 PM,,,,,302.4353,,,301.4099
 30/6/2015 5:28:06 PM,,,,,302.4353,,,301.3586
 30/6/2015 5:28:07 PM,,,,,302.4353,,,301.3586
 30/6/2015 5:28:08 PM,,,,,302.4353,,,301.3586
 30/6/2015 5:28:09 PM,,,,,302.4353,,,301.3586
 30/6/2015 5:28:10 PM,,,,,302.2302,,,301.3586
 30/6/2015 5:28:11 PM,,,,,302.2302,,,301.3586
 30/6/2015 5:28:12 PM,,,,,302.2302,,,301.3586
 30/6/2015 5:28:13 PM,,,,,302.2302,,,301.3586
 30/6/2015 5:28:14 PM,,,,,301.9995,,,301.3586
 30/6/2015 5:28:15 PM,,,,,301.9995,,,301.3586
 30/6/2015 5:28:16 PM,,,,,301.9995,,,301.2048
 30/6/2015 5:28:17 PM,,,,,301.9995,,,301.0254
 30/6/2015 5:28:18 PM,,,,,301.9995,,,301.0254
 30/6/2015 5:28:19 PM,,,,,301.9995,,,301.0254
 30/6/2015 5:28:20 PM,,,,,301.9995,,,301.0254
 30/6/2015 5:28:21 PM,,,,,301.9995,,,301.0254
 30/6/2015 5:28:22 PM,,,,,301.9995,,,301.0254
 30/6/2015 5:28:23 PM,,,,,301.9995,,,301.0254
 30/6/2015 5:28:24 PM,,,,,301.9995,,,301.0254
 30/6/2015 5:28:25 PM,,,,,302.0251,,,301.0254
 30/6/2015 5:28:26 PM,,,,,302.1789,,,301.0254
 30/6/2015 5:28:27 PM,,,,,302.1789,,,301.0254
 30/6/2015 5:28:28 PM,,,,,302.1789,,,301.0254
 30/6/2015 5:28:29 PM,,,,,302.1789,,,301.0254
 30/6/2015 5:28:30 PM,,,,,302.1789,,,301.0254
 30/6/2015 5:28:31 PM,,,,,302.1789,,,301.0254
 30/6/2015 5:28:32 PM,,,,,302.1789,,,301.0254
 30/6/2015 5:28:33 PM,,,,,302.1789,,,301.0254
 30/6/2015 5:28:34 PM,,,,,302.1789,,,301.0254
 30/6/2015 5:28:35 PM,,,,,302.2302,,,301.0254
 30/6/2015 5:28:36 PM,,,,,302.2558,,,301.0254
 30/6/2015 5:28:37 PM,,,,,302.2558,,,301.0254
 30/6/2015 5:28:38 PM,,,,,302.384,,,300.9998
 30/6/2015 5:28:39 PM,,,,,302.384,,,300.8459
 30/6/2015 5:28:40 PM,,,,,302.384,,,300.8459
 30/6/2015 5:28:41 PM,,,,,302.384,,,300.8459
 30/6/2015 5:28:42 PM,,,,,302.5634,,,300.8459
 30/6/2015 5:28:43 PM,,,,,302.5634,,,300.8459
 30/6/2015 5:28:44 PM,,,,,302.5634,,,300.8459
 30/6/2015 5:28:45 PM,,,,,302.5634,,,300.8459
 30/6/2015 5:28:46 PM,,,,,302.5634,,,300.8459
 30/6/2015 5:28:47 PM,,,,,302.8198,,,300.8459
 30/6/2015 5:28:48 PM,,,,,302.8198,,,300.8459
 30/6/2015 5:28:49 PM,,,,,302.9223,,,300.8459
 30/6/2015 5:28:50 PM,,,,,302.948,,,300.8459
 30/6/2015 5:28:51 PM,,,,,302.9992,,,300.8459
 30/6/2015 5:28:52 PM,,,,,303.0761,,,300.8459
 30/6/2015 5:28:53 PM,,,,,303.0761,,,300.8459
 30/6/2015 5:28:54 PM,,,,,303.2043,,,300.8459
 30/6/2015 5:28:55 PM,,,,,303.2043,,,300.8459
 30/6/2015 5:28:56 PM,,,,,303.4094,,,300.8459
 30/6/2015 5:28:57 PM,,,,,303.4094,,,300.8459
 30/6/2015 5:28:58 PM,,,,,303.4094,,,300.8459
 30/6/2015 5:28:59 PM,,,,,303.4094,,,300.8459
 30/6/2015 5:29:00 PM,,,,,303.6401,,,300.8459
 30/6/2015 5:29:01 PM,,,,,303.6401,,,300.7434
 30/6/2015 5:29:02 PM,,,,,303.6914,,,300.6409
 30/6/2015 5:29:03 PM,,,,,303.7682,,,300.6409
 30/6/2015 5:29:04 PM,,,,,303.8964,,,300.6409
 30/6/2015 5:29:05 PM,,,,,303.8964,,,300.6409
 30/6/2015 5:29:06 PM,,,,,303.8964,,,300.6409
 30/6/2015 5:29:07 PM,,,,,303.8964,,,300.6409
 30/6/2015 5:29:08 PM,,,,,303.8964,,,300.6409
 30/6/2015 5:29:09 PM,,,,,303.8964,,,300.6409
 30/6/2015 5:29:10 PM,,,,,303.8964,,,300.6409
 30/6/2015 5:29:11 PM,,,,,303.8964,,,300.6409
 30/6/2015 5:29:12 PM,,,,,303.9477,,,300.4358
 30/6/2015 5:29:13 PM,,,,,303.9477,,,300.4358
 30/6/2015 5:29:14 PM,,,,,304.2297,,,300.4358
 30/6/2015 5:29:15 PM,,,,,304.2297,,,300.4358
 30/6/2015 5:29:16 PM,,,,,304.2297,,,300.4358
 30/6/2015 5:29:17 PM,,,,,304.2297,,,300.4358
 30/6/2015 5:29:18 PM,,,,,304.2297,,,300.4358
 30/6/2015 5:29:19 PM,,,,,304.2297,,,300.4358
 30/6/2015 5:29:20 PM,,,,,304.486,,,300.4358
 30/6/2015 5:29:21 PM,,,,,304.6655,,,300.4358
 30/6/2015 5:29:22 PM,,,,,304.6655,,,300.4358
 30/6/2015 5:29:23 PM,,,,,304.9987,,,300.4358
 30/6/2015 5:29:24 PM,,,,,304.9987,,,300.4358
 30/6/2015 5:29:25 PM,,,,,304.9987,,,300.4358
 30/6/2015 5:29:26 PM,,,,,304.9987,,,300.4358
 30/6/2015 5:29:27 PM,,,,,304.9987,,,300.4358
 30/6/2015 5:29:28 PM,,,,,305.1013,,,300.4358
 30/6/2015 5:29:29 PM,,,,,305.3576,,,300.4358
 30/6/2015 5:29:30 PM,,,,,305.4345,,,300.4358
 30/6/2015 5:29:31 PM,,,,,305.4345,,,300.3076
 30/6/2015 5:29:32 PM,,,,,305.4345,,,300.3076
 30/6/2015 5:29:33 PM,,,,,305.4345,,,300.3076
 30/6/2015 5:29:34 PM,,,,,305.6396,,,300.5896
 30/6/2015 5:29:35 PM,,,,,305.6396,,,300.5896
 30/6/2015 5:29:36 PM,,,,,305.6396,,,300.5896
 30/6/2015 5:29:37 PM,,,,,305.6396,,,300.5896
 30/6/2015 5:29:38 PM,,,,,305.6396,,,300.5896
 30/6/2015 5:29:39 PM,,,,,305.6396,,,300.5896
 30/6/2015 5:29:40 PM,,,,,305.6396,,,300.5896
 30/6/2015 5:29:41 PM,,,,,305.6396,,,300.5896
 30/6/2015 5:29:42 PM,,,,,305.6396,,,300.5896
 30/6/2015 5:29:43 PM,,,,,305.6396,,,300.4614
 30/6/2015 5:29:44 PM,,,,,305.6396,,,300.4614
 30/6/2015 5:29:45 PM,,,,,305.8959,,,300.4614
 30/6/2015 5:29:46 PM,,,,,305.9985,,,300.4614
 30/6/2015 5:29:47 PM,,,,,306.0754,,,300.4614
 30/6/2015 5:29:48 PM,,,,,306.0754,,,300.4614
 30/6/2015 5:29:49 PM,,,,,306.0754,,,300.4614
 30/6/2015 5:29:50 PM,,,,,306.0754,,,300.4614
 30/6/2015 5:29:51 PM,,,,,306.0754,,,300.6152
 30/6/2015 5:29:52 PM,,,,,306.0754,,,300.6152
 30/6/2015 5:29:53 PM,,,,,306.3573,,,300.6152
 30/6/2015 5:29:54 PM,,,,,306.3573,,,300.6152
 30/6/2015 5:29:55 PM,,,,,306.3573,,,300.6152
 30/6/2015 5:29:56 PM,,,,,306.3573,,,300.6152
 30/6/2015 5:29:57 PM,,,,,306.3573,,,300.6152
 30/6/2015 5:29:58 PM,,,,,306.4599,,,300.6152
 30/6/2015 5:29:59 PM,,,,,306.588,,,300.6152
 30/6/2015 5:30:00 PM,,,,,306.588,,,300.6152
 30/6/2015 5:30:01 PM,,,,,306.588,,,300.6152
 30/6/2015 5:30:02 PM,,,,,306.588,,,300.6152
 30/6/2015 5:30:03 PM,,,,,306.588,,,300.6152
 30/6/2015 5:30:04 PM,,,,,306.588,,,300.6152
 30/6/2015 5:30:05 PM,,,,,306.588,,,300.6152
 30/6/2015 5:30:06 PM,,,,,306.588,,,300.6152
 30/6/2015 5:30:07 PM,,,,,306.588,,,300.6152
 30/6/2015 5:30:08 PM,,,,,306.588,,,300.6152
 30/6/2015 5:30:09 PM,,,,,306.87,,,300.6152
 30/6/2015 5:30:10 PM,,,,,306.87,,,300.6152
 30/6/2015 5:30:11 PM,,,,,306.87,,,300.6152
 30/6/2015 5:30:12 PM,,,,,306.87,,,300.6152
 30/6/2015 5:30:13 PM,,,,,306.87,,,300.6152
 30/6/2015 5:30:14 PM,,,,,306.87,,,300.6152
 30/6/2015 5:30:15 PM,,,,,306.87,,,300.6152
 30/6/2015 5:30:16 PM,,,,,307.1264,,,300.6152
 30/6/2015 5:30:17 PM,,,,,307.1264,,,300.6152
 30/6/2015 5:30:18 PM,,,,,307.1264,,,300.6152
 30/6/2015 5:30:19 PM,,,,,307.1264,,,300.6152
 30/6/2015 5:30:20 PM,,,,,307.1264,,,300.4871
 30/6/2015 5:30:21 PM,,,,,307.1264,,,300.4871
 30/6/2015 5:30:22 PM,,,,,307.1264,,,300.4871
 30/6/2015 5:30:23 PM,,,,,307.1264,,,300.4871
 30/6/2015 5:30:24 PM,,,,,307.1264,,,300.4871
 30/6/2015 5:30:25 PM,,,,,307.1264,,,300.4871
 30/6/2015 5:30:26 PM,,,,,307.1264,,,300.4871
 30/6/2015 5:30:27 PM,,,,,307.1264,,,300.4871
 30/6/2015 5:30:28 PM,,,,,307.1264,,,300.6152
 30/6/2015 5:30:29 PM,,,,,307.2545,,,300.6152
 30/6/2015 5:30:30 PM,,,,,307.3571,,,300.6921
 30/6/2015 5:30:31 PM,,,,,307.3571,,,300.6921
 30/6/2015 5:30:32 PM,,,,,307.3571,,,300.6921
 30/6/2015 5:30:33 PM,,,,,307.3571,,,300.6921
 30/6/2015 5:30:34 PM,,,,,307.3571,,,300.6921
 30/6/2015 5:30:35 PM,,,,,307.2289,,,300.4614
 30/6/2015 5:30:36 PM,,,,,307.2289,,,300.4614
 30/6/2015 5:30:37 PM,,,,,307.2289,,,300.4614
 30/6/2015 5:30:38 PM,,,,,307.2289,,,300.4614
 30/6/2015 5:30:39 PM,,,,,307.2289,,,300.4614
 30/6/2015 5:30:40 PM,,,,,307.2289,,,300.4614
 30/6/2015 5:30:41 PM,,,,,307.2289,,,300.4614
 30/6/2015 5:30:42 PM,,,,,307.2289,,,300.4614
 30/6/2015 5:30:43 PM,,,,,307.2289,,,300.4614
 30/6/2015 5:30:44 PM,,,,,307.2289,,,300.4614
 30/6/2015 5:30:45 PM,,,,,307.2289,,,300.4614
 30/6/2015 5:30:46 PM,,,,,307.2289,,,300.4614
 30/6/2015 5:30:47 PM,,,,,307.2289,,,300.4614
 30/6/2015 5:30:48 PM,,,,,307.2289,,,300.4614
 30/6/2015 5:30:49 PM,,,,,307.2802,,,300.4614
 30/6/2015 5:30:50 PM,,,,,307.2802,,,300.3589
 30/6/2015 5:30:51 PM,,,,,307.4084,,,300.3589
 30/6/2015 5:30:52 PM,,,,,307.4084,,,300.3589
 30/6/2015 5:30:53 PM,,,,,307.4853,,,300.3589
 30/6/2015 5:30:54 PM,,,,,307.4853,,,300.3589
 30/6/2015 5:30:55 PM,,,,,307.4853,,,300.3589
 30/6/2015 5:30:56 PM,,,,,307.4853,,,300.3589
 30/6/2015 5:30:57 PM,,,,,307.4853,,,300.2051
 30/6/2015 5:30:58 PM,,,,,307.4853,,,300.2051
 30/6/2015 5:30:59 PM,,,,,307.6903,,,300.2051
 30/6/2015 5:31:00 PM,,,,,307.6903,,,300.2051
 30/6/2015 5:31:01 PM,,,,,307.6903,,,300.2051
 30/6/2015 5:31:02 PM,,,,,307.6903,,,299.9231
 30/6/2015 5:31:03 PM,,,,,307.6903,,,299.7949
 30/6/2015 5:31:04 PM,,,,,307.6903,,,299.7437
 30/6/2015 5:31:05 PM,,,,,307.6903,,,299.4617
 30/6/2015 5:31:06 PM,,,,,307.6903,,,299.4617
 30/6/2015 5:31:07 PM,,,,,307.6903,,,299.4617
 30/6/2015 5:31:08 PM,,,,,307.6903,,,299.0771
 30/6/2015 5:31:09 PM,,,,,307.6903,,,298.8208
 30/6/2015 5:31:10 PM,,,,,307.6134,,,298.7695
 30/6/2015 5:31:11 PM,,,,,307.6134,,,298.2056
 30/6/2015 5:31:12 PM,,,,,307.4084,,,298.18
 30/6/2015 5:31:13 PM,,,,,307.4084,,,298.18
 30/6/2015 5:31:14 PM,,,,,307.0495,,,297.9236
 30/6/2015 5:31:15 PM,,,,,307.0495,,,297.6929
 30/6/2015 5:31:16 PM,,,,,307.0495,,,297.5135
 30/6/2015 5:31:17 PM,,,,,307.0495,,,297.3853
 30/6/2015 5:31:18 PM,,,,,307.0495,,,297.2827
 30/6/2015 5:31:19 PM,,,,,307.0495,,,297.2827
 30/6/2015 5:31:20 PM,,,,,307.0495,,,297.2827
 30/6/2015 5:31:21 PM,,,,,307.0495,,,297.2571
 30/6/2015 5:31:22 PM,,,,,307.0495,,,296.9751
 30/6/2015 5:31:23 PM,,,,,307.0495,,,296.9751
 30/6/2015 5:31:24 PM,,,,,307.1264,,,296.9239
 30/6/2015 5:31:25 PM,,,,,307.4084,,,296.847
 30/6/2015 5:31:26 PM,,,,,307.4084,,,296.847
 30/6/2015 5:31:27 PM,,,,,307.4084,,,296.847
 30/6/2015 5:31:28 PM,,,,,307.4084,,,296.6162
 30/6/2015 5:31:29 PM,,,,,307.4084,,,296.6162
 30/6/2015 5:31:30 PM,,,,,307.4084,,,296.3855
 30/6/2015 5:31:31 PM,,,,,307.2545,,,296.3599
 30/6/2015 5:31:32 PM,,,,,307.2545,,,296.0267
 30/6/2015 5:31:33 PM,,,,,307.2545,,,296.0267
 30/6/2015 5:31:34 PM,,,,,307.2545,,,296.0267
 30/6/2015 5:31:35 PM,,,,,307.2545,,,296.0267
 30/6/2015 5:31:36 PM,,,,,307.2545,,,295.8472
 30/6/2015 5:31:37 PM,,,,,307.2545,,,295.6165
 30/6/2015 5:31:38 PM,,,,,307.2545,,,295.4627
 30/6/2015 5:31:39 PM,,,,,307.2545,,,295.3858
 30/6/2015 5:31:40 PM,,,,,307.2545,,,295.232
 30/6/2015 5:31:41 PM,,,,,307.2545,,,295.1807
 30/6/2015 5:31:42 PM,,,,,307.2545,,,294.95
 30/6/2015 5:31:43 PM,,,,,307.2545,,,294.7962
 30/6/2015 5:31:44 PM,,,,,307.2545,,,294.7193
 30/6/2015 5:31:45 PM,,,,,307.2545,,,294.7193
 30/6/2015 5:31:46 PM,,,,,307.2545,,,294.5399
 30/6/2015 5:31:47 PM,,,,,307.2545,,,294.2835
 30/6/2015 5:31:48 PM,,,,,307.2545,,,294.2835
 30/6/2015 5:31:49 PM,,,,,307.3827,,,294.2835
 30/6/2015 5:31:50 PM,,,,,307.4084,,,294.1553
 30/6/2015 5:31:51 PM,,,,,307.4084,,,294.0528
 30/6/2015 5:31:52 PM,,,,,307.4084,,,294.0528
 30/6/2015 5:31:53 PM,,,,,307.4084,,,293.899
 30/6/2015 5:31:54 PM,,,,,307.4084,,,293.5914
 30/6/2015 5:31:55 PM,,,,,307.4084,,,293.5658
 30/6/2015 5:31:56 PM,,,,,307.6391,,,293.5658
 30/6/2015 5:31:57 PM,,,,,307.6391,,,293.5658
 30/6/2015 5:31:58 PM,,,,,307.6391,,,293.4376
 30/6/2015 5:31:59 PM,,,,,307.6391,,,293.3351
 30/6/2015 5:32:00 PM,,,,,307.6391,,,293.1556
 30/6/2015 5:32:01 PM,,,,,307.6391,,,293.1556
 30/6/2015 5:32:02 PM,,,,,307.6391,,,293.0018
 30/6/2015 5:32:03 PM,,,,,307.6391,,,292.848
 30/6/2015 5:32:04 PM,,,,,307.6391,,,292.848
 30/6/2015 5:32:05 PM,,,,,307.6391,,,292.7967
 30/6/2015 5:32:06 PM,,,,,307.6391,,,292.7198
 30/6/2015 5:32:07 PM,,,,,307.6391,,,292.4635
 30/6/2015 5:32:08 PM,,,,,307.6391,,,292.4635
 30/6/2015 5:32:09 PM,,,,,307.6391,,,292.4635
 30/6/2015 5:32:10 PM,,,,,307.6391,,,292.4635
 30/6/2015 5:32:11 PM,,,,,307.6391,,,292.4635
 30/6/2015 5:32:12 PM,,,,,307.6391,,,292.4635
 30/6/2015 5:32:13 PM,,,,,307.434,,,292.4635
 30/6/2015 5:32:14 PM,,,,,307.434,,,292.566
 30/6/2015 5:32:15 PM,,,,,307.434,,,292.566
 30/6/2015 5:32:16 PM,,,,,307.434,,,292.566
 30/6/2015 5:32:17 PM,,,,,307.3571,,,292.566
 30/6/2015 5:32:18 PM,,,,,307.2545,,,292.566
 30/6/2015 5:32:19 PM,,,,,307.2545,,,292.566
 30/6/2015 5:32:20 PM,,,,,307.1776,,,292.566
 30/6/2015 5:32:21 PM,,,,,307.1007,,,292.566
 30/6/2015 5:32:22 PM,,,,,307.1007,,,292.4635
 30/6/2015 5:32:23 PM,,,,,307.1007,,,292.3353
 30/6/2015 5:32:24 PM,,,,,307.1007,,,292.3353
 30/6/2015 5:32:25 PM,,,,,307.1007,,,292.3353
 30/6/2015 5:32:26 PM,,,,,306.8957,,,292.2584
 30/6/2015 5:32:27 PM,,,,,306.8957,,,292.0533
 30/6/2015 5:32:28 PM,,,,,306.8957,,,292.0533
 30/6/2015 5:32:29 PM,,,,,306.8957,,,291.9251
 30/6/2015 5:32:30 PM,,,,,306.8957,,,291.8995
 30/6/2015 5:32:31 PM,,,,,306.8957,,,291.6944
 30/6/2015 5:32:32 PM,,,,,306.8957,,,291.4381
 30/6/2015 5:32:33 PM,,,,,306.8957,,,291.4381
 30/6/2015 5:32:34 PM,,,,,306.8957,,,291.4381
 30/6/2015 5:32:35 PM,,,,,306.8957,,,291.2586
 30/6/2015 5:32:36 PM,,,,,306.8957,,,291.2586
 30/6/2015 5:32:37 PM,,,,,306.7419,,,291.2586
 30/6/2015 5:32:38 PM,,,,,306.7419,,,291.1049
 30/6/2015 5:32:39 PM,,,,,306.7419,,,291.1049
 30/6/2015 5:32:40 PM,,,,,306.4855,,,290.9254
 30/6/2015 5:32:41 PM,,,,,306.4599,,,290.9254
 30/6/2015 5:32:42 PM,,,,,306.4599,,,290.9254
 30/6/2015 5:32:43 PM,,,,,306.4599,,,290.9254
 30/6/2015 5:32:44 PM,,,,,306.2292,,,290.9254
 30/6/2015 5:32:45 PM,,,,,306.2292,,,290.7972
 30/6/2015 5:32:46 PM,,,,,306.2292,,,290.7203
 30/6/2015 5:32:47 PM,,,,,305.9728,,,290.7203
 30/6/2015 5:32:48 PM,,,,,305.9728,,,290.5922
 30/6/2015 5:32:49 PM,,,,,305.9728,,,290.5922
 30/6/2015 5:32:50 PM,,,,,305.9728,,,290.5153
 30/6/2015 5:32:51 PM,,,,,305.9728,,,290.5153
 30/6/2015 5:32:52 PM,,,,,305.9728,,,290.3358
 30/6/2015 5:32:53 PM,,,,,305.9728,,,290.3358
 30/6/2015 5:32:54 PM,,,,,305.9728,,,290.3358
 30/6/2015 5:32:55 PM,,,,,305.9728,,,290.3358
 30/6/2015 5:32:56 PM,,,,,305.9728,,,290.3358
 30/6/2015 5:32:57 PM,,,,,305.9728,,,290.0026
 30/6/2015 5:32:58 PM,,,,,305.9728,,,290.0026
 30/6/2015 5:32:59 PM,,,,,305.7421,,,290.0026
 30/6/2015 5:33:00 PM,,,,,305.7421,,,289.7719
 30/6/2015 5:33:01 PM,,,,,305.7421,,,289.7719
 30/6/2015 5:33:02 PM,,,,,305.7421,,,289.4899
 30/6/2015 5:33:03 PM,,,,,305.7421,,,289.3617
 30/6/2015 5:33:04 PM,,,,,305.5627,,,289.3617
 30/6/2015 5:33:05 PM,,,,,305.5627,,,289.3617
 30/6/2015 5:33:06 PM,,,,,305.5627,,,289.3617
 30/6/2015 5:33:07 PM,,,,,305.5627,,,289.3617
 30/6/2015 5:33:08 PM,,,,,305.5627,,,289.3617
 30/6/2015 5:33:09 PM,,,,,305.5627,,,289.1053
 30/6/2015 5:33:10 PM,,,,,305.5627,,,288.9515
 30/6/2015 5:33:11 PM,,,,,305.5627,,,288.9515
 30/6/2015 5:33:12 PM,,,,,305.5627,,,288.9515
 30/6/2015 5:33:13 PM,,,,,305.5627,,,288.6183
 30/6/2015 5:33:14 PM,,,,,305.5627,,,288.6183
 30/6/2015 5:33:15 PM,,,,,305.5627,,,288.6183
 30/6/2015 5:33:16 PM,,,,,305.5627,,,288.6183
 30/6/2015 5:33:17 PM,,,,,305.5627,,,288.6183
 30/6/2015 5:33:18 PM,,,,,305.5627,,,288.6183
 30/6/2015 5:33:19 PM,,,,,305.5627,,,288.2851
 30/6/2015 5:33:20 PM,,,,,305.5627,,,288.2082
 30/6/2015 5:33:21 PM,,,,,305.4345,,,288.1056
 30/6/2015 5:33:22 PM,,,,,305.4345,,,288.1056
 30/6/2015 5:33:23 PM,,,,,305.4345,,,287.9518
 30/6/2015 5:33:24 PM,,,,,305.4345,,,287.5673
 30/6/2015 5:33:25 PM,,,,,305.4345,,,287.5673
 30/6/2015 5:33:26 PM,,,,,305.4345,,,287.5673
 30/6/2015 5:33:27 PM,,,,,305.3576,,,287.5673
 30/6/2015 5:33:28 PM,,,,,305.3576,,,287.4391
 30/6/2015 5:33:29 PM,,,,,305.3576,,,287.2084
 30/6/2015 5:33:30 PM,,,,,305.3576,,,287.2084
 30/6/2015 5:33:31 PM,,,,,305.3576,,,287.029
 30/6/2015 5:33:32 PM,,,,,305.3576,,,287.0033
 30/6/2015 5:33:33 PM,,,,,305.3576,,,286.7726
 30/6/2015 5:33:34 PM,,,,,305.3576,,,286.7726
 30/6/2015 5:33:35 PM,,,,,305.3576,,,286.7726
 30/6/2015 5:33:36 PM,,,,,305.3576,,,286.7726
 30/6/2015 5:33:37 PM,,,,,305.3576,,,286.7726
 30/6/2015 5:33:38 PM,,,,,305.3576,,,286.7726
 30/6/2015 5:33:39 PM,,,,,305.3576,,,286.7726
 30/6/2015 5:33:40 PM,,,,,305.3576,,,286.7726
 30/6/2015 5:33:41 PM,,,,,305.3576,,,286.7726
 30/6/2015 5:33:42 PM,,,,,305.3576,,,286.6188
 30/6/2015 5:33:43 PM,,,,,305.3576,,,286.5163
 30/6/2015 5:33:44 PM,,,,,305.3576,,,286.4394
 30/6/2015 5:33:45 PM,,,,,305.3576,,,286.4394
 30/6/2015 5:33:46 PM,,,,,305.3576,,,286.4394
 30/6/2015 5:33:47 PM,,,,,305.3576,,,286.3112
 30/6/2015 5:33:48 PM,,,,,305.3576,,,286.2343
 30/6/2015 5:33:49 PM,,,,,305.3576,,,286.2343
 30/6/2015 5:33:50 PM,,,,,305.3576,,,286.2343
 30/6/2015 5:33:51 PM,,,,,305.3576,,,286.2343
 30/6/2015 5:33:52 PM,,,,,305.3576,,,286.2343
 30/6/2015 5:33:53 PM,,,,,305.3576,,,286.2343
 30/6/2015 5:33:54 PM,,,,,305.3576,,,286.0036
 30/6/2015 5:33:55 PM,,,,,305.3576,,,286.0036
 30/6/2015 5:33:56 PM,,,,,305.3576,,,286.0036
 30/6/2015 5:33:57 PM,,,,,305.3576,,,286.0036
 30/6/2015 5:33:58 PM,,,,,305.3576,,,286.0036
 30/6/2015 5:33:59 PM,,,,,305.3576,,,286.0036
 30/6/2015 5:34:00 PM,,,,,305.4345,,,285.7729
 30/6/2015 5:34:01 PM,,,,,305.4345,,,285.7729
 30/6/2015 5:34:02 PM,,,,,305.4345,,,285.7729
 30/6/2015 5:34:03 PM,,,,,305.4345,,,285.7729
 30/6/2015 5:34:04 PM,,,,,305.4345,,,285.7729
 30/6/2015 5:34:05 PM,,,,,305.4345,,,285.7473
 30/6/2015 5:34:06 PM,,,,,305.4345,,,285.5165
 30/6/2015 5:34:07 PM,,,,,305.4345,,,285.5165
 30/6/2015 5:34:08 PM,,,,,305.4345,,,285.5165
 30/6/2015 5:34:09 PM,,,,,305.4345,,,285.5165
 30/6/2015 5:34:10 PM,,,,,305.4345,,,285.5165
 30/6/2015 5:34:11 PM,,,,,305.4345,,,285.5165
 30/6/2015 5:34:12 PM,,,,,305.4345,,,285.1064
 30/6/2015 5:34:13 PM,,,,,305.2551,,,285.1064
 30/6/2015 5:34:14 PM,,,,,305.0756,,,285.1064
 30/6/2015 5:34:15 PM,,,,,305.0756,,,285.1064
 30/6/2015 5:34:16 PM,,,,,305.0756,,,285.0038
 30/6/2015 5:34:17 PM,,,,,305.0756,,,284.7475
 30/6/2015 5:34:18 PM,,,,,304.9987,,,284.7475
 30/6/2015 5:34:19 PM,,,,,304.8193,,,284.7475
 30/6/2015 5:34:20 PM,,,,,304.8193,,,284.7475
 30/6/2015 5:34:21 PM,,,,,304.6911,,,284.7475
 30/6/2015 5:34:22 PM,,,,,304.6911,,,284.7475
 30/6/2015 5:34:23 PM,,,,,304.6911,,,284.7475
 30/6/2015 5:34:24 PM,,,,,304.6911,,,284.7475
 30/6/2015 5:34:25 PM,,,,,304.6911,,,284.5937
 30/6/2015 5:34:26 PM,,,,,304.5629,,,284.5937
 30/6/2015 5:34:27 PM,,,,,304.5373,,,284.4655
 30/6/2015 5:34:28 PM,,,,,304.5373,,,284.4655
 30/6/2015 5:34:29 PM,,,,,304.5373,,,284.4655
 30/6/2015 5:34:30 PM,,,,,304.5373,,,284.4655
 30/6/2015 5:34:31 PM,,,,,304.5373,,,284.2604
 30/6/2015 5:34:32 PM,,,,,304.5373,,,284.2604
 30/6/2015 5:34:33 PM,,,,,304.5373,,,284.2604
 30/6/2015 5:34:34 PM,,,,,304.5373,,,284.2604
 30/6/2015 5:34:35 PM,,,,,304.5373,,,284.2604
 30/6/2015 5:34:36 PM,,,,,304.5373,,,284.081
 30/6/2015 5:34:37 PM,,,,,304.5373,,,283.9528
 30/6/2015 5:34:38 PM,,,,,304.5373,,,283.9528
 30/6/2015 5:34:39 PM,,,,,304.5373,,,283.9528
 30/6/2015 5:34:40 PM,,,,,304.5373,,,283.9528
 30/6/2015 5:34:41 PM,,,,,304.5373,,,283.9528
 30/6/2015 5:34:42 PM,,,,,304.5373,,,283.9528
 30/6/2015 5:34:43 PM,,,,,304.5373,,,283.9528
 30/6/2015 5:34:44 PM,,,,,304.3578,,,283.9528
 30/6/2015 5:34:45 PM,,,,,304.3578,,,283.9528
 30/6/2015 5:34:46 PM,,,,,304.3578,,,283.8759
 30/6/2015 5:34:47 PM,,,,,304.3578,,,283.7221
 30/6/2015 5:34:48 PM,,,,,304.3578,,,283.6196
 30/6/2015 5:34:49 PM,,,,,304.3322,,,283.6196
 30/6/2015 5:34:50 PM,,,,,304.2297,,,283.6196
 30/6/2015 5:34:51 PM,,,,,304.0759,,,283.6196
 30/6/2015 5:34:52 PM,,,,,304.0759,,,283.6196
 30/6/2015 5:34:53 PM,,,,,304.0759,,,283.3633
 30/6/2015 5:34:54 PM,,,,,304.0759,,,283.3633
 30/6/2015 5:34:55 PM,,,,,304.0759,,,283.3633
 30/6/2015 5:34:56 PM,,,,,304.0759,,,283.3633
 30/6/2015 5:34:57 PM,,,,,304.0759,,,283.3633
 30/6/2015 5:34:58 PM,,,,,304.0759,,,283.3633
 30/6/2015 5:34:59 PM,,,,,304.0759,,,283.0556
 30/6/2015 5:35:00 PM,,,,,304.0502,,,283.0556
 30/6/2015 5:35:01 PM,,,,,304.0502,,,283.0556
 30/6/2015 5:35:02 PM,,,,,303.7939,,,282.6967
 30/6/2015 5:35:03 PM,,,,,303.7939,,,282.6967
 30/6/2015 5:35:04 PM,,,,,303.7939,,,282.6967
 30/6/2015 5:35:05 PM,,,,,303.7939,,,282.6455
 30/6/2015 5:35:06 PM,,,,,304.1784,,,282.6455
 30/6/2015 5:35:07 PM,,,,,304.1784,,,282.6455
 30/6/2015 5:35:08 PM,,,,,304.1784,,,282.466
 30/6/2015 5:35:09 PM,,,,,304.1784,,,282.466
 30/6/2015 5:35:10 PM,,,,,304.1784,,,282.466
 30/6/2015 5:35:11 PM,,,,,304.1784,,,282.466
 30/6/2015 5:35:12 PM,,,,,304.1784,,,282.466
 30/6/2015 5:35:13 PM,,,,,304.1784,,,282.5173
 30/6/2015 5:35:14 PM,,,,,304.1784,,,282.6455
 30/6/2015 5:35:15 PM,,,,,304.0759,,,282.6455
 30/6/2015 5:35:16 PM,,,,,303.9221,,,282.6455
 30/6/2015 5:35:17 PM,,,,,303.9733,,,282.6455
 30/6/2015 5:35:18 PM,,,,,304.204,,,282.6455
 30/6/2015 5:35:19 PM,,,,,304.204,,,282.6455
 30/6/2015 5:35:20 PM,,,,,303.9733,,,282.5429
 30/6/2015 5:35:21 PM,,,,,303.9221,,,282.1584
 30/6/2015 5:35:22 PM,,,,,303.9221,,,282.1584
 30/6/2015 5:35:23 PM,,,,,303.9221,,,282.1584
 30/6/2015 5:35:24 PM,,,,,303.9221,,,282.1584
 30/6/2015 5:35:25 PM,,,,,303.9221,,,282.1584
 30/6/2015 5:35:26 PM,,,,,303.9221,,,281.5175
 30/6/2015 5:35:27 PM,,,,,303.9221,,,281.5175
 30/6/2015 5:35:28 PM,,,,,303.9221,,,281.3125
 30/6/2015 5:35:29 PM,,,,,303.9221,,,280.9023
 30/6/2015 5:35:30 PM,,,,,303.9221,,,280.2102
 30/6/2015 5:35:31 PM,,,,,303.9221,,,279.6975
 30/6/2015 5:35:32 PM,,,,,303.9221,,,279.4412
 30/6/2015 5:35:33 PM,,,,,303.8195,,,278.6209
 30/6/2015 5:35:34 PM,,,,,303.8195,,,278.0826
 30/6/2015 5:35:35 PM,,,,,303.8195,,,277.416
 30/6/2015 5:35:36 PM,,,,,303.6914,,,277.0059
 30/6/2015 5:35:37 PM,,,,,303.6914,,,276.6726
 30/6/2015 5:35:38 PM,,,,,303.6914,,,276.0318
 30/6/2015 5:35:39 PM,,,,,303.6914,,,275.7242
 30/6/2015 5:35:40 PM,,,,,303.6914,,,275.3397
 30/6/2015 5:35:41 PM,,,,,303.6914,,,275.2628
 30/6/2015 5:35:42 PM,,,,,303.6914,,,274.6475
 30/6/2015 5:35:43 PM,,,,,303.6914,,,274.6475
 30/6/2015 5:35:44 PM,,,,,303.6914,,,274.3399
 30/6/2015 5:35:45 PM,,,,,303.5376,,,274.263
 30/6/2015 5:35:46 PM,,,,,303.5119,,,273.981
 30/6/2015 5:35:47 PM,,,,,303.5119,,,273.981
 30/6/2015 5:35:48 PM,,,,,303.5119,,,273.981
 30/6/2015 5:35:49 PM,,,,,303.5119,,,273.981
 30/6/2015 5:35:50 PM,,,,,303.5119,,,273.8272
 30/6/2015 5:35:51 PM,,,,,303.5119,,,273.8272
 30/6/2015 5:35:52 PM,,,,,303.5119,,,273.6734
 30/6/2015 5:35:53 PM,,,,,303.5119,,,273.6734
 30/6/2015 5:35:54 PM,,,,,303.5119,,,273.5709
 30/6/2015 5:35:55 PM,,,,,303.5119,,,273.5709
 30/6/2015 5:35:56 PM,,,,,303.5119,,,273.5453
 30/6/2015 5:35:57 PM,,,,,303.5119,,,273.5453
 30/6/2015 5:35:58 PM,,,,,303.5119,,,273.3658
 30/6/2015 5:35:59 PM,,,,,303.5119,,,273.3658
