Attacked value, Timestamp,,,,,,healthy value
107.3443, 30/6/2015 3:34:00 PM,,,,,,116.797
107.3443, 30/6/2015 3:34:01 PM,,,,,,116.797
107.3443, 30/6/2015 3:34:02 PM,,,,,,116.9892
107.3443, 30/6/2015 3:34:03 PM,,,,,,117.0854
107.3443, 30/6/2015 3:34:04 PM,,,,,,117.0854
107.3443, 30/6/2015 3:34:05 PM,,,,,,117.0854
107.3443, 30/6/2015 3:34:06 PM,,,,,,117.0854
107.3443, 30/6/2015 3:34:07 PM,,,,,,116.7329
107.3443, 30/6/2015 3:34:08 PM,,,,,,116.7329
107.3443, 30/6/2015 3:34:09 PM,,,,,,116.7329
107.3443, 30/6/2015 3:34:10 PM,,,,,,116.7329
107.3443, 30/6/2015 3:34:11 PM,,,,,,116.7329
107.3443, 30/6/2015 3:34:12 PM,,,,,,116.7329
107.3443, 30/6/2015 3:34:13 PM,,,,,,116.6368
107.3443, 30/6/2015 3:34:14 PM,,,,,,116.6368
107.3443, 30/6/2015 3:34:15 PM,,,,,,116.6368
107.3443, 30/6/2015 3:34:16 PM,,,,,,116.8931
107.3443, 30/6/2015 3:34:17 PM,,,,,,116.9572
107.3443, 30/6/2015 3:34:18 PM,,,,,,117.2776
107.3443, 30/6/2015 3:34:19 PM,,,,,,117.2776
107.3443, 30/6/2015 3:34:20 PM,,,,,,117.4058
107.3443, 30/6/2015 3:34:21 PM,,,,,,117.7262
107.3443, 30/6/2015 3:34:22 PM,,,,,,117.7262
107.3443, 30/6/2015 3:34:23 PM,,,,,,117.7262
107.3443, 30/6/2015 3:34:24 PM,,,,,,117.7262
107.3443, 30/6/2015 3:34:25 PM,,,,,,117.7262
107.3443, 30/6/2015 3:34:26 PM,,,,,,117.9185
107.3443, 30/6/2015 3:34:27 PM,,,,,,118.0146
107.3443, 30/6/2015 3:34:28 PM,,,,,,118.0146
107.3443, 30/6/2015 3:34:29 PM,,,,,,118.0146
107.3443, 30/6/2015 3:34:30 PM,,,,,,117.534
107.3443, 30/6/2015 3:34:31 PM,,,,,,117.534
107.3443, 30/6/2015 3:34:32 PM,,,,,,117.6942
107.3443, 30/6/2015 3:34:33 PM,,,,,,118.0146
107.3443, 30/6/2015 3:34:34 PM,,,,,,118.0146
107.3443, 30/6/2015 3:34:35 PM,,,,,,118.0146
107.3443, 30/6/2015 3:34:36 PM,,,,,,117.8544
107.3443, 30/6/2015 3:34:37 PM,,,,,,117.566
107.3443, 30/6/2015 3:34:38 PM,,,,,,117.4699
107.3443, 30/6/2015 3:34:39 PM,,,,,,117.4699
107.3443, 30/6/2015 3:34:40 PM,,,,,,117.6301
107.3443, 30/6/2015 3:34:41 PM,,,,,,117.7583
107.3443, 30/6/2015 3:34:42 PM,,,,,,117.7583
107.3443, 30/6/2015 3:34:43 PM,,,,,,117.7583
107.3763, 30/6/2015 3:34:44 PM,,,,,,117.7583
107.6967, 30/6/2015 3:34:45 PM,,,,,,117.7583
107.6967, 30/6/2015 3:34:46 PM,,,,,,117.7583
107.6967, 30/6/2015 3:34:47 PM,,,,,,117.9505
107.7929, 30/6/2015 3:34:48 PM,,,,,,118.1107
107.7929, 30/6/2015 3:34:49 PM,,,,,,118.335
107.7929, 30/6/2015 3:34:50 PM,,,,,,118.4953
107.152, 30/6/2015 3:34:51 PM,,,,,,118.4953
106.7675, 30/6/2015 3:34:52 PM,,,,,,118.4953
106.3509, 30/6/2015 3:34:53 PM,,,,,,118.4953
105.8062, 30/6/2015 3:34:54 PM,,,,,,118.4953
104.941, 30/6/2015 3:34:55 PM,,,,,,118.4953
104.3002, 30/6/2015 3:34:56 PM,,,,,,118.4953
103.6914, 30/6/2015 3:34:57 PM,,,,,,118.4953
102.9223, 30/6/2015 3:34:58 PM,,,,,,118.7516
102.698, 30/6/2015 3:34:59 PM,,,,,,118.7516
102.0251, 30/6/2015 3:35:00 PM,,,,,,118.7516
102.0251, 30/6/2015 3:35:01 PM,,,,,,118.5273
101.8008, 30/6/2015 3:35:02 PM,,,,,,118.5273
101.6086, 30/6/2015 3:35:03 PM,,,,,,118.5273
101.4804, 30/6/2015 3:35:04 PM,,,,,,118.5273
101.4804, 30/6/2015 3:35:05 PM,,,,,,118.5273
101.4804, 30/6/2015 3:35:06 PM,,,,,,118.8157
101.4804, 30/6/2015 3:35:07 PM,,,,,,118.8157
101.5765, 30/6/2015 3:35:08 PM,,,,,,118.8157
101.5765, 30/6/2015 3:35:09 PM,,,,,,118.8157
101.5765, 30/6/2015 3:35:10 PM,,,,,,118.8157
101.5765, 30/6/2015 3:35:11 PM,,,,,,118.8157
101.16, 30/6/2015 3:35:12 PM,,,,,,118.8157
101.16, 30/6/2015 3:35:13 PM,,,,,,118.8157
101.16, 30/6/2015 3:35:14 PM,,,,,,119.2963
100.8395, 30/6/2015 3:35:15 PM,,,,,,119.2963
100.2948, 30/6/2015 3:35:16 PM,,,,,,119.2963
100.2948, 30/6/2015 3:35:17 PM,,,,,,119.4886
100.2628, 30/6/2015 3:35:18 PM,,,,,,119.4886
99.68598, 30/6/2015 3:35:19 PM,,,,,,119.4886
99.14124, 30/6/2015 3:35:20 PM,,,,,,119.4886
98.8849, 30/6/2015 3:35:21 PM,,,,,,119.6809
98.50038, 30/6/2015 3:35:22 PM,,,,,,119.6809
98.27608, 30/6/2015 3:35:23 PM,,,,,,119.7129
98.212, 30/6/2015 3:35:24 PM,,,,,,119.7129
97.89156, 30/6/2015 3:35:25 PM,,,,,,119.7129
97.89156, 30/6/2015 3:35:26 PM,,,,,,119.7129
97.89156, 30/6/2015 3:35:27 PM,,,,,,119.7129
98.53242, 30/6/2015 3:35:28 PM,,,,,,119.809
98.53242, 30/6/2015 3:35:29 PM,,,,,,119.9372
98.37222, 30/6/2015 3:35:30 PM,,,,,,120.1615
98.11587, 30/6/2015 3:35:31 PM,,,,,,120.1615
98.11587, 30/6/2015 3:35:32 PM,,,,,,120.1615
98.11587, 30/6/2015 3:35:33 PM,,,,,,120.4499
98.01974, 30/6/2015 3:35:34 PM,,,,,,120.514
98.01974, 30/6/2015 3:35:35 PM,,,,,,120.514
97.60318, 30/6/2015 3:35:36 PM,,,,,,120.9626
97.09049, 30/6/2015 3:35:37 PM,,,,,,120.9626
96.8021, 30/6/2015 3:35:38 PM,,,,,,120.9626
96.41759, 30/6/2015 3:35:39 PM,,,,,,120.9626
96.00102, 30/6/2015 3:35:40 PM,,,,,,120.9626
96.00102, 30/6/2015 3:35:41 PM,,,,,,120.9626
95.71264, 30/6/2015 3:35:42 PM,,,,,,120.9626
95.3922, 30/6/2015 3:35:43 PM,,,,,,120.6742
95.16791, 30/6/2015 3:35:44 PM,,,,,,120.6101
95.16791, 30/6/2015 3:35:45 PM,,,,,,120.6101
95.16791, 30/6/2015 3:35:46 PM,,,,,,120.6101
95.16791, 30/6/2015 3:35:47 PM,,,,,,120.6101
95.16791, 30/6/2015 3:35:48 PM,,,,,,120.6101
95.16791, 30/6/2015 3:35:49 PM,,,,,,120.8344
95.16791, 30/6/2015 3:35:50 PM,,,,,,120.9305
95.16791, 30/6/2015 3:35:51 PM,,,,,,121.2189
94.91156, 30/6/2015 3:35:52 PM,,,,,,121.283
94.59113, 30/6/2015 3:35:53 PM,,,,,,121.6034
94.2707, 30/6/2015 3:35:54 PM,,,,,,121.6034
94.2707, 30/6/2015 3:35:55 PM,,,,,,121.6034
93.75801, 30/6/2015 3:35:56 PM,,,,,,121.6034
93.66188, 30/6/2015 3:35:57 PM,,,,,,121.6034
93.66188, 30/6/2015 3:35:58 PM,,,,,,122.0841
93.66188, 30/6/2015 3:35:59 PM,,,,,,122.0841
93.66188, 30/6/2015 3:36:00 PM,,,,,,122.0841
93.66188, 30/6/2015 3:36:01 PM,,,,,,122.0841
93.85414, 30/6/2015 3:36:02 PM,,,,,,122.0841
94.55909, 30/6/2015 3:36:03 PM,,,,,,122.3404
95.00769, 30/6/2015 3:36:04 PM,,,,,,122.3404
95.32812, 30/6/2015 3:36:05 PM,,,,,,122.3404
95.6806, 30/6/2015 3:36:06 PM,,,,,,122.4366
95.77673, 30/6/2015 3:36:07 PM,,,,,,122.4366
95.77673, 30/6/2015 3:36:08 PM,,,,,,122.4366
95.07178, 30/6/2015 3:36:09 PM,,,,,,122.4366
94.75134, 30/6/2015 3:36:10 PM,,,,,,122.4366
94.33479, 30/6/2015 3:36:11 PM,,,,,,122.4366
94.23866, 30/6/2015 3:36:12 PM,,,,,,122.4366
94.20661, 30/6/2015 3:36:13 PM,,,,,,122.4366
94.01436, 30/6/2015 3:36:14 PM,,,,,,122.4366
93.75801, 30/6/2015 3:36:15 PM,,,,,,122.3725
93.50166, 30/6/2015 3:36:16 PM,,,,,,122.0841
93.50166, 30/6/2015 3:36:17 PM,,,,,,122.0841
93.50166, 30/6/2015 3:36:18 PM,,,,,,122.0841
94.36683, 30/6/2015 3:36:19 PM,,,,,,122.5006
94.36683, 30/6/2015 3:36:20 PM,,,,,,122.5006
94.36683, 30/6/2015 3:36:21 PM,,,,,,122.5006
94.36683, 30/6/2015 3:36:22 PM,,,,,,122.7249
93.79005, 30/6/2015 3:36:23 PM,,,,,,122.7249
93.79005, 30/6/2015 3:36:24 PM,,,,,,122.7249
93.43758, 30/6/2015 3:36:25 PM,,,,,,122.7249
93.43758, 30/6/2015 3:36:26 PM,,,,,,123.1415
93.43758, 30/6/2015 3:36:27 PM,,,,,,123.1415
93.43758, 30/6/2015 3:36:28 PM,,,,,,123.1415
93.43758, 30/6/2015 3:36:29 PM,,,,,,123.1415
93.43758, 30/6/2015 3:36:30 PM,,,,,,122.9172
93.43758, 30/6/2015 3:36:31 PM,,,,,,122.6609
93.43758, 30/6/2015 3:36:32 PM,,,,,,122.6609
93.43758, 30/6/2015 3:36:33 PM,,,,,,122.6609
93.08511, 30/6/2015 3:36:34 PM,,,,,,123.0454
93.08511, 30/6/2015 3:36:35 PM,,,,,,123.2376
93.08511, 30/6/2015 3:36:36 PM,,,,,,123.4619
93.40554, 30/6/2015 3:36:37 PM,,,,,,123.4619
93.50166, 30/6/2015 3:36:38 PM,,,,,,123.4619
93.62984, 30/6/2015 3:36:39 PM,,,,,,123.4619
93.62984, 30/6/2015 3:36:40 PM,,,,,,123.4619
93.62984, 30/6/2015 3:36:41 PM,,,,,,123.8144
93.91823, 30/6/2015 3:36:42 PM,,,,,,123.8144
94.20661, 30/6/2015 3:36:43 PM,,,,,,123.9746
94.52705, 30/6/2015 3:36:44 PM,,,,,,123.9746
94.75134, 30/6/2015 3:36:45 PM,,,,,,123.9746
94.75134, 30/6/2015 3:36:46 PM,,,,,,123.9746
94.07844, 30/6/2015 3:36:47 PM,,,,,,123.6862
93.66188, 30/6/2015 3:36:48 PM,,,,,,123.6862
93.66188, 30/6/2015 3:36:49 PM,,,,,,123.6862
93.66188, 30/6/2015 3:36:50 PM,,,,,,124.1669
93.34145, 30/6/2015 3:36:51 PM,,,,,,124.1669
93.34145, 30/6/2015 3:36:52 PM,,,,,,124.1669
93.34145, 30/6/2015 3:36:53 PM,,,,,,124.1669
92.98898, 30/6/2015 3:36:54 PM,,,,,,124.1669
92.98898, 30/6/2015 3:36:55 PM,,,,,,124.1669
92.98898, 30/6/2015 3:36:56 PM,,,,,,124.1669
92.98898, 30/6/2015 3:36:57 PM,,,,,,124.1669
93.56575, 30/6/2015 3:36:58 PM,,,,,,124.2951
93.59779, 30/6/2015 3:36:59 PM,,,,,,124.4873
93.59779, 30/6/2015 3:37:00 PM,,,,,,124.7757
93.59779, 30/6/2015 3:37:01 PM,,,,,,124.7757
93.59779, 30/6/2015 3:37:02 PM,,,,,,124.7757
93.59779, 30/6/2015 3:37:03 PM,,,,,,125.0641
93.27737, 30/6/2015 3:37:04 PM,,,,,,125.0641
93.27737, 30/6/2015 3:37:05 PM,,,,,,125.0641
92.82876, 30/6/2015 3:37:06 PM,,,,,,125.0641
92.82876, 30/6/2015 3:37:07 PM,,,,,,125.0641
92.82876, 30/6/2015 3:37:08 PM,,,,,,125.3845
92.60446, 30/6/2015 3:37:09 PM,,,,,,125.3845
92.34811, 30/6/2015 3:37:10 PM,,,,,,125.3845
92.28403, 30/6/2015 3:37:11 PM,,,,,,125.3845
92.02769, 30/6/2015 3:37:12 PM,,,,,,125.3845
92.02769, 30/6/2015 3:37:13 PM,,,,,,125.2563
92.02769, 30/6/2015 3:37:14 PM,,,,,,125.2563
92.02769, 30/6/2015 3:37:15 PM,,,,,,125.2563
91.38683, 30/6/2015 3:37:16 PM,,,,,,125.2563
91.25865, 30/6/2015 3:37:17 PM,,,,,,125.4806
91.03435, 30/6/2015 3:37:18 PM,,,,,,125.4806
91.03435, 30/6/2015 3:37:19 PM,,,,,,125.4806
91.03435, 30/6/2015 3:37:20 PM,,,,,,125.4806
91.03435, 30/6/2015 3:37:21 PM,,,,,,125.8011
90.68188, 30/6/2015 3:37:22 PM,,,,,,125.8011
90.68188, 30/6/2015 3:37:23 PM,,,,,,125.9293
90.68188, 30/6/2015 3:37:24 PM,,,,,,126.0895
90.36144, 30/6/2015 3:37:25 PM,,,,,,126.0895
90.13715, 30/6/2015 3:37:26 PM,,,,,,125.9613
90.13715, 30/6/2015 3:37:27 PM,,,,,,125.8972
90.13715, 30/6/2015 3:37:28 PM,,,,,,125.8972
89.78467, 30/6/2015 3:37:29 PM,,,,,,125.8972
89.78467, 30/6/2015 3:37:30 PM,,,,,,125.8972
89.78467, 30/6/2015 3:37:31 PM,,,,,,125.8972
89.78467, 30/6/2015 3:37:32 PM,,,,,,125.8972
89.78467, 30/6/2015 3:37:33 PM,,,,,,125.8972
89.78467, 30/6/2015 3:37:34 PM,,,,,,125.8972
89.78467, 30/6/2015 3:37:35 PM,,,,,,126.1856
89.78467, 30/6/2015 3:37:36 PM,,,,,,126.1856
90.07306, 30/6/2015 3:37:37 PM,,,,,,126.4419
90.07306, 30/6/2015 3:37:38 PM,,,,,,126.5701
90.07306, 30/6/2015 3:37:39 PM,,,,,,126.8265
89.62446, 30/6/2015 3:37:40 PM,,,,,,126.8265
89.23994, 30/6/2015 3:37:41 PM,,,,,,126.8265
89.23994, 30/6/2015 3:37:42 PM,,,,,,126.6662
89.23994, 30/6/2015 3:37:43 PM,,,,,,126.6662
89.07972, 30/6/2015 3:37:44 PM,,,,,,126.6662
89.07972, 30/6/2015 3:37:45 PM,,,,,,126.8905
88.82338, 30/6/2015 3:37:46 PM,,,,,,126.8905
88.82338, 30/6/2015 3:37:47 PM,,,,,,126.8905
88.82338, 30/6/2015 3:37:48 PM,,,,,,126.8265
88.82338, 30/6/2015 3:37:49 PM,,,,,,126.7624
88.9836, 30/6/2015 3:37:50 PM,,,,,,126.7624
89.14381, 30/6/2015 3:37:51 PM,,,,,,126.7624
89.14381, 30/6/2015 3:37:52 PM,,,,,,126.7624
89.40015, 30/6/2015 3:37:53 PM,,,,,,126.7624
89.40015, 30/6/2015 3:37:54 PM,,,,,,126.7624
89.81671, 30/6/2015 3:37:55 PM,,,,,,126.9867
89.91284, 30/6/2015 3:37:56 PM,,,,,,127.243
89.91284, 30/6/2015 3:37:57 PM,,,,,,127.3391
90.04102, 30/6/2015 3:37:58 PM,,,,,,127.5314
90.13715, 30/6/2015 3:37:59 PM,,,,,,127.5314
90.13715, 30/6/2015 3:38:00 PM,,,,,,127.5314
90.13715, 30/6/2015 3:38:01 PM,,,,,,127.5314
90.13715, 30/6/2015 3:38:02 PM,,,,,,127.5314
89.91284, 30/6/2015 3:38:03 PM,,,,,,127.5314
89.72058, 30/6/2015 3:38:04 PM,,,,,,127.5314
89.40015, 30/6/2015 3:38:05 PM,,,,,,127.5314
89.40015, 30/6/2015 3:38:06 PM,,,,,,127.5314
89.40015, 30/6/2015 3:38:07 PM,,,,,,127.5314
88.91951, 30/6/2015 3:38:08 PM,,,,,,127.1789
88.75929, 30/6/2015 3:38:09 PM,,,,,,127.1789
88.53499, 30/6/2015 3:38:10 PM,,,,,,127.1789
88.37478, 30/6/2015 3:38:11 PM,,,,,,127.3712
88.37478, 30/6/2015 3:38:12 PM,,,,,,127.6275
88.37478, 30/6/2015 3:38:13 PM,,,,,,127.6275
88.37478, 30/6/2015 3:38:14 PM,,,,,,127.6275
88.37478, 30/6/2015 3:38:15 PM,,,,,,127.6275
88.37478, 30/6/2015 3:38:16 PM,,,,,,127.6275
88.37478, 30/6/2015 3:38:17 PM,,,,,,127.8518
88.82338, 30/6/2015 3:38:18 PM,,,,,,127.8518
88.91951, 30/6/2015 3:38:19 PM,,,,,,128.0441
89.17585, 30/6/2015 3:38:20 PM,,,,,,128.0441
89.17585, 30/6/2015 3:38:21 PM,,,,,,128.0441
89.49628, 30/6/2015 3:38:22 PM,,,,,,128.0441
89.49628, 30/6/2015 3:38:23 PM,,,,,,128.3004
89.49628, 30/6/2015 3:38:24 PM,,,,,,128.3004
89.49628, 30/6/2015 3:38:25 PM,,,,,,128.3004
89.23994, 30/6/2015 3:38:26 PM,,,,,,128.3004
89.23994, 30/6/2015 3:38:27 PM,,,,,,128.3004
89.23994, 30/6/2015 3:38:28 PM,,,,,,128.4927
89.23994, 30/6/2015 3:38:29 PM,,,,,,128.4927
89.23994, 30/6/2015 3:38:30 PM,,,,,,128.4927
89.23994, 30/6/2015 3:38:31 PM,,,,,,128.4927
89.23994, 30/6/2015 3:38:32 PM,,,,,,128.4927
88.85542, 30/6/2015 3:38:33 PM,,,,,,128.4927
88.66316, 30/6/2015 3:38:34 PM,,,,,,128.4927
88.66316, 30/6/2015 3:38:35 PM,,,,,,128.0441
88.34274, 30/6/2015 3:38:36 PM,,,,,,127.8518
88.34274, 30/6/2015 3:38:37 PM,,,,,,127.6916
87.798, 30/6/2015 3:38:38 PM,,,,,,127.243
87.798, 30/6/2015 3:38:39 PM,,,,,,127.243
87.22122, 30/6/2015 3:38:40 PM,,,,,,126.7303
87.22122, 30/6/2015 3:38:41 PM,,,,,,126.5701
87.22122, 30/6/2015 3:38:42 PM,,,,,,126.0254
87.22122, 30/6/2015 3:38:43 PM,,,,,,125.6088
87.06101, 30/6/2015 3:38:44 PM,,,,,,125.3845
87.06101, 30/6/2015 3:38:45 PM,,,,,,125.3845
87.06101, 30/6/2015 3:38:46 PM,,,,,,125.3845
87.3494, 30/6/2015 3:38:47 PM,,,,,,125.3845
87.50961, 30/6/2015 3:38:48 PM,,,,,,125.3845
87.798, 30/6/2015 3:38:49 PM,,,,,,125.3845
88.34274, 30/6/2015 3:38:50 PM,,,,,,125.3845
88.43886, 30/6/2015 3:38:51 PM,,,,,,125
88.43886, 30/6/2015 3:38:52 PM,,,,,,125
88.95155, 30/6/2015 3:38:53 PM,,,,,,125
89.07972, 30/6/2015 3:38:54 PM,,,,,,124.8398
89.07972, 30/6/2015 3:38:55 PM,,,,,,124.8398
89.07972, 30/6/2015 3:38:56 PM,,,,,,124.7757
89.07972, 30/6/2015 3:38:57 PM,,,,,,124.6475
89.07972, 30/6/2015 3:38:58 PM,,,,,,124.1348
89.07972, 30/6/2015 3:38:59 PM,,,,,,123.8785
89.07972, 30/6/2015 3:39:00 PM,,,,,,123.526
89.07972, 30/6/2015 3:39:01 PM,,,,,,123.526
89.07972, 30/6/2015 3:39:02 PM,,,,,,122.9813
89.07972, 30/6/2015 3:39:03 PM,,,,,,122.7249
89.07972, 30/6/2015 3:39:04 PM,,,,,,122.02
89.07972, 30/6/2015 3:39:05 PM,,,,,,121.5714
89.07972, 30/6/2015 3:39:06 PM,,,,,,121.0587
89.01564, 30/6/2015 3:39:07 PM,,,,,,120.6421
88.43886, 30/6/2015 3:39:08 PM,,,,,,120.3538
88.05434, 30/6/2015 3:39:09 PM,,,,,,120.0974
87.99026, 30/6/2015 3:39:10 PM,,,,,,119.809
87.70187, 30/6/2015 3:39:11 PM,,,,,,119.3925
87.5737, 30/6/2015 3:39:12 PM,,,,,,119.3925
87.38144, 30/6/2015 3:39:13 PM,,,,,,119.2963
87.38144, 30/6/2015 3:39:14 PM,,,,,,119.2963
87.38144, 30/6/2015 3:39:15 PM,,,,,,119.2963
87.31735, 30/6/2015 3:39:16 PM,,,,,,119.3925
87.31735, 30/6/2015 3:39:17 PM,,,,,,119.6168
87.31735, 30/6/2015 3:39:18 PM,,,,,,119.6168
88.0223, 30/6/2015 3:39:19 PM,,,,,,119.6168
88.18252, 30/6/2015 3:39:20 PM,,,,,,119.5527
88.53499, 30/6/2015 3:39:21 PM,,,,,,119.5206
88.53499, 30/6/2015 3:39:22 PM,,,,,,119.5206
88.82338, 30/6/2015 3:39:23 PM,,,,,,119.2002
88.82338, 30/6/2015 3:39:24 PM,,,,,,119.072
89.01564, 30/6/2015 3:39:25 PM,,,,,,118.7516
89.40015, 30/6/2015 3:39:26 PM,,,,,,118.7516
89.40015, 30/6/2015 3:39:27 PM,,,,,,118.7516
89.40015, 30/6/2015 3:39:28 PM,,,,,,118.7516
89.40015, 30/6/2015 3:39:29 PM,,,,,,118.7516
89.40015, 30/6/2015 3:39:30 PM,,,,,,119.04
89.40015, 30/6/2015 3:39:31 PM,,,,,,119.3284
89.40015, 30/6/2015 3:39:32 PM,,,,,,119.3284
89.40015, 30/6/2015 3:39:33 PM,,,,,,119.3284
88.79134, 30/6/2015 3:39:34 PM,,,,,,118.8798
88.43886, 30/6/2015 3:39:35 PM,,,,,,118.5273
88.0223, 30/6/2015 3:39:36 PM,,,,,,118.1107
87.47757, 30/6/2015 3:39:37 PM,,,,,,117.9505
87.15714, 30/6/2015 3:39:38 PM,,,,,,117.1495
86.67649, 30/6/2015 3:39:39 PM,,,,,,116.4765
86.67649, 30/6/2015 3:39:40 PM,,,,,,115.9959
86.09972, 30/6/2015 3:39:41 PM,,,,,,115.4512
86.09972, 30/6/2015 3:39:42 PM,,,,,,114.9705
86.09972, 30/6/2015 3:39:43 PM,,,,,,114.9705
86.29198, 30/6/2015 3:39:44 PM,,,,,,114.0733
86.74058, 30/6/2015 3:39:45 PM,,,,,,114.0733
86.90079, 30/6/2015 3:39:46 PM,,,,,,113.8811
87.38144, 30/6/2015 3:39:47 PM,,,,,,113.7529
87.38144, 30/6/2015 3:39:48 PM,,,,,,113.7529
87.70187, 30/6/2015 3:39:49 PM,,,,,,113.4645
87.95821, 30/6/2015 3:39:50 PM,,,,,,113.2402
87.95821, 30/6/2015 3:39:51 PM,,,,,,113.2402
87.95821, 30/6/2015 3:39:52 PM,,,,,,113.2082
87.95821, 30/6/2015 3:39:53 PM,,,,,,113.2082
87.95821, 30/6/2015 3:39:54 PM,,,,,,113.2082
87.86208, 30/6/2015 3:39:55 PM,,,,,,113.2082
87.47757, 30/6/2015 3:39:56 PM,,,,,,113.2082
87.47757, 30/6/2015 3:39:57 PM,,,,,,113.2082
87.47757, 30/6/2015 3:39:58 PM,,,,,,113.2082
87.31735, 30/6/2015 3:39:59 PM,,,,,,113.2082
87.31735, 30/6/2015 3:40:00 PM,,,,,,113.2082
87.25327, 30/6/2015 3:40:01 PM,,,,,,113.2082
87.25327, 30/6/2015 3:40:02 PM,,,,,,113.2082
87.66983, 30/6/2015 3:40:03 PM,,,,,,112.7916
87.66983, 30/6/2015 3:40:04 PM,,,,,,112.5352
88.11843, 30/6/2015 3:40:05 PM,,,,,,111.8944
88.34274, 30/6/2015 3:40:06 PM,,,,,,111.8944
88.34274, 30/6/2015 3:40:07 PM,,,,,,111.7342
88.34274, 30/6/2015 3:40:08 PM,,,,,,111.7342
88.34274, 30/6/2015 3:40:09 PM,,,,,,111.4137
87.89413, 30/6/2015 3:40:10 PM,,,,,,111.2215
87.86208, 30/6/2015 3:40:11 PM,,,,,,110.869
87.86208, 30/6/2015 3:40:12 PM,,,,,,110.2922
87.47757, 30/6/2015 3:40:13 PM,,,,,,110.2922
87.47757, 30/6/2015 3:40:14 PM,,,,,,110.2922
87.22122, 30/6/2015 3:40:15 PM,,,,,,110.2922
87.22122, 30/6/2015 3:40:16 PM,,,,,,110.2922
87.22122, 30/6/2015 3:40:17 PM,,,,,,110.2922
87.22122, 30/6/2015 3:40:18 PM,,,,,,110.2922
87.54166, 30/6/2015 3:40:19 PM,,,,,,110.2922
87.86208, 30/6/2015 3:40:20 PM,,,,,,110.2922
87.86208, 30/6/2015 3:40:21 PM,,,,,,110.6127
87.86208, 30/6/2015 3:40:22 PM,,,,,,110.9011
88.15047, 30/6/2015 3:40:23 PM,,,,,,110.9011
88.31069, 30/6/2015 3:40:24 PM,,,,,,110.9011
88.31069, 30/6/2015 3:40:25 PM,,,,,,110.9011
88.31069, 30/6/2015 3:40:26 PM,,,,,,110.2281
88.31069, 30/6/2015 3:40:27 PM,,,,,,110.1
87.798, 30/6/2015 3:40:28 PM,,,,,,110.0359
87.70187, 30/6/2015 3:40:29 PM,,,,,,109.6514
87.70187, 30/6/2015 3:40:30 PM,,,,,,109.5552
87.41348, 30/6/2015 3:40:31 PM,,,,,,109.1707
87.06101, 30/6/2015 3:40:32 PM,,,,,,109.1066
86.67649, 30/6/2015 3:40:33 PM,,,,,,109.1066
86.42015, 30/6/2015 3:40:34 PM,,,,,,109.1066
86.13176, 30/6/2015 3:40:35 PM,,,,,,109.1066
85.81133, 30/6/2015 3:40:36 PM,,,,,,109.395
85.81133, 30/6/2015 3:40:37 PM,,,,,,109.4271
85.58703, 30/6/2015 3:40:38 PM,,,,,,109.4271
85.33068, 30/6/2015 3:40:39 PM,,,,,,109.4271
85.2666, 30/6/2015 3:40:40 PM,,,,,,109.4271
85.2666, 30/6/2015 3:40:41 PM,,,,,,109.1387
85.2666, 30/6/2015 3:40:42 PM,,,,,,109.1387
85.58703, 30/6/2015 3:40:43 PM,,,,,,109.0746
85.58703, 30/6/2015 3:40:44 PM,,,,,,108.9144
85.58703, 30/6/2015 3:40:45 PM,,,,,,108.9144
85.58703, 30/6/2015 3:40:46 PM,,,,,,108.9144
85.58703, 30/6/2015 3:40:47 PM,,,,,,109.3309
85.58703, 30/6/2015 3:40:48 PM,,,,,,109.5873
85.17047, 30/6/2015 3:40:49 PM,,,,,,109.5873
85.07434, 30/6/2015 3:40:50 PM,,,,,,109.8116
85.01025, 30/6/2015 3:40:51 PM,,,,,,109.8116
84.68982, 30/6/2015 3:40:52 PM,,,,,,109.8116
84.68982, 30/6/2015 3:40:53 PM,,,,,,109.9398
84.68982, 30/6/2015 3:40:54 PM,,,,,,109.9398
84.85004, 30/6/2015 3:40:55 PM,,,,,,109.4912
84.85004, 30/6/2015 3:40:56 PM,,,,,,108.9785
84.85004, 30/6/2015 3:40:57 PM,,,,,,108.626
84.85004, 30/6/2015 3:40:58 PM,,,,,,108.5299
84.52961, 30/6/2015 3:40:59 PM,,,,,,108.1453
84.46552, 30/6/2015 3:41:00 PM,,,,,,107.889
84.46552, 30/6/2015 3:41:01 PM,,,,,,107.889
84.46552, 30/6/2015 3:41:02 PM,,,,,,107.6647
84.27326, 30/6/2015 3:41:03 PM,,,,,,107.5045
84.04897, 30/6/2015 3:41:04 PM,,,,,,107.4084
84.04897, 30/6/2015 3:41:05 PM,,,,,,106.9277
84.04897, 30/6/2015 3:41:06 PM,,,,,,106.9277
84.04897, 30/6/2015 3:41:07 PM,,,,,,107.0879
84.04897, 30/6/2015 3:41:08 PM,,,,,,107.1841
84.04897, 30/6/2015 3:41:09 PM,,,,,,107.1841
84.04897, 30/6/2015 3:41:10 PM,,,,,,106.5752
83.88875, 30/6/2015 3:41:11 PM,,,,,,106.4471
83.88875, 30/6/2015 3:41:12 PM,,,,,,106.0625
83.88875, 30/6/2015 3:41:13 PM,,,,,,106.0305
83.69649, 30/6/2015 3:41:14 PM,,,,,,105.9023
83.24789, 30/6/2015 3:41:15 PM,,,,,,105.6139
82.86337, 30/6/2015 3:41:16 PM,,,,,,105.2615
82.86337, 30/6/2015 3:41:17 PM,,,,,,105.2615
82.28659, 30/6/2015 3:41:18 PM,,,,,,104.6847
82.28659, 30/6/2015 3:41:19 PM,,,,,,104.6847
81.93412, 30/6/2015 3:41:20 PM,,,,,,104.6847
81.93412, 30/6/2015 3:41:21 PM,,,,,,105.2294
81.80595, 30/6/2015 3:41:22 PM,,,,,,105.646
81.61369, 30/6/2015 3:41:23 PM,,,,,,105.9664
81.61369, 30/6/2015 3:41:24 PM,,,,,,106.3509
81.61369, 30/6/2015 3:41:25 PM,,,,,,106.3509
81.61369, 30/6/2015 3:41:26 PM,,,,,,106.6714
81.61369, 30/6/2015 3:41:27 PM,,,,,,106.6714
81.61369, 30/6/2015 3:41:28 PM,,,,,,106.6714
81.61369, 30/6/2015 3:41:29 PM,,,,,,106.0946
81.61369, 30/6/2015 3:41:30 PM,,,,,,105.9664
81.64573, 30/6/2015 3:41:31 PM,,,,,,105.1013
81.87003, 30/6/2015 3:41:32 PM,,,,,,104.4284
81.87003, 30/6/2015 3:41:33 PM,,,,,,103.9477
81.87003, 30/6/2015 3:41:34 PM,,,,,,103.6914
81.87003, 30/6/2015 3:41:35 PM,,,,,,103.6914
81.87003, 30/6/2015 3:41:36 PM,,,,,,103.6914
81.87003, 30/6/2015 3:41:37 PM,,,,,,103.6914
81.87003, 30/6/2015 3:41:38 PM,,,,,,103.6914
81.87003, 30/6/2015 3:41:39 PM,,,,,,103.6914
81.87003, 30/6/2015 3:41:40 PM,,,,,,104.3643
81.87003, 30/6/2015 3:41:41 PM,,,,,,104.7488
81.87003, 30/6/2015 3:41:42 PM,,,,,,104.8449
81.87003, 30/6/2015 3:41:43 PM,,,,,,105.1653
81.87003, 30/6/2015 3:41:44 PM,,,,,,105.1653
81.87003, 30/6/2015 3:41:45 PM,,,,,,105.1653
81.87003, 30/6/2015 3:41:46 PM,,,,,,105.1653
81.87003, 30/6/2015 3:41:47 PM,,,,,,105.1653
81.87003, 30/6/2015 3:41:48 PM,,,,,,105.1653
81.87003, 30/6/2015 3:41:49 PM,,,,,,104.941
81.87003, 30/6/2015 3:41:50 PM,,,,,,104.3002
81.87003, 30/6/2015 3:41:51 PM,,,,,,104.2681
81.87003, 30/6/2015 3:41:52 PM,,,,,,103.9798
81.87003, 30/6/2015 3:41:53 PM,,,,,,103.8516
81.87003, 30/6/2015 3:41:54 PM,,,,,,103.8516
81.64573, 30/6/2015 3:41:55 PM,,,,,,103.8516
81.42143, 30/6/2015 3:41:56 PM,,,,,,103.8516
81.06895, 30/6/2015 3:41:57 PM,,,,,,103.403
81.06895, 30/6/2015 3:41:58 PM,,,,,,103.403
80.52422, 30/6/2015 3:41:59 PM,,,,,,103.403
80.52422, 30/6/2015 3:42:00 PM,,,,,,103.403
80.36401, 30/6/2015 3:42:01 PM,,,,,,103.403
80.36401, 30/6/2015 3:42:02 PM,,,,,,103.403
80.36401, 30/6/2015 3:42:03 PM,,,,,,103.403
80.36401, 30/6/2015 3:42:04 PM,,,,,,103.6273
80.36401, 30/6/2015 3:42:05 PM,,,,,,103.6273
80.36401, 30/6/2015 3:42:06 PM,,,,,,103.6273
80.36401, 30/6/2015 3:42:07 PM,,,,,,103.6273
80.36401, 30/6/2015 3:42:08 PM,,,,,,103.7234
80.36401, 30/6/2015 3:42:09 PM,,,,,,103.8516
80.36401, 30/6/2015 3:42:10 PM,,,,,,103.8516
80.36401, 30/6/2015 3:42:11 PM,,,,,,103.8516
80.36401, 30/6/2015 3:42:12 PM,,,,,,103.4991
80.36401, 30/6/2015 3:42:13 PM,,,,,,103.4991
80.36401, 30/6/2015 3:42:14 PM,,,,,,103.4991
80.36401, 30/6/2015 3:42:15 PM,,,,,,103.4991
80.36401, 30/6/2015 3:42:16 PM,,,,,,103.4991
80.36401, 30/6/2015 3:42:17 PM,,,,,,103.4671
80.36401, 30/6/2015 3:42:18 PM,,,,,,103.0505
80.36401, 30/6/2015 3:42:19 PM,,,,,,103.0505
80.36401, 30/6/2015 3:42:20 PM,,,,,,103.0505
80.10767, 30/6/2015 3:42:21 PM,,,,,,103.0505
80.10767, 30/6/2015 3:42:22 PM,,,,,,103.0505
80.01154, 30/6/2015 3:42:23 PM,,,,,,103.0505
79.88336, 30/6/2015 3:42:24 PM,,,,,,103.0505
79.62702, 30/6/2015 3:42:25 PM,,,,,,102.7301
79.56293, 30/6/2015 3:42:26 PM,,,,,,102.5058
79.37067, 30/6/2015 3:42:27 PM,,,,,,102.5058
79.37067, 30/6/2015 3:42:28 PM,,,,,,102.5058
79.05025, 30/6/2015 3:42:29 PM,,,,,,102.0572
79.05025, 30/6/2015 3:42:30 PM,,,,,,102.0572
79.05025, 30/6/2015 3:42:31 PM,,,,,,101.8969
79.05025, 30/6/2015 3:42:32 PM,,,,,,101.8969
79.05025, 30/6/2015 3:42:33 PM,,,,,,101.8969
78.60164, 30/6/2015 3:42:34 PM,,,,,,101.5445
78.60164, 30/6/2015 3:42:35 PM,,,,,,101.5445
78.60164, 30/6/2015 3:42:36 PM,,,,,,101.5445
78.60164, 30/6/2015 3:42:37 PM,,,,,,101.3843
78.60164, 30/6/2015 3:42:38 PM,,,,,,101.3843
78.60164, 30/6/2015 3:42:39 PM,,,,,,101.3843
79.08228, 30/6/2015 3:42:40 PM,,,,,,101.16
79.05025, 30/6/2015 3:42:41 PM,,,,,,101.16
78.89003, 30/6/2015 3:42:42 PM,,,,,,101.16
78.89003, 30/6/2015 3:42:43 PM,,,,,,101.0638
78.66573, 30/6/2015 3:42:44 PM,,,,,,100.8075
78.66573, 30/6/2015 3:42:45 PM,,,,,,100.8075
78.50551, 30/6/2015 3:42:46 PM,,,,,,100.8075
78.21712, 30/6/2015 3:42:47 PM,,,,,,100.8075
77.89669, 30/6/2015 3:42:48 PM,,,,,,100.8075
77.80057, 30/6/2015 3:42:49 PM,,,,,,100.9677
77.41605, 30/6/2015 3:42:50 PM,,,,,,100.9677
77.12766, 30/6/2015 3:42:51 PM,,,,,,101.2561
76.96745, 30/6/2015 3:42:52 PM,,,,,,101.2561
76.64701, 30/6/2015 3:42:53 PM,,,,,,101.2561
76.51884, 30/6/2015 3:42:54 PM,,,,,,101.3843
76.16637, 30/6/2015 3:42:55 PM,,,,,,101.3843
76.16637, 30/6/2015 3:42:56 PM,,,,,,101.3843
76.4868, 30/6/2015 3:42:57 PM,,,,,,101.3843
76.4868, 30/6/2015 3:42:58 PM,,,,,,101.3843
76.4868, 30/6/2015 3:42:59 PM,,,,,,101.3843
76.83927, 30/6/2015 3:43:00 PM,,,,,,100.8395
76.83927, 30/6/2015 3:43:01 PM,,,,,,100.2628
76.83927, 30/6/2015 3:43:02 PM,,,,,,100.2628
77.06358, 30/6/2015 3:43:03 PM,,,,,,100.2628
77.15971, 30/6/2015 3:43:04 PM,,,,,,100.2628
77.15971, 30/6/2015 3:43:05 PM,,,,,,100.2628
77.15971, 30/6/2015 3:43:06 PM,,,,,,100.2628
77.15971, 30/6/2015 3:43:07 PM,,,,,,99.62189
77.15971, 30/6/2015 3:43:08 PM,,,,,,99.62189
77.15971, 30/6/2015 3:43:09 PM,,,,,,99.62189
77.15971, 30/6/2015 3:43:10 PM,,,,,,99.62189
76.77518, 30/6/2015 3:43:11 PM,,,,,,99.62189
76.77518, 30/6/2015 3:43:12 PM,,,,,,99.39759
76.77518, 30/6/2015 3:43:13 PM,,,,,,99.39759
76.77518, 30/6/2015 3:43:14 PM,,,,,,99.39759
76.77518, 30/6/2015 3:43:15 PM,,,,,,99.65394
76.77518, 30/6/2015 3:43:16 PM,,,,,,99.65394
77.22379, 30/6/2015 3:43:17 PM,,,,,,99.65394
77.22379, 30/6/2015 3:43:18 PM,,,,,,99.65394
77.22379, 30/6/2015 3:43:19 PM,,,,,,99.65394
77.22379, 30/6/2015 3:43:20 PM,,,,,,99.71802
77.22379, 30/6/2015 3:43:21 PM,,,,,,100.0064
77.22379, 30/6/2015 3:43:22 PM,,,,,,100.0064
76.96745, 30/6/2015 3:43:23 PM,,,,,,100.0064
76.61497, 30/6/2015 3:43:24 PM,,,,,,99.87823
76.61497, 30/6/2015 3:43:25 PM,,,,,,99.65394
76.61497, 30/6/2015 3:43:26 PM,,,,,,99.3335
76.35863, 30/6/2015 3:43:27 PM,,,,,,99.3335
76.35863, 30/6/2015 3:43:28 PM,,,,,,98.91695
76.35863, 30/6/2015 3:43:29 PM,,,,,,98.91695
76.13432, 30/6/2015 3:43:30 PM,,,,,,98.82082
76.13432, 30/6/2015 3:43:31 PM,,,,,,98.59651
76.13432, 30/6/2015 3:43:32 PM,,,,,,98.59651
76.2625, 30/6/2015 3:43:33 PM,,,,,,98.59651
76.2625, 30/6/2015 3:43:34 PM,,,,,,98.59651
76.2625, 30/6/2015 3:43:35 PM,,,,,,99.14124
75.78185, 30/6/2015 3:43:36 PM,,,,,,99.14124
75.78185, 30/6/2015 3:43:37 PM,,,,,,99.14124
75.23712, 30/6/2015 3:43:38 PM,,,,,,99.55781
75.23712, 30/6/2015 3:43:39 PM,,,,,,99.55781
74.8526, 30/6/2015 3:43:40 PM,,,,,,99.84619
74.8526, 30/6/2015 3:43:41 PM,,,,,,100.1025
74.8526, 30/6/2015 3:43:42 PM,,,,,,100.1025
74.59626, 30/6/2015 3:43:43 PM,,,,,,100.1025
74.59626, 30/6/2015 3:43:44 PM,,,,,,100.1025
74.59626, 30/6/2015 3:43:45 PM,,,,,,99.7821
74.59626, 30/6/2015 3:43:46 PM,,,,,,99.52576
74.59626, 30/6/2015 3:43:47 PM,,,,,,99.17329
74.82056, 30/6/2015 3:43:48 PM,,,,,,98.8849
74.82056, 30/6/2015 3:43:49 PM,,,,,,98.8849
74.82056, 30/6/2015 3:43:50 PM,,,,,,98.6606
74.82056, 30/6/2015 3:43:51 PM,,,,,,98.24404
74.82056, 30/6/2015 3:43:52 PM,,,,,,98.05178
74.82056, 30/6/2015 3:43:53 PM,,,,,,97.85952
75.04486, 30/6/2015 3:43:54 PM,,,,,,97.44296
75.04486, 30/6/2015 3:43:55 PM,,,,,,97.44296
75.04486, 30/6/2015 3:43:56 PM,,,,,,97.44296
75.04486, 30/6/2015 3:43:57 PM,,,,,,97.44296
74.8526, 30/6/2015 3:43:58 PM,,,,,,97.44296
74.8526, 30/6/2015 3:43:59 PM,,,,,,97.85952
74.8526, 30/6/2015 3:44:00 PM,,,,,,97.85952
74.8526, 30/6/2015 3:44:01 PM,,,,,,97.85952
74.46809, 30/6/2015 3:44:02 PM,,,,,,97.85952
74.43604, 30/6/2015 3:44:03 PM,,,,,,97.95565
74.43604, 30/6/2015 3:44:04 PM,,,,,,98.11587
74.43604, 30/6/2015 3:44:05 PM,,,,,,98.11587
74.11561, 30/6/2015 3:44:06 PM,,,,,,98.11587
74.11561, 30/6/2015 3:44:07 PM,,,,,,98.11587
73.92336, 30/6/2015 3:44:08 PM,,,,,,98.11587
73.76314, 30/6/2015 3:44:09 PM,,,,,,98.11587
73.76314, 30/6/2015 3:44:10 PM,,,,,,97.79544
73.76314, 30/6/2015 3:44:11 PM,,,,,,97.69931
73.76314, 30/6/2015 3:44:12 PM,,,,,,97.41092
73.76314, 30/6/2015 3:44:13 PM,,,,,,97.41092
73.25045, 30/6/2015 3:44:14 PM,,,,,,97.41092
73.25045, 30/6/2015 3:44:15 PM,,,,,,97.37888
73.25045, 30/6/2015 3:44:16 PM,,,,,,97.37888
72.93002, 30/6/2015 3:44:17 PM,,,,,,97.37888
72.60959, 30/6/2015 3:44:18 PM,,,,,,97.12254
72.60959, 30/6/2015 3:44:19 PM,,,,,,97.12254
72.60959, 30/6/2015 3:44:20 PM,,,,,,97.12254
72.60959, 30/6/2015 3:44:21 PM,,,,,,97.12254
72.60959, 30/6/2015 3:44:22 PM,,,,,,97.12254
72.19302, 30/6/2015 3:44:23 PM,,,,,,97.12254
72.06486, 30/6/2015 3:44:24 PM,,,,,,96.99436
72.00077, 30/6/2015 3:44:25 PM,,,,,,96.89823
72.00077, 30/6/2015 3:44:26 PM,,,,,,96.67393
71.84055, 30/6/2015 3:44:27 PM,,,,,,96.67393
71.68034, 30/6/2015 3:44:28 PM,,,,,,96.67393
71.68034, 30/6/2015 3:44:29 PM,,,,,,96.67393
71.68034, 30/6/2015 3:44:30 PM,,,,,,96.67393
71.68034, 30/6/2015 3:44:31 PM,,,,,,96.67393
71.68034, 30/6/2015 3:44:32 PM,,,,,,96.93027
71.68034, 30/6/2015 3:44:33 PM,,,,,,97.15458
71.16765, 30/6/2015 3:44:34 PM,,,,,,97.44296
71.16765, 30/6/2015 3:44:35 PM,,,,,,97.53909
71.16765, 30/6/2015 3:44:36 PM,,,,,,97.53909
71.16765, 30/6/2015 3:44:37 PM,,,,,,97.53909
71.16765, 30/6/2015 3:44:38 PM,,,,,,97.79544
70.87926, 30/6/2015 3:44:39 PM,,,,,,97.79544
70.87926, 30/6/2015 3:44:40 PM,,,,,,97.79544
70.87926, 30/6/2015 3:44:41 PM,,,,,,97.79544
70.87926, 30/6/2015 3:44:42 PM,,,,,,97.79544
70.87926, 30/6/2015 3:44:43 PM,,,,,,97.31479
70.87926, 30/6/2015 3:44:44 PM,,,,,,97.21866
70.87926, 30/6/2015 3:44:45 PM,,,,,,97.21866
70.87926, 30/6/2015 3:44:46 PM,,,,,,96.77006
70.87926, 30/6/2015 3:44:47 PM,,,,,,96.77006
70.87926, 30/6/2015 3:44:48 PM,,,,,,96.77006
71.07152, 30/6/2015 3:44:49 PM,,,,,,96.77006
71.39195, 30/6/2015 3:44:50 PM,,,,,,96.77006
71.39195, 30/6/2015 3:44:51 PM,,,,,,96.77006
71.39195, 30/6/2015 3:44:52 PM,,,,,,96.3535
71.39195, 30/6/2015 3:44:53 PM,,,,,,96.3535
71.39195, 30/6/2015 3:44:54 PM,,,,,,96.19328
71.39195, 30/6/2015 3:44:55 PM,,,,,,96.19328
71.424, 30/6/2015 3:44:56 PM,,,,,,96.19328
71.58421, 30/6/2015 3:44:57 PM,,,,,,96.19328
71.58421, 30/6/2015 3:44:58 PM,,,,,,96.1292
71.64829, 30/6/2015 3:44:59 PM,,,,,,95.61651
71.68034, 30/6/2015 3:45:00 PM,,,,,,95.61651
71.8726, 30/6/2015 3:45:01 PM,,,,,,95.61651
71.8726, 30/6/2015 3:45:02 PM,,,,,,95.61651
71.8726, 30/6/2015 3:45:03 PM,,,,,,95.61651
71.8726, 30/6/2015 3:45:04 PM,,,,,,95.61651
72.19302, 30/6/2015 3:45:05 PM,,,,,,95.61651
72.19302, 30/6/2015 3:45:06 PM,,,,,,95.36016
72.19302, 30/6/2015 3:45:07 PM,,,,,,95.29608
72.19302, 30/6/2015 3:45:08 PM,,,,,,94.87952
72.19302, 30/6/2015 3:45:09 PM,,,,,,94.87952
72.44937, 30/6/2015 3:45:10 PM,,,,,,94.87952
72.60959, 30/6/2015 3:45:11 PM,,,,,,94.87952
72.76981, 30/6/2015 3:45:12 PM,,,,,,94.495
72.76981, 30/6/2015 3:45:13 PM,,,,,,94.495
73.12228, 30/6/2015 3:45:14 PM,,,,,,94.11048
73.25045, 30/6/2015 3:45:15 PM,,,,,,93.62984
73.25045, 30/6/2015 3:45:16 PM,,,,,,93.34145
73.25045, 30/6/2015 3:45:17 PM,,,,,,93.30941
73.25045, 30/6/2015 3:45:18 PM,,,,,,93.02102
73.25045, 30/6/2015 3:45:19 PM,,,,,,93.02102
73.25045, 30/6/2015 3:45:20 PM,,,,,,93.02102
73.25045, 30/6/2015 3:45:21 PM,,,,,,92.76468
73.34658, 30/6/2015 3:45:22 PM,,,,,,92.76468
73.34658, 30/6/2015 3:45:23 PM,,,,,,92.76468
73.34658, 30/6/2015 3:45:24 PM,,,,,,92.76468
73.34658, 30/6/2015 3:45:25 PM,,,,,,93.18124
73.34658, 30/6/2015 3:45:26 PM,,,,,,93.34145
73.34658, 30/6/2015 3:45:27 PM,,,,,,93.59779
73.34658, 30/6/2015 3:45:28 PM,,,,,,93.66188
73.34658, 30/6/2015 3:45:29 PM,,,,,,93.95027
73.34658, 30/6/2015 3:45:30 PM,,,,,,94.11048
73.34658, 30/6/2015 3:45:31 PM,,,,,,94.11048
73.34658, 30/6/2015 3:45:32 PM,,,,,,94.43092
73.34658, 30/6/2015 3:45:33 PM,,,,,,94.43092
73.34658, 30/6/2015 3:45:34 PM,,,,,,94.43092
73.34658, 30/6/2015 3:45:35 PM,,,,,,94.75134
73.34658, 30/6/2015 3:45:36 PM,,,,,,94.75134
73.34658, 30/6/2015 3:45:37 PM,,,,,,94.75134
73.34658, 30/6/2015 3:45:38 PM,,,,,,94.75134
73.34658, 30/6/2015 3:45:39 PM,,,,,,94.75134
73.34658, 30/6/2015 3:45:40 PM,,,,,,94.43092
72.93002, 30/6/2015 3:45:41 PM,,,,,,94.11048
72.93002, 30/6/2015 3:45:42 PM,,,,,,94.11048
73.18636, 30/6/2015 3:45:43 PM,,,,,,94.11048
73.18636, 30/6/2015 3:45:44 PM,,,,,,93.85414
73.18636, 30/6/2015 3:45:45 PM,,,,,,93.66188
73.18636, 30/6/2015 3:45:46 PM,,,,,,93.40554
73.18636, 30/6/2015 3:45:47 PM,,,,,,93.34145
73.18636, 30/6/2015 3:45:48 PM,,,,,,93.34145
73.18636, 30/6/2015 3:45:49 PM,,,,,,93.11715
73.18636, 30/6/2015 3:45:50 PM,,,,,,93.11715
73.18636, 30/6/2015 3:45:51 PM,,,,,,92.66855
73.18636, 30/6/2015 3:45:52 PM,,,,,,92.66855
73.18636, 30/6/2015 3:45:53 PM,,,,,,92.54037
73.18636, 30/6/2015 3:45:54 PM,,,,,,92.21994
73.18636, 30/6/2015 3:45:55 PM,,,,,,92.02769
73.18636, 30/6/2015 3:45:56 PM,,,,,,91.67521
73.18636, 30/6/2015 3:45:57 PM,,,,,,91.35478
73.18636, 30/6/2015 3:45:58 PM,,,,,,91.19456
73.18636, 30/6/2015 3:45:59 PM,,,,,,91.0023
73.18636, 30/6/2015 3:46:00 PM,,,,,,91.0023
73.18636, 30/6/2015 3:46:01 PM,,,,,,90.74596
73.18636, 30/6/2015 3:46:02 PM,,,,,,90.58575
73.18636, 30/6/2015 3:46:03 PM,,,,,,90.45757
73.18636, 30/6/2015 3:46:04 PM,,,,,,90.45757
73.18636, 30/6/2015 3:46:05 PM,,,,,,90.45757
73.18636, 30/6/2015 3:46:06 PM,,,,,,90.45757
73.18636, 30/6/2015 3:46:07 PM,,,,,,90.45757
73.18636, 30/6/2015 3:46:08 PM,,,,,,90.45757
73.18636, 30/6/2015 3:46:09 PM,,,,,,90.45757
73.18636, 30/6/2015 3:46:10 PM,,,,,,90.5537
73.18636, 30/6/2015 3:46:11 PM,,,,,,90.5537
73.18636, 30/6/2015 3:46:12 PM,,,,,,90.5537
73.18636, 30/6/2015 3:46:13 PM,,,,,,90.5537
73.18636, 30/6/2015 3:46:14 PM,,,,,,90.5537
73.18636, 30/6/2015 3:46:15 PM,,,,,,90.36144
73.18636, 30/6/2015 3:46:16 PM,,,,,,90.36144
73.18636, 30/6/2015 3:46:17 PM,,,,,,90.36144
73.18636, 30/6/2015 3:46:18 PM,,,,,,89.8808
73.18636, 30/6/2015 3:46:19 PM,,,,,,89.8808
73.18636, 30/6/2015 3:46:20 PM,,,,,,89.8808
73.18636, 30/6/2015 3:46:21 PM,,,,,,89.8808
73.18636, 30/6/2015 3:46:22 PM,,,,,,89.81671
72.86593, 30/6/2015 3:46:23 PM,,,,,,89.6565
72.86593, 30/6/2015 3:46:24 PM,,,,,,89.8808
72.86593, 30/6/2015 3:46:25 PM,,,,,,90.29736
72.96206, 30/6/2015 3:46:26 PM,,,,,,90.5537
72.9941, 30/6/2015 3:46:27 PM,,,,,,90.58575
72.9941, 30/6/2015 3:46:28 PM,,,,,,90.58575
72.9941, 30/6/2015 3:46:29 PM,,,,,,90.58575
72.9941, 30/6/2015 3:46:30 PM,,,,,,90.58575
72.9941, 30/6/2015 3:46:31 PM,,,,,,90.58575
72.9941, 30/6/2015 3:46:32 PM,,,,,,90.84209
72.9941, 30/6/2015 3:46:33 PM,,,,,,90.84209
72.9941, 30/6/2015 3:46:34 PM,,,,,,90.5537
72.9941, 30/6/2015 3:46:35 PM,,,,,,90.5537
72.9941, 30/6/2015 3:46:36 PM,,,,,,90.5537
72.9941, 30/6/2015 3:46:37 PM,,,,,,90.5537
72.9941, 30/6/2015 3:46:38 PM,,,,,,90.5537
72.93002, 30/6/2015 3:46:39 PM,,,,,,90.5537
72.93002, 30/6/2015 3:46:40 PM,,,,,,90.5537
72.93002, 30/6/2015 3:46:41 PM,,,,,,90.5537
72.93002, 30/6/2015 3:46:42 PM,,,,,,90.5537
72.93002, 30/6/2015 3:46:43 PM,,,,,,90.07306
72.93002, 30/6/2015 3:46:44 PM,,,,,,90.07306
72.93002, 30/6/2015 3:46:45 PM,,,,,,90.07306
72.93002, 30/6/2015 3:46:46 PM,,,,,,90.07306
72.93002, 30/6/2015 3:46:47 PM,,,,,,89.97693
72.93002, 30/6/2015 3:46:48 PM,,,,,,89.75262
72.93002, 30/6/2015 3:46:49 PM,,,,,,89.46424
72.93002, 30/6/2015 3:46:50 PM,,,,,,89.46424
72.93002, 30/6/2015 3:46:51 PM,,,,,,89.46424
72.93002, 30/6/2015 3:46:52 PM,,,,,,89.46424
72.93002, 30/6/2015 3:46:53 PM,,,,,,89.46424
72.93002, 30/6/2015 3:46:54 PM,,,,,,89.46424
72.93002, 30/6/2015 3:46:55 PM,,,,,,89.46424
72.93002, 30/6/2015 3:46:56 PM,,,,,,89.14381
72.93002, 30/6/2015 3:46:57 PM,,,,,,89.14381
72.93002, 30/6/2015 3:46:58 PM,,,,,,89.14381
72.93002, 30/6/2015 3:46:59 PM,,,,,,89.14381
72.93002, 30/6/2015 3:47:00 PM,,,,,,89.14381
72.76981, 30/6/2015 3:47:01 PM,,,,,,89.8808
72.76981, 30/6/2015 3:47:02 PM,,,,,,89.8808
72.76981, 30/6/2015 3:47:03 PM,,,,,,90.1051
72.76981, 30/6/2015 3:47:04 PM,,,,,,90.29736
72.76981, 30/6/2015 3:47:05 PM,,,,,,90.29736
72.76981, 30/6/2015 3:47:06 PM,,,,,,90.29736
72.76981, 30/6/2015 3:47:07 PM,,,,,,90.29736
72.76981, 30/6/2015 3:47:08 PM,,,,,,90.29736
72.76981, 30/6/2015 3:47:09 PM,,,,,,89.8808
72.76981, 30/6/2015 3:47:10 PM,,,,,,89.8808
72.76981, 30/6/2015 3:47:11 PM,,,,,,89.49628
72.76981, 30/6/2015 3:47:12 PM,,,,,,89.40015
72.76981, 30/6/2015 3:47:13 PM,,,,,,89.17585
72.76981, 30/6/2015 3:47:14 PM,,,,,,88.95155
72.76981, 30/6/2015 3:47:15 PM,,,,,,88.91951
72.76981, 30/6/2015 3:47:16 PM,,,,,,88.91951
72.76981, 30/6/2015 3:47:17 PM,,,,,,88.63112
72.76981, 30/6/2015 3:47:18 PM,,,,,,88.63112
72.76981, 30/6/2015 3:47:19 PM,,,,,,88.63112
72.76981, 30/6/2015 3:47:20 PM,,,,,,88.63112
72.76981, 30/6/2015 3:47:21 PM,,,,,,88.63112
72.76981, 30/6/2015 3:47:22 PM,,,,,,88.63112
72.76981, 30/6/2015 3:47:23 PM,,,,,,88.63112
72.76981, 30/6/2015 3:47:24 PM,,,,,,88.63112
72.76981, 30/6/2015 3:47:25 PM,,,,,,88.63112
72.76981, 30/6/2015 3:47:26 PM,,,,,,88.63112
72.76981, 30/6/2015 3:47:27 PM,,,,,,88.63112
72.76981, 30/6/2015 3:47:28 PM,,,,,,88.63112
72.76981, 30/6/2015 3:47:29 PM,,,,,,88.63112
72.76981, 30/6/2015 3:47:30 PM,,,,,,88.63112
72.76981, 30/6/2015 3:47:31 PM,,,,,,88.63112
72.76981, 30/6/2015 3:47:32 PM,,,,,,88.63112
72.76981, 30/6/2015 3:47:33 PM,,,,,,88.63112
72.76981, 30/6/2015 3:47:34 PM,,,,,,88.63112
72.64163, 30/6/2015 3:47:35 PM,,,,,,88.63112
72.64163, 30/6/2015 3:47:36 PM,,,,,,88.63112
72.64163, 30/6/2015 3:47:37 PM,,,,,,88.63112
72.64163, 30/6/2015 3:47:38 PM,,,,,,88.18252
72.64163, 30/6/2015 3:47:39 PM,,,,,,87.86208
72.64163, 30/6/2015 3:47:40 PM,,,,,,87.5737
72.64163, 30/6/2015 3:47:41 PM,,,,,,87.31735
72.76981, 30/6/2015 3:47:42 PM,,,,,,86.90079
72.76981, 30/6/2015 3:47:43 PM,,,,,,86.90079
72.76981, 30/6/2015 3:47:44 PM,,,,,,86.58036
72.76981, 30/6/2015 3:47:45 PM,,,,,,86.58036
72.76981, 30/6/2015 3:47:46 PM,,,,,,86.58036
72.76981, 30/6/2015 3:47:47 PM,,,,,,86.58036
72.76981, 30/6/2015 3:47:48 PM,,,,,,86.35606
72.76981, 30/6/2015 3:47:49 PM,,,,,,86.22789
72.76981, 30/6/2015 3:47:50 PM,,,,,,86.13176
72.76981, 30/6/2015 3:47:51 PM,,,,,,86.13176
72.76981, 30/6/2015 3:47:52 PM,,,,,,85.77929
72.76981, 30/6/2015 3:47:53 PM,,,,,,85.7152
72.76981, 30/6/2015 3:47:54 PM,,,,,,85.7152
72.76981, 30/6/2015 3:47:55 PM,,,,,,85.39477
72.76981, 30/6/2015 3:47:56 PM,,,,,,85.39477
72.76981, 30/6/2015 3:47:57 PM,,,,,,85.39477
72.83389, 30/6/2015 3:47:58 PM,,,,,,85.39477
72.83389, 30/6/2015 3:47:59 PM,,,,,,85.39477
72.83389, 30/6/2015 3:48:00 PM,,,,,,85.39477
72.83389, 30/6/2015 3:48:01 PM,,,,,,85.39477
72.83389, 30/6/2015 3:48:02 PM,,,,,,85.39477
72.83389, 30/6/2015 3:48:03 PM,,,,,,85.58703
72.83389, 30/6/2015 3:48:04 PM,,,,,,85.58703
72.83389, 30/6/2015 3:48:05 PM,,,,,,85.58703
72.83389, 30/6/2015 3:48:06 PM,,,,,,85.58703
72.83389, 30/6/2015 3:48:07 PM,,,,,,85.39477
72.83389, 30/6/2015 3:48:08 PM,,,,,,85.2666
72.83389, 30/6/2015 3:48:09 PM,,,,,,85.2666
72.83389, 30/6/2015 3:48:10 PM,,,,,,84.97821
72.83389, 30/6/2015 3:48:11 PM,,,,,,84.65778
73.09023, 30/6/2015 3:48:12 PM,,,,,,84.65778
73.09023, 30/6/2015 3:48:13 PM,,,,,,84.27326
73.09023, 30/6/2015 3:48:14 PM,,,,,,84.01692
73.09023, 30/6/2015 3:48:15 PM,,,,,,83.72853
72.83389, 30/6/2015 3:48:16 PM,,,,,,83.72853
72.83389, 30/6/2015 3:48:17 PM,,,,,,83.31197
72.83389, 30/6/2015 3:48:18 PM,,,,,,83.31197
72.83389, 30/6/2015 3:48:19 PM,,,,,,83.31197
72.83389, 30/6/2015 3:48:20 PM,,,,,,83.31197
72.83389, 30/6/2015 3:48:21 PM,,,,,,83.31197
73.12228, 30/6/2015 3:48:22 PM,,,,,,83.05563
73.12228, 30/6/2015 3:48:23 PM,,,,,,83.05563
73.12228, 30/6/2015 3:48:24 PM,,,,,,83.05563
73.12228, 30/6/2015 3:48:25 PM,,,,,,83.05563
73.02615, 30/6/2015 3:48:26 PM,,,,,,82.86337
73.02615, 30/6/2015 3:48:27 PM,,,,,,82.86337
73.02615, 30/6/2015 3:48:28 PM,,,,,,82.86337
73.02615, 30/6/2015 3:48:29 PM,,,,,,82.86337
73.02615, 30/6/2015 3:48:30 PM,,,,,,82.51089
73.02615, 30/6/2015 3:48:31 PM,,,,,,82.51089
73.02615, 30/6/2015 3:48:32 PM,,,,,,82.41476
73.02615, 30/6/2015 3:48:33 PM,,,,,,82.12638
73.02615, 30/6/2015 3:48:34 PM,,,,,,81.96616
73.02615, 30/6/2015 3:48:35 PM,,,,,,81.96616
73.02615, 30/6/2015 3:48:36 PM,,,,,,81.96616
73.02615, 30/6/2015 3:48:37 PM,,,,,,81.96616
73.02615, 30/6/2015 3:48:38 PM,,,,,,81.58164
73.02615, 30/6/2015 3:48:39 PM,,,,,,81.58164
73.02615, 30/6/2015 3:48:40 PM,,,,,,81.54961
73.02615, 30/6/2015 3:48:41 PM,,,,,,81.45348
73.02615, 30/6/2015 3:48:42 PM,,,,,,81.45348
73.02615, 30/6/2015 3:48:43 PM,,,,,,81.45348
73.02615, 30/6/2015 3:48:44 PM,,,,,,81.45348
73.02615, 30/6/2015 3:48:45 PM,,,,,,81.45348
73.02615, 30/6/2015 3:48:46 PM,,,,,,81.45348
73.02615, 30/6/2015 3:48:47 PM,,,,,,81.45348
73.02615, 30/6/2015 3:48:48 PM,,,,,,81.45348
73.02615, 30/6/2015 3:48:49 PM,,,,,,81.22917
73.02615, 30/6/2015 3:48:50 PM,,,,,,81.22917
73.02615, 30/6/2015 3:48:51 PM,,,,,,81.22917
73.02615, 30/6/2015 3:48:52 PM,,,,,,80.97282
73.02615, 30/6/2015 3:48:53 PM,,,,,,80.90874
73.02615, 30/6/2015 3:48:54 PM,,,,,,80.62035
73.02615, 30/6/2015 3:48:55 PM,,,,,,80.62035
73.02615, 30/6/2015 3:48:56 PM,,,,,,80.62035
73.02615, 30/6/2015 3:48:57 PM,,,,,,80.36401
73.02615, 30/6/2015 3:48:58 PM,,,,,,80.36401
73.02615, 30/6/2015 3:48:59 PM,,,,,,80.36401
73.02615, 30/6/2015 3:49:00 PM,,,,,,80.36401
73.02615, 30/6/2015 3:49:01 PM,,,,,,80.36401
73.02615, 30/6/2015 3:49:02 PM,,,,,,80.36401
73.02615, 30/6/2015 3:49:03 PM,,,,,,80.36401
73.02615, 30/6/2015 3:49:04 PM,,,,,,80.36401
73.02615, 30/6/2015 3:49:05 PM,,,,,,80.13971
73.02615, 30/6/2015 3:49:06 PM,,,,,,80.13971
73.02615, 30/6/2015 3:49:07 PM,,,,,,79.72314
73.02615, 30/6/2015 3:49:08 PM,,,,,,79.72314
73.02615, 30/6/2015 3:49:09 PM,,,,,,79.85132
73.02615, 30/6/2015 3:49:10 PM,,,,,,79.85132
73.02615, 30/6/2015 3:49:11 PM,,,,,,79.85132
73.02615, 30/6/2015 3:49:12 PM,,,,,,79.33863
73.02615, 30/6/2015 3:49:13 PM,,,,,,79.33863
73.02615, 30/6/2015 3:49:14 PM,,,,,,79.33863
73.02615, 30/6/2015 3:49:15 PM,,,,,,79.6911
73.02615, 30/6/2015 3:49:16 PM,,,,,,79.6911
73.02615, 30/6/2015 3:49:17 PM,,,,,,79.6911
73.02615, 30/6/2015 3:49:18 PM,,,,,,79.6911
73.02615, 30/6/2015 3:49:19 PM,,,,,,79.6911
73.02615, 30/6/2015 3:49:20 PM,,,,,,79.6911
73.02615, 30/6/2015 3:49:21 PM,,,,,,79.6911
73.02615, 30/6/2015 3:49:22 PM,,,,,,79.81927
73.02615, 30/6/2015 3:49:23 PM,,,,,,79.88336
73.02615, 30/6/2015 3:49:24 PM,,,,,,79.88336
73.02615, 30/6/2015 3:49:25 PM,,,,,,79.88336
73.02615, 30/6/2015 3:49:26 PM,,,,,,79.53089
73.02615, 30/6/2015 3:49:27 PM,,,,,,79.40272
73.02615, 30/6/2015 3:49:28 PM,,,,,,79.40272
73.02615, 30/6/2015 3:49:29 PM,,,,,,79.40272
73.02615, 30/6/2015 3:49:30 PM,,,,,,79.40272
73.02615, 30/6/2015 3:49:31 PM,,,,,,79.40272
73.02615, 30/6/2015 3:49:32 PM,,,,,,78.92207
73.02615, 30/6/2015 3:49:33 PM,,,,,,78.92207
73.02615, 30/6/2015 3:49:34 PM,,,,,,78.92207
73.02615, 30/6/2015 3:49:35 PM,,,,,,78.53755
73.02615, 30/6/2015 3:49:36 PM,,,,,,78.53755
73.02615, 30/6/2015 3:49:37 PM,,,,,,78.05691
73.02615, 30/6/2015 3:49:38 PM,,,,,,78.05691
73.02615, 30/6/2015 3:49:39 PM,,,,,,78.05691
73.02615, 30/6/2015 3:49:40 PM,,,,,,77.92873
73.02615, 30/6/2015 3:49:41 PM,,,,,,77.86465
73.02615, 30/6/2015 3:49:42 PM,,,,,,77.73648
73.02615, 30/6/2015 3:49:43 PM,,,,,,77.73648
73.02615, 30/6/2015 3:49:44 PM,,,,,,77.31992
73.02615, 30/6/2015 3:49:45 PM,,,,,,77.31992
73.02615, 30/6/2015 3:49:46 PM,,,,,,77.31992
73.02615, 30/6/2015 3:49:47 PM,,,,,,77.31992
73.02615, 30/6/2015 3:49:48 PM,,,,,,77.31992
73.02615, 30/6/2015 3:49:49 PM,,,,,,77.31992
73.02615, 30/6/2015 3:49:50 PM,,,,,,77.31992
73.02615, 30/6/2015 3:49:51 PM,,,,,,77.31992
73.02615, 30/6/2015 3:49:52 PM,,,,,,77.31992
73.02615, 30/6/2015 3:49:53 PM,,,,,,77.15971
73.02615, 30/6/2015 3:49:54 PM,,,,,,77.15971
73.02615, 30/6/2015 3:49:55 PM,,,,,,77.15971
72.96206, 30/6/2015 3:49:56 PM,,,,,,77.57626
72.96206, 30/6/2015 3:49:57 PM,,,,,,77.64035
72.96206, 30/6/2015 3:49:58 PM,,,,,,78.24917
72.96206, 30/6/2015 3:49:59 PM,,,,,,78.24917
72.96206, 30/6/2015 3:50:00 PM,,,,,,78.5696
72.96206, 30/6/2015 3:50:01 PM,,,,,,78.66573
72.96206, 30/6/2015 3:50:02 PM,,,,,,78.66573
72.96206, 30/6/2015 3:50:03 PM,,,,,,79.05025
72.96206, 30/6/2015 3:50:04 PM,,,,,,79.05025
72.96206, 30/6/2015 3:50:05 PM,,,,,,79.05025
72.96206, 30/6/2015 3:50:06 PM,,,,,,79.05025
72.96206, 30/6/2015 3:50:07 PM,,,,,,78.53755
72.96206, 30/6/2015 3:50:08 PM,,,,,,78.3453
72.96206, 30/6/2015 3:50:09 PM,,,,,,78.08895
72.96206, 30/6/2015 3:50:10 PM,,,,,,78.02486
72.96206, 30/6/2015 3:50:11 PM,,,,,,77.64035
72.96206, 30/6/2015 3:50:12 PM,,,,,,77.384
72.96206, 30/6/2015 3:50:13 PM,,,,,,76.83927
72.96206, 30/6/2015 3:50:14 PM,,,,,,76.67905
72.96206, 30/6/2015 3:50:15 PM,,,,,,76.03819
72.96206, 30/6/2015 3:50:16 PM,,,,,,76.00615
72.96206, 30/6/2015 3:50:17 PM,,,,,,76.00615
72.96206, 30/6/2015 3:50:18 PM,,,,,,76.00615
72.96206, 30/6/2015 3:50:19 PM,,,,,,76.00615
72.96206, 30/6/2015 3:50:20 PM,,,,,,76.00615
72.96206, 30/6/2015 3:50:21 PM,,,,,,76.00615
72.96206, 30/6/2015 3:50:22 PM,,,,,,76.00615
72.96206, 30/6/2015 3:50:23 PM,,,,,,76.00615
72.96206, 30/6/2015 3:50:24 PM,,,,,,76.32658
72.96206, 30/6/2015 3:50:25 PM,,,,,,76.32658
72.96206, 30/6/2015 3:50:26 PM,,,,,,76.32658
72.96206, 30/6/2015 3:50:27 PM,,,,,,76.32658
72.96206, 30/6/2015 3:50:28 PM,,,,,,76.32658
72.96206, 30/6/2015 3:50:29 PM,,,,,,76.13432
72.96206, 30/6/2015 3:50:30 PM,,,,,,76.13432
72.96206, 30/6/2015 3:50:31 PM,,,,,,76.13432
72.96206, 30/6/2015 3:50:32 PM,,,,,,76.13432
72.96206, 30/6/2015 3:50:33 PM,,,,,,76.35863
72.96206, 30/6/2015 3:50:34 PM,,,,,,76.51884
72.96206, 30/6/2015 3:50:35 PM,,,,,,76.51884
72.96206, 30/6/2015 3:50:36 PM,,,,,,76.51884
72.96206, 30/6/2015 3:50:37 PM,,,,,,76.61497
72.96206, 30/6/2015 3:50:38 PM,,,,,,76.80723
72.96206, 30/6/2015 3:50:39 PM,,,,,,76.80723
72.96206, 30/6/2015 3:50:40 PM,,,,,,76.4868
72.96206, 30/6/2015 3:50:41 PM,,,,,,76.16637
72.96206, 30/6/2015 3:50:42 PM,,,,,,76.16637
72.96206, 30/6/2015 3:50:43 PM,,,,,,75.94206
72.96206, 30/6/2015 3:50:44 PM,,,,,,75.62164
72.96206, 30/6/2015 3:50:45 PM,,,,,,75.33324
72.96206, 30/6/2015 3:50:46 PM,,,,,,75.33324
72.96206, 30/6/2015 3:50:47 PM,,,,,,75.14099
72.96206, 30/6/2015 3:50:48 PM,,,,,,75.14099
72.96206, 30/6/2015 3:50:49 PM,,,,,,75.14099
72.96206, 30/6/2015 3:50:50 PM,,,,,,75.14099
72.96206, 30/6/2015 3:50:51 PM,,,,,,75.01282
72.96206, 30/6/2015 3:50:52 PM,,,,,,75.01282
72.96206, 30/6/2015 3:50:53 PM,,,,,,75.01282
72.96206, 30/6/2015 3:50:54 PM,,,,,,75.01282
72.96206, 30/6/2015 3:50:55 PM,,,,,,75.36529
72.96206, 30/6/2015 3:50:56 PM,,,,,,75.36529
72.96206, 30/6/2015 3:50:57 PM,,,,,,75.36529
72.96206, 30/6/2015 3:50:58 PM,,,,,,75.36529
72.96206, 30/6/2015 3:50:59 PM,,,,,,75.36529
72.96206, 30/6/2015 3:51:00 PM,,,,,,75.36529
72.96206, 30/6/2015 3:51:01 PM,,,,,,75.36529
72.96206, 30/6/2015 3:51:02 PM,,,,,,75.68572
72.96206, 30/6/2015 3:51:03 PM,,,,,,75.68572
72.96206, 30/6/2015 3:51:04 PM,,,,,,75.84594
72.96206, 30/6/2015 3:51:05 PM,,,,,,75.84594
72.96206, 30/6/2015 3:51:06 PM,,,,,,75.97411
72.96206, 30/6/2015 3:51:07 PM,,,,,,75.97411
72.96206, 30/6/2015 3:51:08 PM,,,,,,76.19841
72.96206, 30/6/2015 3:51:09 PM,,,,,,76.19841
72.96206, 30/6/2015 3:51:10 PM,,,,,,76.19841
72.96206, 30/6/2015 3:51:11 PM,,,,,,76.35863
72.96206, 30/6/2015 3:51:12 PM,,,,,,76.35863
72.96206, 30/6/2015 3:51:13 PM,,,,,,76.61497
72.96206, 30/6/2015 3:51:14 PM,,,,,,76.61497
72.96206, 30/6/2015 3:51:15 PM,,,,,,76.61497
72.96206, 30/6/2015 3:51:16 PM,,,,,,76.61497
72.96206, 30/6/2015 3:51:17 PM,,,,,,76.61497
72.96206, 30/6/2015 3:51:18 PM,,,,,,76.61497
72.96206, 30/6/2015 3:51:19 PM,,,,,,76.61497
72.96206, 30/6/2015 3:51:20 PM,,,,,,76.61497
72.96206, 30/6/2015 3:51:21 PM,,,,,,76.61497
72.96206, 30/6/2015 3:51:22 PM,,,,,,76.61497
72.96206, 30/6/2015 3:51:23 PM,,,,,,76.61497
72.96206, 30/6/2015 3:51:24 PM,,,,,,76.35863
72.80185, 30/6/2015 3:51:25 PM,,,,,,76.35863
72.80185, 30/6/2015 3:51:26 PM,,,,,,76.35863
72.80185, 30/6/2015 3:51:27 PM,,,,,,76.35863
72.83389, 30/6/2015 3:51:28 PM,,,,,,76.35863
73.09023, 30/6/2015 3:51:29 PM,,,,,,76.35863
73.09023, 30/6/2015 3:51:30 PM,,,,,,76.35863
73.09023, 30/6/2015 3:51:31 PM,,,,,,76.19841
73.09023, 30/6/2015 3:51:32 PM,,,,,,76.19841
73.09023, 30/6/2015 3:51:33 PM,,,,,,76.19841
73.09023, 30/6/2015 3:51:34 PM,,,,,,76.19841
73.09023, 30/6/2015 3:51:35 PM,,,,,,76.19841
73.09023, 30/6/2015 3:51:36 PM,,,,,,76.19841
73.09023, 30/6/2015 3:51:37 PM,,,,,,76.19841
73.09023, 30/6/2015 3:51:38 PM,,,,,,76.19841
73.09023, 30/6/2015 3:51:39 PM,,,,,,76.19841
73.09023, 30/6/2015 3:51:40 PM,,,,,,76.19841
73.09023, 30/6/2015 3:51:41 PM,,,,,,76.19841
73.09023, 30/6/2015 3:51:42 PM,,,,,,76.19841
73.09023, 30/6/2015 3:51:43 PM,,,,,,76.19841
73.09023, 30/6/2015 3:51:44 PM,,,,,,76.19841
73.09023, 30/6/2015 3:51:45 PM,,,,,,76.19841
73.09023, 30/6/2015 3:51:46 PM,,,,,,76.19841
73.09023, 30/6/2015 3:51:47 PM,,,,,,76.19841
73.09023, 30/6/2015 3:51:48 PM,,,,,,76.19841
72.9941, 30/6/2015 3:51:49 PM,,,,,,76.19841
72.9941, 30/6/2015 3:51:50 PM,,,,,,76.19841
72.9941, 30/6/2015 3:51:51 PM,,,,,,76.19841
72.9941, 30/6/2015 3:51:52 PM,,,,,,76.19841
72.9941, 30/6/2015 3:51:53 PM,,,,,,76.19841
72.9941, 30/6/2015 3:51:54 PM,,,,,,76.19841
72.9941, 30/6/2015 3:51:55 PM,,,,,,76.19841
72.9941, 30/6/2015 3:51:56 PM,,,,,,76.19841
72.9941, 30/6/2015 3:51:57 PM,,,,,,76.13432
72.9941, 30/6/2015 3:51:58 PM,,,,,,76.13432
72.9941, 30/6/2015 3:51:59 PM,,,,,,76.13432
72.9941, 30/6/2015 3:52:00 PM,,,,,,76.13432
72.9941, 30/6/2015 3:52:01 PM,,,,,,76.13432
72.9941, 30/6/2015 3:52:02 PM,,,,,,76.03819
72.9941, 30/6/2015 3:52:03 PM,,,,,,76.03819
72.9941, 30/6/2015 3:52:04 PM,,,,,,76.03819
72.9941, 30/6/2015 3:52:05 PM,,,,,,76.03819
72.9941, 30/6/2015 3:52:06 PM,,,,,,76.03819
73.02615, 30/6/2015 3:52:07 PM,,,,,,76.03819
73.02615, 30/6/2015 3:52:08 PM,,,,,,76.03819
73.02615, 30/6/2015 3:52:09 PM,,,,,,76.03819
73.02615, 30/6/2015 3:52:10 PM,,,,,,76.03819
73.02615, 30/6/2015 3:52:11 PM,,,,,,76.03819
73.02615, 30/6/2015 3:52:12 PM,,,,,,76.03819
73.02615, 30/6/2015 3:52:13 PM,,,,,,76.03819
73.02615, 30/6/2015 3:52:14 PM,,,,,,76.03819
73.02615, 30/6/2015 3:52:15 PM,,,,,,76.03819
73.02615, 30/6/2015 3:52:16 PM,,,,,,76.03819
73.02615, 30/6/2015 3:52:17 PM,,,,,,76.03819
73.02615, 30/6/2015 3:52:18 PM,,,,,,76.03819
73.02615, 30/6/2015 3:52:19 PM,,,,,,76.03819
73.02615, 30/6/2015 3:52:20 PM,,,,,,76.03819
73.02615, 30/6/2015 3:52:21 PM,,,,,,76.03819
73.02615, 30/6/2015 3:52:22 PM,,,,,,76.03819
73.02615, 30/6/2015 3:52:23 PM,,,,,,76.03819
73.02615, 30/6/2015 3:52:24 PM,,,,,,76.03819
73.02615, 30/6/2015 3:52:25 PM,,,,,,76.03819
73.02615, 30/6/2015 3:52:26 PM,,,,,,76.03819
73.02615, 30/6/2015 3:52:27 PM,,,,,,76.03819
73.02615, 30/6/2015 3:52:28 PM,,,,,,76.03819
73.02615, 30/6/2015 3:52:29 PM,,,,,,76.03819
73.02615, 30/6/2015 3:52:30 PM,,,,,,76.03819
73.02615, 30/6/2015 3:52:31 PM,,,,,,75.84594
73.02615, 30/6/2015 3:52:32 PM,,,,,,75.84594
73.02615, 30/6/2015 3:52:33 PM,,,,,,76.03819
73.02615, 30/6/2015 3:52:34 PM,,,,,,76.03819
73.02615, 30/6/2015 3:52:35 PM,,,,,,76.03819
73.02615, 30/6/2015 3:52:36 PM,,,,,,76.03819
73.02615, 30/6/2015 3:52:37 PM,,,,,,76.03819
73.02615, 30/6/2015 3:52:38 PM,,,,,,75.87798
73.02615, 30/6/2015 3:52:39 PM,,,,,,75.87798
73.02615, 30/6/2015 3:52:40 PM,,,,,,75.87798
73.02615, 30/6/2015 3:52:41 PM,,,,,,75.87798
73.02615, 30/6/2015 3:52:42 PM,,,,,,75.87798
73.02615, 30/6/2015 3:52:43 PM,,,,,,75.87798
73.02615, 30/6/2015 3:52:44 PM,,,,,,75.87798
73.02615, 30/6/2015 3:52:45 PM,,,,,,76.00615
73.02615, 30/6/2015 3:52:46 PM,,,,,,76.00615
73.02615, 30/6/2015 3:52:47 PM,,,,,,76.00615
73.02615, 30/6/2015 3:52:48 PM,,,,,,76.00615
73.02615, 30/6/2015 3:52:49 PM,,,,,,76.00615
73.02615, 30/6/2015 3:52:50 PM,,,,,,76.00615
73.02615, 30/6/2015 3:52:51 PM,,,,,,76.00615
73.02615, 30/6/2015 3:52:52 PM,,,,,,76.00615
73.02615, 30/6/2015 3:52:53 PM,,,,,,76.00615
73.02615, 30/6/2015 3:52:54 PM,,,,,,76.00615
73.02615, 30/6/2015 3:52:55 PM,,,,,,76.00615
73.02615, 30/6/2015 3:52:56 PM,,,,,,76.00615
73.02615, 30/6/2015 3:52:57 PM,,,,,,76.00615
73.02615, 30/6/2015 3:52:58 PM,,,,,,76.00615
73.02615, 30/6/2015 3:52:59 PM,,,,,,76.00615
73.02615, 30/6/2015 3:53:00 PM,,,,,,76.00615
73.02615, 30/6/2015 3:53:01 PM,,,,,,76.00615
73.02615, 30/6/2015 3:53:02 PM,,,,,,76.00615
73.02615, 30/6/2015 3:53:03 PM,,,,,,76.00615
73.02615, 30/6/2015 3:53:04 PM,,,,,,76.00615
73.02615, 30/6/2015 3:53:05 PM,,,,,,76.00615
73.02615, 30/6/2015 3:53:06 PM,,,,,,76.00615
73.02615, 30/6/2015 3:53:07 PM,,,,,,76.00615
73.02615, 30/6/2015 3:53:08 PM,,,,,,76.00615
73.02615, 30/6/2015 3:53:09 PM,,,,,,76.00615
73.02615, 30/6/2015 3:53:10 PM,,,,,,76.00615
73.02615, 30/6/2015 3:53:11 PM,,,,,,76.13432
73.02615, 30/6/2015 3:53:12 PM,,,,,,76.13432
73.02615, 30/6/2015 3:53:13 PM,,,,,,76.13432
73.02615, 30/6/2015 3:53:14 PM,,,,,,76.13432
73.02615, 30/6/2015 3:53:15 PM,,,,,,76.13432
73.02615, 30/6/2015 3:53:16 PM,,,,,,76.13432
73.02615, 30/6/2015 3:53:17 PM,,,,,,76.13432
73.02615, 30/6/2015 3:53:18 PM,,,,,,76.13432
73.02615, 30/6/2015 3:53:19 PM,,,,,,76.13432
73.02615, 30/6/2015 3:53:20 PM,,,,,,76.13432
73.02615, 30/6/2015 3:53:21 PM,,,,,,76.13432
73.02615, 30/6/2015 3:53:22 PM,,,,,,76.13432
73.02615, 30/6/2015 3:53:23 PM,,,,,,76.13432
73.02615, 30/6/2015 3:53:24 PM,,,,,,76.13432
73.02615, 30/6/2015 3:53:25 PM,,,,,,76.13432
73.02615, 30/6/2015 3:53:26 PM,,,,,,76.13432
73.02615, 30/6/2015 3:53:27 PM,,,,,,76.13432
73.02615, 30/6/2015 3:53:28 PM,,,,,,76.13432
73.02615, 30/6/2015 3:53:29 PM,,,,,,76.13432
73.02615, 30/6/2015 3:53:30 PM,,,,,,76.35863
73.02615, 30/6/2015 3:53:31 PM,,,,,,76.35863
73.02615, 30/6/2015 3:53:32 PM,,,,,,75.97411
73.02615, 30/6/2015 3:53:33 PM,,,,,,75.97411
73.02615, 30/6/2015 3:53:34 PM,,,,,,75.97411
73.02615, 30/6/2015 3:53:35 PM,,,,,,76.16637
73.02615, 30/6/2015 3:53:36 PM,,,,,,76.16637
73.02615, 30/6/2015 3:53:37 PM,,,,,,76.16637
73.02615, 30/6/2015 3:53:38 PM,,,,,,76.16637
73.02615, 30/6/2015 3:53:39 PM,,,,,,76.16637
73.02615, 30/6/2015 3:53:40 PM,,,,,,76.32658
73.02615, 30/6/2015 3:53:41 PM,,,,,,76.32658
73.02615, 30/6/2015 3:53:42 PM,,,,,,76.32658
73.02615, 30/6/2015 3:53:43 PM,,,,,,76.32658
73.02615, 30/6/2015 3:53:44 PM,,,,,,76.32658
73.02615, 30/6/2015 3:53:45 PM,,,,,,76.32658
73.02615, 30/6/2015 3:53:46 PM,,,,,,76.32658
73.02615, 30/6/2015 3:53:47 PM,,,,,,76.32658
73.02615, 30/6/2015 3:53:48 PM,,,,,,76.32658
73.02615, 30/6/2015 3:53:49 PM,,,,,,76.32658
73.02615, 30/6/2015 3:53:50 PM,,,,,,76.32658
73.02615, 30/6/2015 3:53:51 PM,,,,,,76.32658
73.02615, 30/6/2015 3:53:52 PM,,,,,,76.32658
73.02615, 30/6/2015 3:53:53 PM,,,,,,76.32658
73.02615, 30/6/2015 3:53:54 PM,,,,,,76.32658
73.02615, 30/6/2015 3:53:55 PM,,,,,,76.32658
73.02615, 30/6/2015 3:53:56 PM,,,,,,76.32658
73.02615, 30/6/2015 3:53:57 PM,,,,,,76.32658
73.02615, 30/6/2015 3:53:58 PM,,,,,,76.32658
73.02615, 30/6/2015 3:53:59 PM,,,,,,76.32658
73.02615, 30/6/2015 3:54:00 PM,,,,,,76.32658
73.02615, 30/6/2015 3:54:01 PM,,,,,,76.32658
73.02615, 30/6/2015 3:54:02 PM,,,,,,76.32658
73.02615, 30/6/2015 3:54:03 PM,,,,,,76.32658
73.02615, 30/6/2015 3:54:04 PM,,,,,,76.32658
73.02615, 30/6/2015 3:54:05 PM,,,,,,76.32658
73.02615, 30/6/2015 3:54:06 PM,,,,,,76.32658
73.02615, 30/6/2015 3:54:07 PM,,,,,,76.32658
73.02615, 30/6/2015 3:54:08 PM,,,,,,76.32658
73.02615, 30/6/2015 3:54:09 PM,,,,,,76.32658
73.02615, 30/6/2015 3:54:10 PM,,,,,,76.32658
73.02615, 30/6/2015 3:54:11 PM,,,,,,76.32658
73.02615, 30/6/2015 3:54:12 PM,,,,,,76.32658
73.02615, 30/6/2015 3:54:13 PM,,,,,,76.32658
73.02615, 30/6/2015 3:54:14 PM,,,,,,76.32658
73.02615, 30/6/2015 3:54:15 PM,,,,,,76.32658
73.02615, 30/6/2015 3:54:16 PM,,,,,,76.32658
73.02615, 30/6/2015 3:54:17 PM,,,,,,76.32658
73.02615, 30/6/2015 3:54:18 PM,,,,,,76.32658
73.02615, 30/6/2015 3:54:19 PM,,,,,,76.32658
73.02615, 30/6/2015 3:54:20 PM,,,,,,76.32658
73.02615, 30/6/2015 3:54:21 PM,,,,,,76.32658
73.02615, 30/6/2015 3:54:22 PM,,,,,,76.32658
73.02615, 30/6/2015 3:54:23 PM,,,,,,76.32658
73.02615, 30/6/2015 3:54:24 PM,,,,,,76.32658
73.02615, 30/6/2015 3:54:25 PM,,,,,,76.32658
73.02615, 30/6/2015 3:54:26 PM,,,,,,76.32658
73.02615, 30/6/2015 3:54:27 PM,,,,,,76.32658
73.02615, 30/6/2015 3:54:28 PM,,,,,,76.32658
73.02615, 30/6/2015 3:54:29 PM,,,,,,76.32658
73.02615, 30/6/2015 3:54:30 PM,,,,,,76.32658
73.02615, 30/6/2015 3:54:31 PM,,,,,,76.32658
73.02615, 30/6/2015 3:54:32 PM,,,,,,76.32658
73.02615, 30/6/2015 3:54:33 PM,,,,,,76.32658
73.02615, 30/6/2015 3:54:34 PM,,,,,,76.32658
73.02615, 30/6/2015 3:54:35 PM,,,,,,76.32658
73.02615, 30/6/2015 3:54:36 PM,,,,,,76.32658
73.02615, 30/6/2015 3:54:37 PM,,,,,,76.32658
73.02615, 30/6/2015 3:54:38 PM,,,,,,76.32658
73.02615, 30/6/2015 3:54:39 PM,,,,,,76.32658
73.02615, 30/6/2015 3:54:40 PM,,,,,,76.32658
73.02615, 30/6/2015 3:54:41 PM,,,,,,76.32658
73.02615, 30/6/2015 3:54:42 PM,,,,,,76.32658
73.02615, 30/6/2015 3:54:37 PM,,,,,,76.32658
73.02615, 30/6/2015 3:54:38 PM,,,,,,76.32658
73.02615, 30/6/2015 3:54:39 PM,,,,,,76.32658
73.02615, 30/6/2015 3:54:40 PM,,,,,,76.32658
73.02615, 30/6/2015 3:54:41 PM,,,,,,76.32658
73.02615, 30/6/2015 3:54:42 PM,,,,,,76.32658
73.02615, 30/6/2015 3:54:37 PM,,,,,,76.32658
73.02615, 30/6/2015 3:54:38 PM,,,,,,76.32658
73.02615, 30/6/2015 3:54:39 PM,,,,,,76.32658
73.02615, 30/6/2015 3:54:40 PM,,,,,,76.32658
73.02615, 30/6/2015 3:54:41 PM,,,,,,76.32658
73.02615, 30/6/2015 3:54:42 PM,,,,,,76.32658
73.02615, 30/6/2015 3:54:37 PM,,,,,,76.32658
73.02615, 30/6/2015 3:54:38 PM,,,,,,76.32658
73.02615, 30/6/2015 3:54:39 PM,,,,,,76.32658
73.02615, 30/6/2015 3:54:40 PM,,,,,,76.32658
73.02615, 30/6/2015 3:54:41 PM,,,,,,76.32658
