 Value, Timestamp
0.001408992, 21/8/2015 2:17:36 PM
0.001408992, 21/8/2015 2:17:37 PM
0.001408992, 21/8/2015 2:17:38 PM
0.001408992, 21/8/2015 2:17:39 PM
0.001408992, 21/8/2015 2:17:40 PM
0.001408992, 21/8/2015 2:17:41 PM
0.001408992, 21/8/2015 2:17:42 PM
0.001408992, 21/8/2015 2:17:43 PM
0.001408992, 21/8/2015 2:17:44 PM
0.001408992, 21/8/2015 2:17:45 PM
0.001408992, 21/8/2015 2:17:46 PM
0.001408992, 21/8/2015 2:17:47 PM
0.001408992, 21/8/2015 2:17:48 PM
0.001408992, 21/8/2015 2:17:49 PM
0.001408992, 21/8/2015 2:17:50 PM
0.001408992, 21/8/2015 2:17:51 PM
0.001408992, 21/8/2015 2:17:52 PM
0.001408992, 21/8/2015 2:17:53 PM
0.001408992, 21/8/2015 2:17:54 PM
0.001408992, 21/8/2015 2:17:55 PM
0.001408992, 21/8/2015 2:17:56 PM
0.001408992, 21/8/2015 2:17:57 PM
0.001408992, 21/8/2015 2:17:58 PM
0.001408992, 21/8/2015 2:17:59 PM
0.001408992, 21/8/2015 2:18:00 PM
0.001408992, 21/8/2015 2:18:01 PM
0.001408992, 21/8/2015 2:18:02 PM
0.001408992, 21/8/2015 2:18:03 PM
0.001408992, 21/8/2015 2:18:04 PM
0.001408992, 21/8/2015 2:18:05 PM
0.001152812, 21/8/2015 2:18:06 PM
0.001152812, 21/8/2015 2:18:07 PM
0.001152812, 21/8/2015 2:18:08 PM
0.001152812, 21/8/2015 2:18:09 PM
0.001152812, 21/8/2015 2:18:10 PM
0.001152812, 21/8/2015 2:18:11 PM
0.001152812, 21/8/2015 2:18:12 PM
0.001152812, 21/8/2015 2:18:13 PM
0.001152812, 21/8/2015 2:18:14 PM
0.001152812, 21/8/2015 2:18:15 PM
0.001152812, 21/8/2015 2:18:16 PM
0.001152812, 21/8/2015 2:18:17 PM
0.001152812, 21/8/2015 2:18:18 PM
0.001152812, 21/8/2015 2:18:19 PM
0.001152812, 21/8/2015 2:18:20 PM
0.001152812, 21/8/2015 2:18:21 PM
0.001152812, 21/8/2015 2:18:22 PM
0.001152812, 21/8/2015 2:18:23 PM
0.001152812, 21/8/2015 2:18:24 PM
0.001152812, 21/8/2015 2:18:25 PM
0.001152812, 21/8/2015 2:18:26 PM
0.001152812, 21/8/2015 2:18:27 PM
0.001152812, 21/8/2015 2:18:28 PM
0.001152812, 21/8/2015 2:18:29 PM
0.001152812, 21/8/2015 2:18:30 PM
0.001152812, 21/8/2015 2:18:31 PM
0.001152812, 21/8/2015 2:18:32 PM
0.001152812, 21/8/2015 2:18:33 PM
0.001152812, 21/8/2015 2:18:34 PM
0.001152812, 21/8/2015 2:18:35 PM
0.001152812, 21/8/2015 2:18:36 PM
0.001152812, 21/8/2015 2:18:37 PM
0.001152812, 21/8/2015 2:18:38 PM
0.001152812, 21/8/2015 2:18:39 PM
0.001152812, 21/8/2015 2:18:40 PM
0.001152812, 21/8/2015 2:18:41 PM
0.001152812, 21/8/2015 2:18:42 PM
0.001152812, 21/8/2015 2:18:43 PM
0.001152812, 21/8/2015 2:18:44 PM
0.001152812, 21/8/2015 2:18:45 PM
0.001152812, 21/8/2015 2:18:46 PM
0.001152812, 21/8/2015 2:18:47 PM
0.001152812, 21/8/2015 2:18:48 PM
0.001152812, 21/8/2015 2:18:49 PM
0.001152812, 21/8/2015 2:18:50 PM
0.001152812, 21/8/2015 2:18:51 PM
0.001152812, 21/8/2015 2:18:52 PM
0.001152812, 21/8/2015 2:18:53 PM
0.001152812, 21/8/2015 2:18:54 PM
0.001152812, 21/8/2015 2:18:55 PM
0.001152812, 21/8/2015 2:18:56 PM
0.001152812, 21/8/2015 2:18:57 PM
0.001152812, 21/8/2015 2:18:58 PM
0.001537082, 21/8/2015 2:18:59 PM
0.002049443, 21/8/2015 2:19:00 PM
0.002049443, 21/8/2015 2:19:01 PM
0.002049443, 21/8/2015 2:19:02 PM
0.002049443, 21/8/2015 2:19:03 PM
0.000640451, 21/8/2015 2:19:04 PM
0.000640451, 21/8/2015 2:19:05 PM
0.000640451, 21/8/2015 2:19:06 PM
0.000640451, 21/8/2015 2:19:07 PM
0.000640451, 21/8/2015 2:19:08 PM
0.001537082, 21/8/2015 2:19:09 PM
0.001537082, 21/8/2015 2:19:10 PM
0.001537082, 21/8/2015 2:19:11 PM
0.001537082, 21/8/2015 2:19:12 PM
0.001537082, 21/8/2015 2:19:13 PM
0.001537082, 21/8/2015 2:19:14 PM
0.001537082, 21/8/2015 2:19:15 PM
0.001408992, 21/8/2015 2:19:16 PM
0.000768541, 21/8/2015 2:19:17 PM
0.000768541, 21/8/2015 2:19:18 PM
0.000768541, 21/8/2015 2:19:19 PM
0.001921353, 21/8/2015 2:19:20 PM
0.001921353, 21/8/2015 2:19:21 PM
0.001921353, 21/8/2015 2:19:22 PM
0.001921353, 21/8/2015 2:19:23 PM
0.001921353, 21/8/2015 2:19:24 PM
0.001921353, 21/8/2015 2:19:25 PM
0.001921353, 21/8/2015 2:19:26 PM
0.001152812, 21/8/2015 2:19:27 PM
0.001152812, 21/8/2015 2:19:28 PM
0.001152812, 21/8/2015 2:19:29 PM
0.001152812, 21/8/2015 2:19:30 PM
0.001152812, 21/8/2015 2:19:31 PM
0.001152812, 21/8/2015 2:19:32 PM
0.001152812, 21/8/2015 2:19:33 PM
0.001152812, 21/8/2015 2:19:34 PM
0.001152812, 21/8/2015 2:19:35 PM
0.001152812, 21/8/2015 2:19:36 PM
0.001152812, 21/8/2015 2:19:37 PM
0.001152812, 21/8/2015 2:19:38 PM
0.001152812, 21/8/2015 2:19:39 PM
0.001152812, 21/8/2015 2:19:40 PM
0.001152812, 21/8/2015 2:19:41 PM
0.001152812, 21/8/2015 2:19:42 PM
0.001152812, 21/8/2015 2:19:43 PM
0.001152812, 21/8/2015 2:19:44 PM
0.001152812, 21/8/2015 2:19:45 PM
0.001152812, 21/8/2015 2:19:46 PM
0.001152812, 21/8/2015 2:19:47 PM
0.001152812, 21/8/2015 2:19:48 PM
0.001152812, 21/8/2015 2:19:49 PM
0.001152812, 21/8/2015 2:19:50 PM
0.001152812, 21/8/2015 2:19:51 PM
0.001152812, 21/8/2015 2:19:52 PM
0.001152812, 21/8/2015 2:19:53 PM
0.001152812, 21/8/2015 2:19:54 PM
0.001152812, 21/8/2015 2:19:55 PM
0.001152812, 21/8/2015 2:19:56 PM
0.001152812, 21/8/2015 2:19:57 PM
0.001152812, 21/8/2015 2:19:58 PM
0.001152812, 21/8/2015 2:19:59 PM
0.001152812, 21/8/2015 2:20:00 PM
0.001152812, 21/8/2015 2:20:01 PM
0.001152812, 21/8/2015 2:20:02 PM
0.001152812, 21/8/2015 2:20:03 PM
0.001152812, 21/8/2015 2:20:04 PM
0.001152812, 21/8/2015 2:20:05 PM
0.001152812, 21/8/2015 2:20:06 PM
0.001152812, 21/8/2015 2:20:07 PM
0.001921353, 21/8/2015 2:20:08 PM
0.001921353, 21/8/2015 2:20:09 PM
0.001921353, 21/8/2015 2:20:10 PM
0.001408992, 21/8/2015 2:20:11 PM
0.001408992, 21/8/2015 2:20:12 PM
0.001408992, 21/8/2015 2:20:13 PM
0.001408992, 21/8/2015 2:20:14 PM
0.001408992, 21/8/2015 2:20:15 PM
0.001408992, 21/8/2015 2:20:16 PM
0.001408992, 21/8/2015 2:20:17 PM
0.001408992, 21/8/2015 2:20:18 PM
0.001408992, 21/8/2015 2:20:19 PM
0.001408992, 21/8/2015 2:20:20 PM
0.001408992, 21/8/2015 2:20:21 PM
0.001408992, 21/8/2015 2:20:22 PM
0.001408992, 21/8/2015 2:20:23 PM
0.001408992, 21/8/2015 2:20:24 PM
0.001408992, 21/8/2015 2:20:25 PM
0.001408992, 21/8/2015 2:20:26 PM
0.001408992, 21/8/2015 2:20:27 PM
0.001408992, 21/8/2015 2:20:28 PM
0.001408992, 21/8/2015 2:20:29 PM
0.001408992, 21/8/2015 2:20:30 PM
0.001408992, 21/8/2015 2:20:31 PM
0.001408992, 21/8/2015 2:20:32 PM
0.001408992, 21/8/2015 2:20:33 PM
0.001408992, 21/8/2015 2:20:34 PM
0.001408992, 21/8/2015 2:20:35 PM
0.001408992, 21/8/2015 2:20:36 PM
0.001408992, 21/8/2015 2:20:37 PM
0.001408992, 21/8/2015 2:20:38 PM
0.001408992, 21/8/2015 2:20:39 PM
0.001408992, 21/8/2015 2:20:40 PM
0.001408992, 21/8/2015 2:20:41 PM
0.001408992, 21/8/2015 2:20:42 PM
0.001408992, 21/8/2015 2:20:43 PM
0.001408992, 21/8/2015 2:20:44 PM
0.001408992, 21/8/2015 2:20:45 PM
0.001408992, 21/8/2015 2:20:46 PM
0.001408992, 21/8/2015 2:20:47 PM
0.001408992, 21/8/2015 2:20:48 PM
0.001408992, 21/8/2015 2:20:49 PM
0.001408992, 21/8/2015 2:20:50 PM
0.001408992, 21/8/2015 2:20:51 PM
0.001408992, 21/8/2015 2:20:52 PM
0.001408992, 21/8/2015 2:20:53 PM
0.001408992, 21/8/2015 2:20:54 PM
0.001408992, 21/8/2015 2:20:55 PM
0.001408992, 21/8/2015 2:20:56 PM
0.001408992, 21/8/2015 2:20:57 PM
0.001408992, 21/8/2015 2:20:58 PM
0.001408992, 21/8/2015 2:20:59 PM
0.001408992, 21/8/2015 2:21:00 PM
0.001408992, 21/8/2015 2:21:01 PM
0.001408992, 21/8/2015 2:21:02 PM
0.001408992, 21/8/2015 2:21:03 PM
0.001408992, 21/8/2015 2:21:04 PM
0.001408992, 21/8/2015 2:21:05 PM
0.001408992, 21/8/2015 2:21:06 PM
0.001408992, 21/8/2015 2:21:07 PM
0.001408992, 21/8/2015 2:21:08 PM
0.1402587, 21/8/2015 2:21:09 PM
0.3631357, 21/8/2015 2:21:10 PM
0.3631357, 21/8/2015 2:21:11 PM
0.6230306, 21/8/2015 2:21:12 PM
0.8269502, 21/8/2015 2:21:13 PM
0.8643525, 21/8/2015 2:21:14 PM
0.8578199, 21/8/2015 2:21:15 PM
0.8384783, 21/8/2015 2:21:16 PM
0.8174715, 21/8/2015 2:21:17 PM
0.8001794, 21/8/2015 2:21:18 PM
0.8000513, 21/8/2015 2:21:19 PM
0.7891636, 21/8/2015 2:21:20 PM
0.7891636, 21/8/2015 2:21:21 PM
0.7891636, 21/8/2015 2:21:22 PM
0.7800692, 21/8/2015 2:21:23 PM
0.7794287, 21/8/2015 2:21:24 PM
0.7725118, 21/8/2015 2:21:25 PM
0.7693096, 21/8/2015 2:21:26 PM
0.7693096, 21/8/2015 2:21:27 PM
0.7804534, 21/8/2015 2:21:28 PM
0.7804534, 21/8/2015 2:21:29 PM
0.7804534, 21/8/2015 2:21:30 PM
0.7707186, 21/8/2015 2:21:31 PM
0.759831, 21/8/2015 2:21:32 PM
0.759831, 21/8/2015 2:21:33 PM
0.7503523, 21/8/2015 2:21:34 PM
0.7497118, 21/8/2015 2:21:35 PM
0.7497118, 21/8/2015 2:21:36 PM
0.7675164, 21/8/2015 2:21:37 PM
0.7693096, 21/8/2015 2:21:38 PM
0.7789164, 21/8/2015 2:21:39 PM
0.7791725, 21/8/2015 2:21:40 PM
0.7694377, 21/8/2015 2:21:41 PM
0.7689253, 21/8/2015 2:21:42 PM
0.7689253, 21/8/2015 2:21:43 PM
0.7794287, 21/8/2015 2:21:44 PM
0.7771231, 21/8/2015 2:21:45 PM
0.7597029, 21/8/2015 2:21:46 PM
0.7597029, 21/8/2015 2:21:47 PM
0.7597029, 21/8/2015 2:21:48 PM
0.7725118, 21/8/2015 2:21:49 PM
0.7789164, 21/8/2015 2:21:50 PM
0.7789164, 21/8/2015 2:21:51 PM
0.7689253, 21/8/2015 2:21:52 PM
0.7689253, 21/8/2015 2:21:53 PM
0.759959, 21/8/2015 2:21:54 PM
0.7591905, 21/8/2015 2:21:55 PM
0.7591905, 21/8/2015 2:21:56 PM
0.7682849, 21/8/2015 2:21:57 PM
0.7695658, 21/8/2015 2:21:58 PM
0.7595748, 21/8/2015 2:21:59 PM
0.7512489, 21/8/2015 2:22:00 PM
0.749968, 21/8/2015 2:22:01 PM
0.7586781, 21/8/2015 2:22:02 PM
0.759831, 21/8/2015 2:22:03 PM
0.759831, 21/8/2015 2:22:04 PM
0.7572691, 21/8/2015 2:22:05 PM
0.7494556, 21/8/2015 2:22:06 PM
0.7494556, 21/8/2015 2:22:07 PM
0.7494556, 21/8/2015 2:22:08 PM
0.7668759, 21/8/2015 2:22:09 PM
0.7648265, 21/8/2015 2:22:10 PM
0.7648265, 21/8/2015 2:22:11 PM
0.7631613, 21/8/2015 2:22:12 PM
0.7689253, 21/8/2015 2:22:13 PM
0.7796849, 21/8/2015 2:22:14 PM
0.8004355, 21/8/2015 2:22:15 PM
0.8086333, 21/8/2015 2:22:16 PM
0.8174715, 21/8/2015 2:22:17 PM
0.8177277, 21/8/2015 2:22:18 PM
0.826694, 21/8/2015 2:22:19 PM
0.8368132, 21/8/2015 2:22:20 PM
0.85513, 21/8/2015 2:22:21 PM
0.8578199, 21/8/2015 2:22:22 PM
0.8648649, 21/8/2015 2:22:23 PM
0.8845907, 21/8/2015 2:22:24 PM
0.8898425, 21/8/2015 2:22:25 PM
0.9011144, 21/8/2015 2:22:26 PM
0.9225054, 21/8/2015 2:22:27 PM
0.9282695, 21/8/2015 2:22:28 PM
0.9282695, 21/8/2015 2:22:29 PM
0.9412066, 21/8/2015 2:22:30 PM
0.9618291, 21/8/2015 2:22:31 PM
0.9628538, 21/8/2015 2:22:32 PM
0.9649033, 21/8/2015 2:22:33 PM
0.975791, 21/8/2015 2:22:34 PM
0.9791213, 21/8/2015 2:22:35 PM
0.9905214, 21/8/2015 2:22:36 PM
1.001921, 21/8/2015 2:22:37 PM
1.012553, 21/8/2015 2:22:38 PM
1.022544, 21/8/2015 2:22:39 PM
1.032407, 21/8/2015 2:22:40 PM
1.051748, 21/8/2015 2:22:41 PM
1.072115, 21/8/2015 2:22:42 PM
1.092737, 21/8/2015 2:22:43 PM
1.104906, 21/8/2015 2:22:44 PM
1.115153, 21/8/2015 2:22:45 PM
1.122838, 21/8/2015 2:22:46 PM
1.133598, 21/8/2015 2:22:47 PM
1.15294, 21/8/2015 2:22:48 PM
1.171257, 21/8/2015 2:22:49 PM
1.173562, 21/8/2015 2:22:50 PM
1.173562, 21/8/2015 2:22:51 PM
1.163955, 21/8/2015 2:22:52 PM
1.15627, 21/8/2015 2:22:53 PM
1.154349, 21/8/2015 2:22:54 PM
1.15294, 21/8/2015 2:22:55 PM
1.148969, 21/8/2015 2:22:56 PM
1.143461, 21/8/2015 2:22:57 PM
1.162034, 21/8/2015 2:22:58 PM
1.163315, 21/8/2015 2:22:59 PM
1.164212, 21/8/2015 2:23:00 PM
1.164212, 21/8/2015 2:23:01 PM
1.154349, 21/8/2015 2:23:02 PM
1.153708, 21/8/2015 2:23:03 PM
1.152427, 21/8/2015 2:23:04 PM
1.145126, 21/8/2015 2:23:05 PM
1.137953, 21/8/2015 2:23:06 PM
1.136544, 21/8/2015 2:23:07 PM
1.151787, 21/8/2015 2:23:08 PM
1.163571, 21/8/2015 2:23:09 PM
1.173306, 21/8/2015 2:23:10 PM
1.173562, 21/8/2015 2:23:11 PM
1.182144, 21/8/2015 2:23:12 PM
1.180479, 21/8/2015 2:23:13 PM
1.179326, 21/8/2015 2:23:14 PM
1.179326, 21/8/2015 2:23:15 PM
1.183681, 21/8/2015 2:23:16 PM
1.176764, 21/8/2015 2:23:17 PM
1.172153, 21/8/2015 2:23:18 PM
1.172153, 21/8/2015 2:23:19 PM
1.159472, 21/8/2015 2:23:20 PM
1.149097, 21/8/2015 2:23:21 PM
1.143717, 21/8/2015 2:23:22 PM
1.143077, 21/8/2015 2:23:23 PM
1.157807, 21/8/2015 2:23:24 PM
1.172153, 21/8/2015 2:23:25 PM
1.182785, 21/8/2015 2:23:26 PM
1.183553, 21/8/2015 2:23:27 PM
1.183553, 21/8/2015 2:23:28 PM
1.174075, 21/8/2015 2:23:29 PM
1.154861, 21/8/2015 2:23:30 PM
1.153324, 21/8/2015 2:23:31 PM
1.153324, 21/8/2015 2:23:32 PM
1.153324, 21/8/2015 2:23:33 PM
1.153324, 21/8/2015 2:23:34 PM
1.153324, 21/8/2015 2:23:35 PM
1.144358, 21/8/2015 2:23:36 PM
1.143461, 21/8/2015 2:23:37 PM
1.143461, 21/8/2015 2:23:38 PM
1.154605, 21/8/2015 2:23:39 PM
1.16434, 21/8/2015 2:23:40 PM
1.16434, 21/8/2015 2:23:41 PM
1.16434, 21/8/2015 2:23:42 PM
1.15358, 21/8/2015 2:23:43 PM
1.143077, 21/8/2015 2:23:44 PM
1.145639, 21/8/2015 2:23:45 PM
1.154093, 21/8/2015 2:23:46 PM
1.168054, 21/8/2015 2:23:47 PM
1.173946, 21/8/2015 2:23:48 PM
1.170872, 21/8/2015 2:23:49 PM
1.154861, 21/8/2015 2:23:50 PM
1.143717, 21/8/2015 2:23:51 PM
1.148969, 21/8/2015 2:23:52 PM
1.162675, 21/8/2015 2:23:53 PM
1.163827, 21/8/2015 2:23:54 PM
1.163827, 21/8/2015 2:23:55 PM
1.157295, 21/8/2015 2:23:56 PM
1.144358, 21/8/2015 2:23:57 PM
1.146663, 21/8/2015 2:23:58 PM
1.162546, 21/8/2015 2:23:59 PM
1.173178, 21/8/2015 2:24:00 PM
1.174075, 21/8/2015 2:24:01 PM
1.168439, 21/8/2015 2:24:02 PM
1.163315, 21/8/2015 2:24:03 PM
1.154605, 21/8/2015 2:24:04 PM
1.154605, 21/8/2015 2:24:05 PM
1.163315, 21/8/2015 2:24:06 PM
1.163315, 21/8/2015 2:24:07 PM
1.175355, 21/8/2015 2:24:08 PM
1.175355, 21/8/2015 2:24:09 PM
1.183681, 21/8/2015 2:24:10 PM
1.184194, 21/8/2015 2:24:11 PM
1.170232, 21/8/2015 2:24:12 PM
1.162675, 21/8/2015 2:24:13 PM
1.162675, 21/8/2015 2:24:14 PM
1.162675, 21/8/2015 2:24:15 PM
1.166261, 21/8/2015 2:24:16 PM
1.173434, 21/8/2015 2:24:17 PM
1.163827, 21/8/2015 2:24:18 PM
1.162546, 21/8/2015 2:24:19 PM
1.172153, 21/8/2015 2:24:20 PM
1.173434, 21/8/2015 2:24:21 PM
1.173818, 21/8/2015 2:24:22 PM
1.173818, 21/8/2015 2:24:23 PM
1.173818, 21/8/2015 2:24:24 PM
1.173818, 21/8/2015 2:24:25 PM
1.173818, 21/8/2015 2:24:26 PM
1.173818, 21/8/2015 2:24:27 PM
1.173818, 21/8/2015 2:24:28 PM
1.179967, 21/8/2015 2:24:29 PM
1.179967, 21/8/2015 2:24:30 PM
1.184322, 21/8/2015 2:24:31 PM
1.179711, 21/8/2015 2:24:32 PM
1.163187, 21/8/2015 2:24:33 PM
1.154605, 21/8/2015 2:24:34 PM
1.128987, 21/8/2015 2:24:35 PM
1.089279, 21/8/2015 2:24:36 PM
1.005892, 21/8/2015 2:24:37 PM
0.9536314, 21/8/2015 2:24:38 PM
0.8683233, 21/8/2015 2:24:39 PM
0.8347637, 21/8/2015 2:24:40 PM
0.8105546, 21/8/2015 2:24:41 PM
0.7866018, 21/8/2015 2:24:42 PM
0.7695658, 21/8/2015 2:24:43 PM
0.7695658, 21/8/2015 2:24:44 PM
0.7708467, 21/8/2015 2:24:45 PM
0.7772512, 21/8/2015 2:24:46 PM
0.7576534, 21/8/2015 2:24:47 PM
0.7488152, 21/8/2015 2:24:48 PM
0.7393365, 21/8/2015 2:24:49 PM
0.7497118, 21/8/2015 2:24:50 PM
0.7597029, 21/8/2015 2:24:51 PM
0.7597029, 21/8/2015 2:24:52 PM
0.7509927, 21/8/2015 2:24:53 PM
0.7486871, 21/8/2015 2:24:54 PM
0.7486871, 21/8/2015 2:24:55 PM
0.7486871, 21/8/2015 2:24:56 PM
0.7486871, 21/8/2015 2:24:57 PM
0.75855, 21/8/2015 2:24:58 PM
0.7534264, 21/8/2015 2:24:59 PM
0.7631613, 21/8/2015 2:25:00 PM
0.7817343, 21/8/2015 2:25:01 PM
0.7894198, 21/8/2015 2:25:02 PM
0.7894198, 21/8/2015 2:25:03 PM
0.775586, 21/8/2015 2:25:04 PM
0.7563725, 21/8/2015 2:25:05 PM
0.7493275, 21/8/2015 2:25:06 PM
0.7493275, 21/8/2015 2:25:07 PM
0.7493275, 21/8/2015 2:25:08 PM
0.7577815, 21/8/2015 2:25:09 PM
0.7591905, 21/8/2015 2:25:10 PM
0.7591905, 21/8/2015 2:25:11 PM
0.7591905, 21/8/2015 2:25:12 PM
0.7532983, 21/8/2015 2:25:13 PM
0.7835276, 21/8/2015 2:25:14 PM
0.8705009, 21/8/2015 2:25:15 PM
0.9549123, 21/8/2015 2:25:16 PM
1.059306, 21/8/2015 2:25:17 PM
1.117331, 21/8/2015 2:25:18 PM
1.159216, 21/8/2015 2:25:19 PM
1.167798, 21/8/2015 2:25:20 PM
1.163571, 21/8/2015 2:25:21 PM
1.15627, 21/8/2015 2:25:22 PM
1.153708, 21/8/2015 2:25:23 PM
1.158704, 21/8/2015 2:25:24 PM
1.157551, 21/8/2015 2:25:25 PM
1.163571, 21/8/2015 2:25:26 PM
1.163699, 21/8/2015 2:25:27 PM
1.154093, 21/8/2015 2:25:28 PM
1.145254, 21/8/2015 2:25:29 PM
1.145254, 21/8/2015 2:25:30 PM
1.143333, 21/8/2015 2:25:31 PM
1.162418, 21/8/2015 2:25:32 PM
1.172794, 21/8/2015 2:25:33 PM
1.173946, 21/8/2015 2:25:34 PM
1.173946, 21/8/2015 2:25:35 PM
1.16498, 21/8/2015 2:25:36 PM
1.163571, 21/8/2015 2:25:37 PM
1.168951, 21/8/2015 2:25:38 PM
1.181504, 21/8/2015 2:25:39 PM
1.201358, 21/8/2015 2:25:40 PM
1.203023, 21/8/2015 2:25:41 PM
1.212373, 21/8/2015 2:25:42 PM
1.213526, 21/8/2015 2:25:43 PM
1.204816, 21/8/2015 2:25:44 PM
1.17907, 21/8/2015 2:25:45 PM
1.164852, 21/8/2015 2:25:46 PM
1.164852, 21/8/2015 2:25:47 PM
1.15563, 21/8/2015 2:25:48 PM
1.172537, 21/8/2015 2:25:49 PM
1.166773, 21/8/2015 2:25:50 PM
1.170232, 21/8/2015 2:25:51 PM
1.167414, 21/8/2015 2:25:52 PM
1.154605, 21/8/2015 2:25:53 PM
1.159985, 21/8/2015 2:25:54 PM
1.189958, 21/8/2015 2:25:55 PM
1.193672, 21/8/2015 2:25:56 PM
1.193672, 21/8/2015 2:25:57 PM
1.177277, 21/8/2015 2:25:58 PM
1.173946, 21/8/2015 2:25:59 PM
1.173946, 21/8/2015 2:26:00 PM
1.173946, 21/8/2015 2:26:01 PM
1.182785, 21/8/2015 2:26:02 PM
1.183553, 21/8/2015 2:26:03 PM
1.177661, 21/8/2015 2:26:04 PM
1.178302, 21/8/2015 2:26:05 PM
1.164852, 21/8/2015 2:26:06 PM
1.162931, 21/8/2015 2:26:07 PM
1.162931, 21/8/2015 2:26:08 PM
1.167798, 21/8/2015 2:26:09 PM
1.174075, 21/8/2015 2:26:10 PM
1.174075, 21/8/2015 2:26:11 PM
1.174075, 21/8/2015 2:26:12 PM
1.165877, 21/8/2015 2:26:13 PM
1.164212, 21/8/2015 2:26:14 PM
1.164212, 21/8/2015 2:26:15 PM
1.173178, 21/8/2015 2:26:16 PM
1.182272, 21/8/2015 2:26:17 PM
1.183553, 21/8/2015 2:26:18 PM
1.183553, 21/8/2015 2:26:19 PM
1.183553, 21/8/2015 2:26:20 PM
1.173946, 21/8/2015 2:26:21 PM
1.173946, 21/8/2015 2:26:22 PM
1.182528, 21/8/2015 2:26:23 PM
1.1938, 21/8/2015 2:26:24 PM
1.194057, 21/8/2015 2:26:25 PM
1.194057, 21/8/2015 2:26:26 PM
1.186756, 21/8/2015 2:26:27 PM
1.183809, 21/8/2015 2:26:28 PM
1.173818, 21/8/2015 2:26:29 PM
1.173562, 21/8/2015 2:26:30 PM
1.173562, 21/8/2015 2:26:31 PM
1.16434, 21/8/2015 2:26:32 PM
1.16767, 21/8/2015 2:26:33 PM
1.16767, 21/8/2015 2:26:34 PM
1.173178, 21/8/2015 2:26:35 PM
1.192135, 21/8/2015 2:26:36 PM
1.212245, 21/8/2015 2:26:37 PM
1.223774, 21/8/2015 2:26:38 PM
1.207122, 21/8/2015 2:26:39 PM
1.18983, 21/8/2015 2:26:40 PM
1.165621, 21/8/2015 2:26:41 PM
1.157423, 21/8/2015 2:26:42 PM
1.162931, 21/8/2015 2:26:43 PM
1.169719, 21/8/2015 2:26:44 PM
1.183041, 21/8/2015 2:26:45 PM
1.183553, 21/8/2015 2:26:46 PM
1.174587, 21/8/2015 2:26:47 PM
1.173946, 21/8/2015 2:26:48 PM
1.166773, 21/8/2015 2:26:49 PM
1.16434, 21/8/2015 2:26:50 PM
1.179711, 21/8/2015 2:26:51 PM
1.179711, 21/8/2015 2:26:52 PM
1.183041, 21/8/2015 2:26:53 PM
1.193288, 21/8/2015 2:26:54 PM
1.202639, 21/8/2015 2:26:55 PM
1.196875, 21/8/2015 2:26:56 PM
1.203407, 21/8/2015 2:26:57 PM
1.203407, 21/8/2015 2:26:58 PM
1.193929, 21/8/2015 2:26:59 PM
1.193032, 21/8/2015 2:27:00 PM
1.193032, 21/8/2015 2:27:01 PM
1.193032, 21/8/2015 2:27:02 PM
1.193032, 21/8/2015 2:27:03 PM
1.187012, 21/8/2015 2:27:04 PM
1.183041, 21/8/2015 2:27:05 PM
1.183041, 21/8/2015 2:27:06 PM
1.183041, 21/8/2015 2:27:07 PM
1.183041, 21/8/2015 2:27:08 PM
1.183041, 21/8/2015 2:27:09 PM
1.183041, 21/8/2015 2:27:10 PM
1.183041, 21/8/2015 2:27:11 PM
1.19252, 21/8/2015 2:27:12 PM
1.189317, 21/8/2015 2:27:13 PM
1.184066, 21/8/2015 2:27:14 PM
1.165749, 21/8/2015 2:27:15 PM
1.146407, 21/8/2015 2:27:16 PM
1.142821, 21/8/2015 2:27:17 PM
1.150122, 21/8/2015 2:27:18 PM
1.170616, 21/8/2015 2:27:19 PM
1.183169, 21/8/2015 2:27:20 PM
1.184066, 21/8/2015 2:27:21 PM
1.180991, 21/8/2015 2:27:22 PM
1.163315, 21/8/2015 2:27:23 PM
1.155245, 21/8/2015 2:27:24 PM
1.154861, 21/8/2015 2:27:25 PM
1.158832, 21/8/2015 2:27:26 PM
1.157935, 21/8/2015 2:27:27 PM
1.157935, 21/8/2015 2:27:28 PM
1.163699, 21/8/2015 2:27:29 PM
1.163699, 21/8/2015 2:27:30 PM
1.156782, 21/8/2015 2:27:31 PM
1.164468, 21/8/2015 2:27:32 PM
1.182144, 21/8/2015 2:27:33 PM
1.188549, 21/8/2015 2:27:34 PM
1.19316, 21/8/2015 2:27:35 PM
1.18112, 21/8/2015 2:27:36 PM
1.173562, 21/8/2015 2:27:37 PM
1.173562, 21/8/2015 2:27:38 PM
1.173562, 21/8/2015 2:27:39 PM
1.168439, 21/8/2015 2:27:40 PM
1.163187, 21/8/2015 2:27:41 PM
1.163187, 21/8/2015 2:27:42 PM
1.163187, 21/8/2015 2:27:43 PM
1.166517, 21/8/2015 2:27:44 PM
1.173306, 21/8/2015 2:27:45 PM
1.183041, 21/8/2015 2:27:46 PM
1.183553, 21/8/2015 2:27:47 PM
1.179839, 21/8/2015 2:27:48 PM
1.176636, 21/8/2015 2:27:49 PM
1.176636, 21/8/2015 2:27:50 PM
1.183425, 21/8/2015 2:27:51 PM
1.182785, 21/8/2015 2:27:52 PM
1.180223, 21/8/2015 2:27:53 PM
1.180223, 21/8/2015 2:27:54 PM
1.173434, 21/8/2015 2:27:55 PM
1.172794, 21/8/2015 2:27:56 PM
1.180991, 21/8/2015 2:27:57 PM
1.183681, 21/8/2015 2:27:58 PM
1.183681, 21/8/2015 2:27:59 PM
1.197643, 21/8/2015 2:28:00 PM
1.177661, 21/8/2015 2:28:01 PM
1.174203, 21/8/2015 2:28:02 PM
1.164596, 21/8/2015 2:28:03 PM
1.163699, 21/8/2015 2:28:04 PM
1.165877, 21/8/2015 2:28:05 PM
1.180991, 21/8/2015 2:28:06 PM
1.183553, 21/8/2015 2:28:07 PM
1.183553, 21/8/2015 2:28:08 PM
1.172794, 21/8/2015 2:28:09 PM
1.163571, 21/8/2015 2:28:10 PM
1.163315, 21/8/2015 2:28:11 PM
1.163315, 21/8/2015 2:28:12 PM
1.170616, 21/8/2015 2:28:13 PM
1.170616, 21/8/2015 2:28:14 PM
1.173818, 21/8/2015 2:28:15 PM
1.165749, 21/8/2015 2:28:16 PM
1.160113, 21/8/2015 2:28:17 PM
1.15358, 21/8/2015 2:28:18 PM
1.153068, 21/8/2015 2:28:19 PM
1.153068, 21/8/2015 2:28:20 PM
1.166517, 21/8/2015 2:28:21 PM
1.173562, 21/8/2015 2:28:22 PM
1.178045, 21/8/2015 2:28:23 PM
1.182785, 21/8/2015 2:28:24 PM
1.177405, 21/8/2015 2:28:25 PM
1.182785, 21/8/2015 2:28:26 PM
1.183681, 21/8/2015 2:28:27 PM
1.174843, 21/8/2015 2:28:28 PM
1.167414, 21/8/2015 2:28:29 PM
1.15358, 21/8/2015 2:28:30 PM
1.15358, 21/8/2015 2:28:31 PM
1.161778, 21/8/2015 2:28:32 PM
1.174843, 21/8/2015 2:28:33 PM
1.182913, 21/8/2015 2:28:34 PM
1.174715, 21/8/2015 2:28:35 PM
1.154349, 21/8/2015 2:28:36 PM
1.153708, 21/8/2015 2:28:37 PM
1.170744, 21/8/2015 2:28:38 PM
1.182913, 21/8/2015 2:28:39 PM
1.192392, 21/8/2015 2:28:40 PM
1.193672, 21/8/2015 2:28:41 PM
1.193416, 21/8/2015 2:28:42 PM
1.183425, 21/8/2015 2:28:43 PM
1.174459, 21/8/2015 2:28:44 PM
1.159729, 21/8/2015 2:28:45 PM
1.154989, 21/8/2015 2:28:46 PM
1.163571, 21/8/2015 2:28:47 PM
1.163571, 21/8/2015 2:28:48 PM
1.163571, 21/8/2015 2:28:49 PM
1.178045, 21/8/2015 2:28:50 PM
1.184834, 21/8/2015 2:28:51 PM
1.184834, 21/8/2015 2:28:52 PM
1.192135, 21/8/2015 2:28:53 PM
1.186243, 21/8/2015 2:28:54 PM
1.184066, 21/8/2015 2:28:55 PM
1.180607, 21/8/2015 2:28:56 PM
1.173818, 21/8/2015 2:28:57 PM
1.173818, 21/8/2015 2:28:58 PM
1.173818, 21/8/2015 2:28:59 PM
1.173818, 21/8/2015 2:29:00 PM
1.180863, 21/8/2015 2:29:01 PM
1.174715, 21/8/2015 2:29:02 PM
1.172025, 21/8/2015 2:29:03 PM
1.163571, 21/8/2015 2:29:04 PM
1.173818, 21/8/2015 2:29:05 PM
1.173818, 21/8/2015 2:29:06 PM
1.173818, 21/8/2015 2:29:07 PM
1.173818, 21/8/2015 2:29:08 PM
1.173818, 21/8/2015 2:29:09 PM
1.181504, 21/8/2015 2:29:10 PM
1.177149, 21/8/2015 2:29:11 PM
1.173946, 21/8/2015 2:29:12 PM
1.163315, 21/8/2015 2:29:13 PM
1.163315, 21/8/2015 2:29:14 PM
1.182785, 21/8/2015 2:29:15 PM
1.191367, 21/8/2015 2:29:16 PM
1.177661, 21/8/2015 2:29:17 PM
1.16229, 21/8/2015 2:29:18 PM
1.145895, 21/8/2015 2:29:19 PM
1.144358, 21/8/2015 2:29:20 PM
1.161137, 21/8/2015 2:29:21 PM
1.171641, 21/8/2015 2:29:22 PM
1.173306, 21/8/2015 2:29:23 PM
1.156911, 21/8/2015 2:29:24 PM
1.144614, 21/8/2015 2:29:25 PM
1.143461, 21/8/2015 2:29:26 PM
1.143461, 21/8/2015 2:29:27 PM
1.163571, 21/8/2015 2:29:28 PM
1.180863, 21/8/2015 2:29:29 PM
1.192648, 21/8/2015 2:29:30 PM
1.206481, 21/8/2015 2:29:31 PM
1.212502, 21/8/2015 2:29:32 PM
1.204048, 21/8/2015 2:29:33 PM
1.190726, 21/8/2015 2:29:34 PM
1.18445, 21/8/2015 2:29:35 PM
1.183169, 21/8/2015 2:29:36 PM
1.183169, 21/8/2015 2:29:37 PM
1.183169, 21/8/2015 2:29:38 PM
1.181504, 21/8/2015 2:29:39 PM
1.175099, 21/8/2015 2:29:40 PM
1.182272, 21/8/2015 2:29:41 PM
1.183425, 21/8/2015 2:29:42 PM
1.183425, 21/8/2015 2:29:43 PM
1.175099, 21/8/2015 2:29:44 PM
1.163827, 21/8/2015 2:29:45 PM
1.169719, 21/8/2015 2:29:46 PM
1.173818, 21/8/2015 2:29:47 PM
1.183425, 21/8/2015 2:29:48 PM
1.18445, 21/8/2015 2:29:49 PM
1.176636, 21/8/2015 2:29:50 PM
1.173818, 21/8/2015 2:29:51 PM
1.173818, 21/8/2015 2:29:52 PM
1.173818, 21/8/2015 2:29:53 PM
1.173818, 21/8/2015 2:29:54 PM
1.181248, 21/8/2015 2:29:55 PM
1.172794, 21/8/2015 2:29:56 PM
1.163699, 21/8/2015 2:29:57 PM
1.156526, 21/8/2015 2:29:58 PM
1.156014, 21/8/2015 2:29:59 PM
1.172922, 21/8/2015 2:30:00 PM
1.173306, 21/8/2015 2:30:01 PM
1.163699, 21/8/2015 2:30:02 PM
1.163059, 21/8/2015 2:30:03 PM
1.163059, 21/8/2015 2:30:04 PM
1.172281, 21/8/2015 2:30:05 PM
1.174075, 21/8/2015 2:30:06 PM
1.174075, 21/8/2015 2:30:07 PM
1.16434, 21/8/2015 2:30:08 PM
1.163315, 21/8/2015 2:30:09 PM
1.163315, 21/8/2015 2:30:10 PM
1.165108, 21/8/2015 2:30:11 PM
1.16767, 21/8/2015 2:30:12 PM
1.170616, 21/8/2015 2:30:13 PM
1.183169, 21/8/2015 2:30:14 PM
1.184194, 21/8/2015 2:30:15 PM
1.184194, 21/8/2015 2:30:16 PM
1.18176, 21/8/2015 2:30:17 PM
1.168439, 21/8/2015 2:30:18 PM
1.173434, 21/8/2015 2:30:19 PM
1.173434, 21/8/2015 2:30:20 PM
1.173434, 21/8/2015 2:30:21 PM
1.165621, 21/8/2015 2:30:22 PM
1.161009, 21/8/2015 2:30:23 PM
1.155501, 21/8/2015 2:30:24 PM
1.156526, 21/8/2015 2:30:25 PM
1.173306, 21/8/2015 2:30:26 PM
1.173306, 21/8/2015 2:30:27 PM
1.183425, 21/8/2015 2:30:28 PM
1.183425, 21/8/2015 2:30:29 PM
1.17574, 21/8/2015 2:30:30 PM
1.173178, 21/8/2015 2:30:31 PM
1.163571, 21/8/2015 2:30:32 PM
1.163571, 21/8/2015 2:30:33 PM
1.171385, 21/8/2015 2:30:34 PM
1.174075, 21/8/2015 2:30:35 PM
1.174075, 21/8/2015 2:30:36 PM
1.174075, 21/8/2015 2:30:37 PM
1.182785, 21/8/2015 2:30:38 PM
1.184706, 21/8/2015 2:30:39 PM
1.1938, 21/8/2015 2:30:40 PM
1.1938, 21/8/2015 2:30:41 PM
1.1938, 21/8/2015 2:30:42 PM
1.1938, 21/8/2015 2:30:43 PM
1.178045, 21/8/2015 2:30:44 PM
1.173946, 21/8/2015 2:30:45 PM
1.159729, 21/8/2015 2:30:46 PM
1.146023, 21/8/2015 2:30:47 PM
1.149097, 21/8/2015 2:30:48 PM
1.143205, 21/8/2015 2:30:49 PM
1.133342, 21/8/2015 2:30:50 PM
1.13949, 21/8/2015 2:30:51 PM
1.137313, 21/8/2015 2:30:52 PM
1.143077, 21/8/2015 2:30:53 PM
1.143717, 21/8/2015 2:30:54 PM
1.136928, 21/8/2015 2:30:55 PM
1.15025, 21/8/2015 2:30:56 PM
1.160753, 21/8/2015 2:30:57 PM
1.171, 21/8/2015 2:30:58 PM
1.173434, 21/8/2015 2:30:59 PM
1.180607, 21/8/2015 2:31:00 PM
1.183425, 21/8/2015 2:31:01 PM
1.184322, 21/8/2015 2:31:02 PM
1.184322, 21/8/2015 2:31:03 PM
1.184322, 21/8/2015 2:31:04 PM
1.184322, 21/8/2015 2:31:05 PM
1.173562, 21/8/2015 2:31:06 PM
1.173178, 21/8/2015 2:31:07 PM
1.158191, 21/8/2015 2:31:08 PM
1.153324, 21/8/2015 2:31:09 PM
1.153324, 21/8/2015 2:31:10 PM
1.153324, 21/8/2015 2:31:11 PM
1.163955, 21/8/2015 2:31:12 PM
1.164468, 21/8/2015 2:31:13 PM
1.172666, 21/8/2015 2:31:14 PM
1.167798, 21/8/2015 2:31:15 PM
1.173178, 21/8/2015 2:31:16 PM
1.173562, 21/8/2015 2:31:17 PM
1.173562, 21/8/2015 2:31:18 PM
1.166901, 21/8/2015 2:31:19 PM
1.154093, 21/8/2015 2:31:20 PM
1.15358, 21/8/2015 2:31:21 PM
1.159344, 21/8/2015 2:31:22 PM
1.159344, 21/8/2015 2:31:23 PM
1.165749, 21/8/2015 2:31:24 PM
1.172794, 21/8/2015 2:31:25 PM
1.173818, 21/8/2015 2:31:26 PM
1.173818, 21/8/2015 2:31:27 PM
1.183681, 21/8/2015 2:31:28 PM
1.183681, 21/8/2015 2:31:29 PM
1.183681, 21/8/2015 2:31:30 PM
1.183681, 21/8/2015 2:31:31 PM
1.173178, 21/8/2015 2:31:32 PM
1.172794, 21/8/2015 2:31:33 PM
1.164212, 21/8/2015 2:31:34 PM
1.162931, 21/8/2015 2:31:35 PM
1.168951, 21/8/2015 2:31:36 PM
1.166261, 21/8/2015 2:31:37 PM
1.162546, 21/8/2015 2:31:38 PM
1.162546, 21/8/2015 2:31:39 PM
1.153964, 21/8/2015 2:31:40 PM
1.163827, 21/8/2015 2:31:41 PM
1.163955, 21/8/2015 2:31:42 PM
1.163955, 21/8/2015 2:31:43 PM
1.156142, 21/8/2015 2:31:44 PM
1.150122, 21/8/2015 2:31:45 PM
1.15358, 21/8/2015 2:31:46 PM
1.15358, 21/8/2015 2:31:47 PM
1.158576, 21/8/2015 2:31:48 PM
1.163699, 21/8/2015 2:31:49 PM
1.163699, 21/8/2015 2:31:50 PM
1.165877, 21/8/2015 2:31:51 PM
1.181888, 21/8/2015 2:31:52 PM
1.182913, 21/8/2015 2:31:53 PM
1.184194, 21/8/2015 2:31:54 PM
1.178045, 21/8/2015 2:31:55 PM
1.164212, 21/8/2015 2:31:56 PM
1.163315, 21/8/2015 2:31:57 PM
1.154093, 21/8/2015 2:31:58 PM
1.159472, 21/8/2015 2:31:59 PM
1.178686, 21/8/2015 2:32:00 PM
1.179198, 21/8/2015 2:32:01 PM
1.173434, 21/8/2015 2:32:02 PM
1.16434, 21/8/2015 2:32:03 PM
1.154093, 21/8/2015 2:32:04 PM
1.156142, 21/8/2015 2:32:05 PM
1.172025, 21/8/2015 2:32:06 PM
1.172025, 21/8/2015 2:32:07 PM
1.169079, 21/8/2015 2:32:08 PM
1.168054, 21/8/2015 2:32:09 PM
1.183425, 21/8/2015 2:32:10 PM
1.183425, 21/8/2015 2:32:11 PM
1.183681, 21/8/2015 2:32:12 PM
1.170232, 21/8/2015 2:32:13 PM
1.146663, 21/8/2015 2:32:14 PM
1.133342, 21/8/2015 2:32:15 PM
1.132958, 21/8/2015 2:32:16 PM
1.147816, 21/8/2015 2:32:17 PM
1.162675, 21/8/2015 2:32:18 PM
1.171897, 21/8/2015 2:32:19 PM
1.163955, 21/8/2015 2:32:20 PM
1.163315, 21/8/2015 2:32:21 PM
1.164596, 21/8/2015 2:32:22 PM
1.182913, 21/8/2015 2:32:23 PM
1.182913, 21/8/2015 2:32:24 PM
1.18445, 21/8/2015 2:32:25 PM
1.175099, 21/8/2015 2:32:26 PM
1.15563, 21/8/2015 2:32:27 PM
1.163187, 21/8/2015 2:32:28 PM
1.177405, 21/8/2015 2:32:29 PM
1.195081, 21/8/2015 2:32:30 PM
1.203663, 21/8/2015 2:32:31 PM
1.184194, 21/8/2015 2:32:32 PM
1.163315, 21/8/2015 2:32:33 PM
1.145639, 21/8/2015 2:32:34 PM
1.142821, 21/8/2015 2:32:35 PM
1.148841, 21/8/2015 2:32:36 PM
1.153452, 21/8/2015 2:32:37 PM
1.151659, 21/8/2015 2:32:38 PM
1.147944, 21/8/2015 2:32:39 PM
1.15294, 21/8/2015 2:32:40 PM
1.153324, 21/8/2015 2:32:41 PM
1.168439, 21/8/2015 2:32:42 PM
1.182913, 21/8/2015 2:32:43 PM
1.181632, 21/8/2015 2:32:44 PM
1.173434, 21/8/2015 2:32:45 PM
1.163827, 21/8/2015 2:32:46 PM
1.15358, 21/8/2015 2:32:47 PM
1.157807, 21/8/2015 2:32:48 PM
1.173306, 21/8/2015 2:32:49 PM
1.173946, 21/8/2015 2:32:50 PM
1.173946, 21/8/2015 2:32:51 PM
1.162675, 21/8/2015 2:32:52 PM
1.147048, 21/8/2015 2:32:53 PM
1.148328, 21/8/2015 2:32:54 PM
1.164212, 21/8/2015 2:32:55 PM
1.179839, 21/8/2015 2:32:56 PM
1.19316, 21/8/2015 2:32:57 PM
1.1938, 21/8/2015 2:32:58 PM
1.1938, 21/8/2015 2:32:59 PM
1.1938, 21/8/2015 2:33:00 PM
1.188677, 21/8/2015 2:33:01 PM
1.183809, 21/8/2015 2:33:02 PM
1.183425, 21/8/2015 2:33:03 PM
1.183425, 21/8/2015 2:33:04 PM
1.183425, 21/8/2015 2:33:05 PM
1.183425, 21/8/2015 2:33:06 PM
1.183425, 21/8/2015 2:33:07 PM
1.183425, 21/8/2015 2:33:08 PM
1.191751, 21/8/2015 2:33:09 PM
1.182528, 21/8/2015 2:33:10 PM
1.173562, 21/8/2015 2:33:11 PM
1.173562, 21/8/2015 2:33:12 PM
1.173562, 21/8/2015 2:33:13 PM
1.173562, 21/8/2015 2:33:14 PM
1.173562, 21/8/2015 2:33:15 PM
1.183041, 21/8/2015 2:33:16 PM
1.183425, 21/8/2015 2:33:17 PM
1.174843, 21/8/2015 2:33:18 PM
1.166261, 21/8/2015 2:33:19 PM
1.153452, 21/8/2015 2:33:20 PM
1.153452, 21/8/2015 2:33:21 PM
1.16767, 21/8/2015 2:33:22 PM
1.180607, 21/8/2015 2:33:23 PM
1.184066, 21/8/2015 2:33:24 PM
1.183809, 21/8/2015 2:33:25 PM
1.175099, 21/8/2015 2:33:26 PM
1.182785, 21/8/2015 2:33:27 PM
1.184322, 21/8/2015 2:33:28 PM
1.166517, 21/8/2015 2:33:29 PM
1.163955, 21/8/2015 2:33:30 PM
1.163571, 21/8/2015 2:33:31 PM
1.163571, 21/8/2015 2:33:32 PM
1.165108, 21/8/2015 2:33:33 PM
1.171897, 21/8/2015 2:33:34 PM
1.163827, 21/8/2015 2:33:35 PM
1.163827, 21/8/2015 2:33:36 PM
1.155501, 21/8/2015 2:33:37 PM
1.152683, 21/8/2015 2:33:38 PM
1.134623, 21/8/2015 2:33:39 PM
1.133598, 21/8/2015 2:33:40 PM
1.13949, 21/8/2015 2:33:41 PM
1.154605, 21/8/2015 2:33:42 PM
1.164596, 21/8/2015 2:33:43 PM
1.172794, 21/8/2015 2:33:44 PM
1.173434, 21/8/2015 2:33:45 PM
1.16767, 21/8/2015 2:33:46 PM
1.169335, 21/8/2015 2:33:47 PM
1.173178, 21/8/2015 2:33:48 PM
1.173434, 21/8/2015 2:33:49 PM
1.174075, 21/8/2015 2:33:50 PM
1.174075, 21/8/2015 2:33:51 PM
1.16498, 21/8/2015 2:33:52 PM
1.162931, 21/8/2015 2:33:53 PM
1.170104, 21/8/2015 2:33:54 PM
1.173562, 21/8/2015 2:33:55 PM
1.173818, 21/8/2015 2:33:56 PM
1.173818, 21/8/2015 2:33:57 PM
1.173818, 21/8/2015 2:33:58 PM
1.173818, 21/8/2015 2:33:59 PM
1.165108, 21/8/2015 2:34:00 PM
1.163955, 21/8/2015 2:34:01 PM
1.163955, 21/8/2015 2:34:02 PM
1.174715, 21/8/2015 2:34:03 PM
1.190726, 21/8/2015 2:34:04 PM
1.193416, 21/8/2015 2:34:05 PM
1.187396, 21/8/2015 2:34:06 PM
1.170872, 21/8/2015 2:34:07 PM
1.163827, 21/8/2015 2:34:08 PM
1.163827, 21/8/2015 2:34:09 PM
1.163827, 21/8/2015 2:34:10 PM
1.156014, 21/8/2015 2:34:11 PM
1.154861, 21/8/2015 2:34:12 PM
1.171257, 21/8/2015 2:34:13 PM
1.183681, 21/8/2015 2:34:14 PM
1.191879, 21/8/2015 2:34:15 PM
1.194057, 21/8/2015 2:34:16 PM
1.183169, 21/8/2015 2:34:17 PM
1.182913, 21/8/2015 2:34:18 PM
1.186756, 21/8/2015 2:34:19 PM
1.193288, 21/8/2015 2:34:20 PM
1.193929, 21/8/2015 2:34:21 PM
1.193929, 21/8/2015 2:34:22 PM
1.187268, 21/8/2015 2:34:23 PM
1.179326, 21/8/2015 2:34:24 PM
1.179326, 21/8/2015 2:34:25 PM
1.16498, 21/8/2015 2:34:26 PM
1.163955, 21/8/2015 2:34:27 PM
1.181504, 21/8/2015 2:34:28 PM
1.182785, 21/8/2015 2:34:29 PM
1.178302, 21/8/2015 2:34:30 PM
1.19252, 21/8/2015 2:34:31 PM
1.19252, 21/8/2015 2:34:32 PM
1.174587, 21/8/2015 2:34:33 PM
1.164468, 21/8/2015 2:34:34 PM
1.163955, 21/8/2015 2:34:35 PM
1.163059, 21/8/2015 2:34:36 PM
1.18112, 21/8/2015 2:34:37 PM
1.183425, 21/8/2015 2:34:38 PM
1.173818, 21/8/2015 2:34:39 PM
1.173818, 21/8/2015 2:34:40 PM
1.179582, 21/8/2015 2:34:41 PM
1.183425, 21/8/2015 2:34:42 PM
1.183425, 21/8/2015 2:34:43 PM
1.167798, 21/8/2015 2:34:44 PM
1.148841, 21/8/2015 2:34:45 PM
1.143973, 21/8/2015 2:34:46 PM
1.158832, 21/8/2015 2:34:47 PM
1.169719, 21/8/2015 2:34:48 PM
1.168311, 21/8/2015 2:34:49 PM
1.172794, 21/8/2015 2:34:50 PM
1.173562, 21/8/2015 2:34:51 PM
1.179967, 21/8/2015 2:34:52 PM
1.183553, 21/8/2015 2:34:53 PM
1.166901, 21/8/2015 2:34:54 PM
1.157807, 21/8/2015 2:34:55 PM
1.163059, 21/8/2015 2:34:56 PM
1.170616, 21/8/2015 2:34:57 PM
1.172537, 21/8/2015 2:34:58 PM
1.157423, 21/8/2015 2:34:59 PM
1.154733, 21/8/2015 2:35:00 PM
1.158576, 21/8/2015 2:35:01 PM
1.156654, 21/8/2015 2:35:02 PM
1.162675, 21/8/2015 2:35:03 PM
1.163187, 21/8/2015 2:35:04 PM
1.153068, 21/8/2015 2:35:05 PM
1.153068, 21/8/2015 2:35:06 PM
1.147816, 21/8/2015 2:35:07 PM
1.145639, 21/8/2015 2:35:08 PM
1.153452, 21/8/2015 2:35:09 PM
1.159985, 21/8/2015 2:35:10 PM
1.181248, 21/8/2015 2:35:11 PM
1.183425, 21/8/2015 2:35:12 PM
1.166517, 21/8/2015 2:35:13 PM
1.156654, 21/8/2015 2:35:14 PM
1.154733, 21/8/2015 2:35:15 PM
1.173434, 21/8/2015 2:35:16 PM
1.173562, 21/8/2015 2:35:17 PM
1.168054, 21/8/2015 2:35:18 PM
1.154093, 21/8/2015 2:35:19 PM
1.157167, 21/8/2015 2:35:20 PM
1.164212, 21/8/2015 2:35:21 PM
1.18176, 21/8/2015 2:35:22 PM
1.193288, 21/8/2015 2:35:23 PM
1.188164, 21/8/2015 2:35:24 PM
1.19252, 21/8/2015 2:35:25 PM
1.195338, 21/8/2015 2:35:26 PM
1.185603, 21/8/2015 2:35:27 PM
1.184194, 21/8/2015 2:35:28 PM
1.164852, 21/8/2015 2:35:29 PM
1.163699, 21/8/2015 2:35:30 PM
1.152812, 21/8/2015 2:35:31 PM
1.161778, 21/8/2015 2:35:32 PM
1.181504, 21/8/2015 2:35:33 PM
1.184322, 21/8/2015 2:35:34 PM
1.184322, 21/8/2015 2:35:35 PM
1.17036, 21/8/2015 2:35:36 PM
1.163059, 21/8/2015 2:35:37 PM
1.153452, 21/8/2015 2:35:38 PM
1.159985, 21/8/2015 2:35:39 PM
1.164852, 21/8/2015 2:35:40 PM
1.157167, 21/8/2015 2:35:41 PM
1.157167, 21/8/2015 2:35:42 PM
1.157167, 21/8/2015 2:35:43 PM
1.163699, 21/8/2015 2:35:44 PM
1.157423, 21/8/2015 2:35:45 PM
1.168439, 21/8/2015 2:35:46 PM
1.173434, 21/8/2015 2:35:47 PM
1.168439, 21/8/2015 2:35:48 PM
1.179326, 21/8/2015 2:35:49 PM
1.183169, 21/8/2015 2:35:50 PM
1.177661, 21/8/2015 2:35:51 PM
1.176764, 21/8/2015 2:35:52 PM
1.163955, 21/8/2015 2:35:53 PM
1.163187, 21/8/2015 2:35:54 PM
1.173562, 21/8/2015 2:35:55 PM
1.183169, 21/8/2015 2:35:56 PM
1.180223, 21/8/2015 2:35:57 PM
1.177405, 21/8/2015 2:35:58 PM
1.180351, 21/8/2015 2:35:59 PM
1.174715, 21/8/2015 2:36:00 PM
1.17638, 21/8/2015 2:36:01 PM
1.178558, 21/8/2015 2:36:02 PM
1.181632, 21/8/2015 2:36:03 PM
1.185475, 21/8/2015 2:36:04 PM
1.175868, 21/8/2015 2:36:05 PM
1.163955, 21/8/2015 2:36:06 PM
1.154733, 21/8/2015 2:36:07 PM
1.127194, 21/8/2015 2:36:08 PM
1.071987, 21/8/2015 2:36:09 PM
1.002946, 21/8/2015 2:36:10 PM
0.9071347, 21/8/2015 2:36:11 PM
0.8529525, 21/8/2015 2:36:12 PM
0.8072243, 21/8/2015 2:36:13 PM
0.7745613, 21/8/2015 2:36:14 PM
0.757013, 21/8/2015 2:36:15 PM
0.7489433, 21/8/2015 2:36:16 PM
0.7522736, 21/8/2015 2:36:17 PM
0.7591905, 21/8/2015 2:36:18 PM
0.7689253, 21/8/2015 2:36:19 PM
0.7698219, 21/8/2015 2:36:20 PM
0.7611119, 21/8/2015 2:36:21 PM
0.7558601, 21/8/2015 2:36:22 PM
0.7495837, 21/8/2015 2:36:23 PM
0.7580377, 21/8/2015 2:36:24 PM
0.7590624, 21/8/2015 2:36:25 PM
0.7629051, 21/8/2015 2:36:26 PM
0.7691815, 21/8/2015 2:36:27 PM
0.7602152, 21/8/2015 2:36:28 PM
0.7586781, 21/8/2015 2:36:29 PM
0.7654669, 21/8/2015 2:36:30 PM
0.7640579, 21/8/2015 2:36:31 PM
0.7640579, 21/8/2015 2:36:32 PM
0.7689253, 21/8/2015 2:36:33 PM
0.7689253, 21/8/2015 2:36:34 PM
0.7636737, 21/8/2015 2:36:35 PM
0.7640579, 21/8/2015 2:36:36 PM
0.7515051, 21/8/2015 2:36:37 PM
0.7420264, 21/8/2015 2:36:38 PM
0.7326758, 21/8/2015 2:36:39 PM
0.7290893, 21/8/2015 2:36:40 PM
0.7431792, 21/8/2015 2:36:41 PM
0.7566287, 21/8/2015 2:36:42 PM
0.7753298, 21/8/2015 2:36:43 PM
0.7795568, 21/8/2015 2:36:44 PM
0.7630332, 21/8/2015 2:36:45 PM
0.7507365, 21/8/2015 2:36:46 PM
0.7494556, 21/8/2015 2:36:47 PM
0.7490714, 21/8/2015 2:36:48 PM
0.7490714, 21/8/2015 2:36:49 PM
0.7609838, 21/8/2015 2:36:50 PM
0.76995, 21/8/2015 2:36:51 PM
0.7791725, 21/8/2015 2:36:52 PM
0.7891636, 21/8/2015 2:36:53 PM
0.7816063, 21/8/2015 2:36:54 PM
0.7782759, 21/8/2015 2:36:55 PM
0.7693096, 21/8/2015 2:36:56 PM
0.7693096, 21/8/2015 2:36:57 PM
0.7693096, 21/8/2015 2:36:58 PM
0.7693096, 21/8/2015 2:36:59 PM
0.7693096, 21/8/2015 2:37:00 PM
0.7693096, 21/8/2015 2:37:01 PM
0.7794287, 21/8/2015 2:37:02 PM
0.7737927, 21/8/2015 2:37:03 PM
0.7750736, 21/8/2015 2:37:04 PM
0.7711028, 21/8/2015 2:37:05 PM
0.7689253, 21/8/2015 2:37:06 PM
0.7790444, 21/8/2015 2:37:07 PM
0.7844242, 21/8/2015 2:37:08 PM
0.7901883, 21/8/2015 2:37:09 PM
0.7901883, 21/8/2015 2:37:10 PM
0.7753298, 21/8/2015 2:37:11 PM
0.7689253, 21/8/2015 2:37:12 PM
0.7687972, 21/8/2015 2:37:13 PM
0.7687972, 21/8/2015 2:37:14 PM
0.7687972, 21/8/2015 2:37:15 PM
0.7687972, 21/8/2015 2:37:16 PM
0.7687972, 21/8/2015 2:37:17 PM
0.7548354, 21/8/2015 2:37:18 PM
0.7502242, 21/8/2015 2:37:19 PM
0.7497118, 21/8/2015 2:37:20 PM
0.765595, 21/8/2015 2:37:21 PM
0.7757141, 21/8/2015 2:37:22 PM
0.7718714, 21/8/2015 2:37:23 PM
0.7653388, 21/8/2015 2:37:24 PM
0.7591905, 21/8/2015 2:37:25 PM
0.7589343, 21/8/2015 2:37:26 PM
0.779813, 21/8/2015 2:37:27 PM
0.7891636, 21/8/2015 2:37:28 PM
0.7899321, 21/8/2015 2:37:29 PM
0.7899321, 21/8/2015 2:37:30 PM
0.7844242, 21/8/2015 2:37:31 PM
0.7757141, 21/8/2015 2:37:32 PM
0.7789164, 21/8/2015 2:37:33 PM
0.7789164, 21/8/2015 2:37:34 PM
0.7800692, 21/8/2015 2:37:35 PM
0.7800692, 21/8/2015 2:37:36 PM
0.7800692, 21/8/2015 2:37:37 PM
0.7711028, 21/8/2015 2:37:38 PM
0.7695658, 21/8/2015 2:37:39 PM
0.7612399, 21/8/2015 2:37:40 PM
0.7591905, 21/8/2015 2:37:41 PM
0.7591905, 21/8/2015 2:37:42 PM
0.7653388, 21/8/2015 2:37:43 PM
0.7694377, 21/8/2015 2:37:44 PM
0.7695658, 21/8/2015 2:37:45 PM
0.7695658, 21/8/2015 2:37:46 PM
0.7643141, 21/8/2015 2:37:47 PM
0.7616242, 21/8/2015 2:37:48 PM
0.7698219, 21/8/2015 2:37:49 PM
0.7698219, 21/8/2015 2:37:50 PM
0.7698219, 21/8/2015 2:37:51 PM
0.7609838, 21/8/2015 2:37:52 PM
0.7488152, 21/8/2015 2:37:53 PM
0.7534264, 21/8/2015 2:37:54 PM
0.7643141, 21/8/2015 2:37:55 PM
0.7777635, 21/8/2015 2:37:56 PM
0.7892917, 21/8/2015 2:37:57 PM
0.7849366, 21/8/2015 2:37:58 PM
0.7849366, 21/8/2015 2:37:59 PM
0.7795568, 21/8/2015 2:38:00 PM
0.7689253, 21/8/2015 2:38:01 PM
0.7597029, 21/8/2015 2:38:02 PM
0.7597029, 21/8/2015 2:38:03 PM
0.749968, 21/8/2015 2:38:04 PM
0.7567568, 21/8/2015 2:38:05 PM
0.7494556, 21/8/2015 2:38:06 PM
0.7494556, 21/8/2015 2:38:07 PM
0.7558601, 21/8/2015 2:38:08 PM
0.7531703, 21/8/2015 2:38:09 PM
0.7663636, 21/8/2015 2:38:10 PM
0.7695658, 21/8/2015 2:38:11 PM
0.7695658, 21/8/2015 2:38:12 PM
0.7768669, 21/8/2015 2:38:13 PM
0.7850647, 21/8/2015 2:38:14 PM
0.7796849, 21/8/2015 2:38:15 PM
0.7796849, 21/8/2015 2:38:16 PM
0.7707186, 21/8/2015 2:38:17 PM
0.7625208, 21/8/2015 2:38:18 PM
0.7768669, 21/8/2015 2:38:19 PM
0.7795568, 21/8/2015 2:38:20 PM
0.7801973, 21/8/2015 2:38:21 PM
0.7694377, 21/8/2015 2:38:22 PM
0.7608557, 21/8/2015 2:38:23 PM
0.759831, 21/8/2015 2:38:24 PM
0.7757141, 21/8/2015 2:38:25 PM
0.7887793, 21/8/2015 2:38:26 PM
0.799667, 21/8/2015 2:38:27 PM
0.799667, 21/8/2015 2:38:28 PM
0.799667, 21/8/2015 2:38:29 PM
0.799667, 21/8/2015 2:38:30 PM
0.78404, 21/8/2015 2:38:31 PM
0.7612399, 21/8/2015 2:38:32 PM
0.7593186, 21/8/2015 2:38:33 PM
0.7593186, 21/8/2015 2:38:34 PM
0.759831, 21/8/2015 2:38:35 PM
0.7795568, 21/8/2015 2:38:36 PM
0.7745613, 21/8/2015 2:38:37 PM
0.7764826, 21/8/2015 2:38:38 PM
0.7717433, 21/8/2015 2:38:39 PM
0.759831, 21/8/2015 2:38:40 PM
0.7593186, 21/8/2015 2:38:41 PM
0.7657231, 21/8/2015 2:38:42 PM
0.7796849, 21/8/2015 2:38:43 PM
0.7981299, 21/8/2015 2:38:44 PM
0.8003075, 21/8/2015 2:38:45 PM
0.7914692, 21/8/2015 2:38:46 PM
0.7796849, 21/8/2015 2:38:47 PM
0.7695658, 21/8/2015 2:38:48 PM
0.7764826, 21/8/2015 2:38:49 PM
0.7796849, 21/8/2015 2:38:50 PM
0.7892917, 21/8/2015 2:38:51 PM
0.7901883, 21/8/2015 2:38:52 PM
0.7901883, 21/8/2015 2:38:53 PM
0.7803254, 21/8/2015 2:38:54 PM
0.7794287, 21/8/2015 2:38:55 PM
0.7695658, 21/8/2015 2:38:56 PM
0.7695658, 21/8/2015 2:38:57 PM
0.7695658, 21/8/2015 2:38:58 PM
0.7695658, 21/8/2015 2:38:59 PM
0.7768669, 21/8/2015 2:39:00 PM
0.7762265, 21/8/2015 2:39:01 PM
0.7762265, 21/8/2015 2:39:02 PM
0.7746894, 21/8/2015 2:39:03 PM
0.7693096, 21/8/2015 2:39:04 PM
0.759831, 21/8/2015 2:39:05 PM
0.768541, 21/8/2015 2:39:06 PM
0.7691815, 21/8/2015 2:39:07 PM
0.775586, 21/8/2015 2:39:08 PM
0.7892917, 21/8/2015 2:39:09 PM
0.7892917, 21/8/2015 2:39:10 PM
0.7988985, 21/8/2015 2:39:11 PM
0.796849, 21/8/2015 2:39:12 PM
0.7809658, 21/8/2015 2:39:13 PM
0.7809658, 21/8/2015 2:39:14 PM
0.7818624, 21/8/2015 2:39:15 PM
0.776995, 21/8/2015 2:39:16 PM
0.7789164, 21/8/2015 2:39:17 PM
0.7740489, 21/8/2015 2:39:18 PM
0.7723837, 21/8/2015 2:39:19 PM
0.7745613, 21/8/2015 2:39:20 PM
0.7695658, 21/8/2015 2:39:21 PM
0.7695658, 21/8/2015 2:39:22 PM
0.7695658, 21/8/2015 2:39:23 PM
0.776995, 21/8/2015 2:39:24 PM
0.7790444, 21/8/2015 2:39:25 PM
0.7891636, 21/8/2015 2:39:26 PM
0.7901883, 21/8/2015 2:39:27 PM
0.7835276, 21/8/2015 2:39:28 PM
0.7794287, 21/8/2015 2:39:29 PM
0.7794287, 21/8/2015 2:39:30 PM
0.7794287, 21/8/2015 2:39:31 PM
0.7866018, 21/8/2015 2:39:32 PM
0.7910849, 21/8/2015 2:39:33 PM
0.7997951, 21/8/2015 2:39:34 PM
0.7997951, 21/8/2015 2:39:35 PM
0.7997951, 21/8/2015 2:39:36 PM
0.7997951, 21/8/2015 2:39:37 PM
0.7905726, 21/8/2015 2:39:38 PM
0.7800692, 21/8/2015 2:39:39 PM
0.7695658, 21/8/2015 2:39:40 PM
0.7695658, 21/8/2015 2:39:41 PM
0.7695658, 21/8/2015 2:39:42 PM
0.7695658, 21/8/2015 2:39:43 PM
0.7695658, 21/8/2015 2:39:44 PM
0.7695658, 21/8/2015 2:39:45 PM
0.7695658, 21/8/2015 2:39:46 PM
0.7842962, 21/8/2015 2:39:47 PM
0.7894198, 21/8/2015 2:39:48 PM
0.7939029, 21/8/2015 2:39:49 PM
0.7939029, 21/8/2015 2:39:50 PM
0.8060715, 21/8/2015 2:39:51 PM
0.809658, 21/8/2015 2:39:52 PM
0.809658, 21/8/2015 2:39:53 PM
0.7955681, 21/8/2015 2:39:54 PM
0.7842962, 21/8/2015 2:39:55 PM
0.7796849, 21/8/2015 2:39:56 PM
0.7794287, 21/8/2015 2:39:57 PM
0.7886512, 21/8/2015 2:39:58 PM
0.7901883, 21/8/2015 2:39:59 PM
0.7901883, 21/8/2015 2:40:00 PM
0.7901883, 21/8/2015 2:40:01 PM
0.8060715, 21/8/2015 2:40:02 PM
0.8104265, 21/8/2015 2:40:03 PM
0.8000513, 21/8/2015 2:40:04 PM
0.7997951, 21/8/2015 2:40:05 PM
0.7900602, 21/8/2015 2:40:06 PM
0.7817343, 21/8/2015 2:40:07 PM
0.7889074, 21/8/2015 2:40:08 PM
0.7991546, 21/8/2015 2:40:09 PM
0.7904445, 21/8/2015 2:40:10 PM
0.7803254, 21/8/2015 2:40:11 PM
0.76995, 21/8/2015 2:40:12 PM
0.7695658, 21/8/2015 2:40:13 PM
0.7804534, 21/8/2015 2:40:14 PM
0.7892917, 21/8/2015 2:40:15 PM
0.7816063, 21/8/2015 2:40:16 PM
0.7785321, 21/8/2015 2:40:17 PM
0.7666197, 21/8/2015 2:40:18 PM
0.7593186, 21/8/2015 2:40:19 PM
0.7668759, 21/8/2015 2:40:20 PM
0.772768, 21/8/2015 2:40:21 PM
0.781222, 21/8/2015 2:40:22 PM
0.7917254, 21/8/2015 2:40:23 PM
0.7994108, 21/8/2015 2:40:24 PM
0.8000513, 21/8/2015 2:40:25 PM
0.8000513, 21/8/2015 2:40:26 PM
0.8000513, 21/8/2015 2:40:27 PM
0.7901883, 21/8/2015 2:40:28 PM
0.789804, 21/8/2015 2:40:29 PM
0.7985142, 21/8/2015 2:40:30 PM
0.8049187, 21/8/2015 2:40:31 PM
0.811067, 21/8/2015 2:40:32 PM
0.811067, 21/8/2015 2:40:33 PM
0.7978737, 21/8/2015 2:40:34 PM
0.7978737, 21/8/2015 2:40:35 PM
0.7978737, 21/8/2015 2:40:36 PM
0.7978737, 21/8/2015 2:40:37 PM
0.8041502, 21/8/2015 2:40:38 PM
0.8091456, 21/8/2015 2:40:39 PM
0.799667, 21/8/2015 2:40:40 PM
0.7891636, 21/8/2015 2:40:41 PM
0.7891636, 21/8/2015 2:40:42 PM
0.7795568, 21/8/2015 2:40:43 PM
0.7848085, 21/8/2015 2:40:44 PM
0.7803254, 21/8/2015 2:40:45 PM
0.7787883, 21/8/2015 2:40:46 PM
0.7869861, 21/8/2015 2:40:47 PM
0.7822467, 21/8/2015 2:40:48 PM
0.7872422, 21/8/2015 2:40:49 PM
0.789804, 21/8/2015 2:40:50 PM
0.7803254, 21/8/2015 2:40:51 PM
0.779813, 21/8/2015 2:40:52 PM
0.7796849, 21/8/2015 2:40:53 PM
0.7796849, 21/8/2015 2:40:54 PM
0.7867299, 21/8/2015 2:40:55 PM
0.7822467, 21/8/2015 2:40:56 PM
0.7863456, 21/8/2015 2:40:57 PM
0.7758422, 21/8/2015 2:40:58 PM
0.7693096, 21/8/2015 2:40:59 PM
0.7611119, 21/8/2015 2:41:00 PM
0.759831, 21/8/2015 2:41:01 PM
0.7609838, 21/8/2015 2:41:02 PM
0.7693096, 21/8/2015 2:41:03 PM
0.7787883, 21/8/2015 2:41:04 PM
0.7892917, 21/8/2015 2:41:05 PM
0.7892917, 21/8/2015 2:41:06 PM
0.7985142, 21/8/2015 2:41:07 PM
0.7964647, 21/8/2015 2:41:08 PM
0.7809658, 21/8/2015 2:41:09 PM
0.7833995, 21/8/2015 2:41:10 PM
0.7900602, 21/8/2015 2:41:11 PM
0.7900602, 21/8/2015 2:41:12 PM
0.7900602, 21/8/2015 2:41:13 PM
0.785449, 21/8/2015 2:41:14 PM
0.7617523, 21/8/2015 2:41:15 PM
0.7617523, 21/8/2015 2:41:16 PM
0.7855771, 21/8/2015 2:41:17 PM
0.8051749, 21/8/2015 2:41:18 PM
0.8099142, 21/8/2015 2:41:19 PM
0.8099142, 21/8/2015 2:41:20 PM
0.7972333, 21/8/2015 2:41:21 PM
0.7817343, 21/8/2015 2:41:22 PM
0.7789164, 21/8/2015 2:41:23 PM
0.7795568, 21/8/2015 2:41:24 PM
0.7886512, 21/8/2015 2:41:25 PM
0.7891636, 21/8/2015 2:41:26 PM
0.7891636, 21/8/2015 2:41:27 PM
0.7891636, 21/8/2015 2:41:28 PM
0.7800692, 21/8/2015 2:41:29 PM
0.7795568, 21/8/2015 2:41:30 PM
0.7731523, 21/8/2015 2:41:31 PM
0.76995, 21/8/2015 2:41:32 PM
0.7787883, 21/8/2015 2:41:33 PM
0.7803254, 21/8/2015 2:41:34 PM
0.7867299, 21/8/2015 2:41:35 PM
0.7894198, 21/8/2015 2:41:36 PM
0.7894198, 21/8/2015 2:41:37 PM
0.7894198, 21/8/2015 2:41:38 PM
0.7873703, 21/8/2015 2:41:39 PM
0.7711028, 21/8/2015 2:41:40 PM
0.7695658, 21/8/2015 2:41:41 PM
0.7602152, 21/8/2015 2:41:42 PM
0.7608557, 21/8/2015 2:41:43 PM
0.7781478, 21/8/2015 2:41:44 PM
0.7772512, 21/8/2015 2:41:45 PM
0.7772512, 21/8/2015 2:41:46 PM
0.7691815, 21/8/2015 2:41:47 PM
0.7691815, 21/8/2015 2:41:48 PM
0.7790444, 21/8/2015 2:41:49 PM
0.7817343, 21/8/2015 2:41:50 PM
0.7891636, 21/8/2015 2:41:51 PM
0.779813, 21/8/2015 2:41:52 PM
0.7694377, 21/8/2015 2:41:53 PM
0.775586, 21/8/2015 2:41:54 PM
0.7623928, 21/8/2015 2:41:55 PM
0.7595748, 21/8/2015 2:41:56 PM
0.7776355, 21/8/2015 2:41:57 PM
0.7800692, 21/8/2015 2:41:58 PM
0.7885231, 21/8/2015 2:41:59 PM
0.7889074, 21/8/2015 2:42:00 PM
0.7833995, 21/8/2015 2:42:01 PM
0.7965928, 21/8/2015 2:42:02 PM
0.799667, 21/8/2015 2:42:03 PM
0.798258, 21/8/2015 2:42:04 PM
0.7835276, 21/8/2015 2:42:05 PM
0.7794287, 21/8/2015 2:42:06 PM
0.7794287, 21/8/2015 2:42:07 PM
0.7833995, 21/8/2015 2:42:08 PM
0.7885231, 21/8/2015 2:42:09 PM
0.7707186, 21/8/2015 2:42:10 PM
0.7695658, 21/8/2015 2:42:11 PM
0.7689253, 21/8/2015 2:42:12 PM
0.7704624, 21/8/2015 2:42:13 PM
0.7969771, 21/8/2015 2:42:14 PM
0.7907007, 21/8/2015 2:42:15 PM
0.7894198, 21/8/2015 2:42:16 PM
0.7892917, 21/8/2015 2:42:17 PM
0.779813, 21/8/2015 2:42:18 PM
0.7789164, 21/8/2015 2:42:19 PM
0.7789164, 21/8/2015 2:42:20 PM
0.7789164, 21/8/2015 2:42:21 PM
0.7789164, 21/8/2015 2:42:22 PM
0.7866018, 21/8/2015 2:42:23 PM
0.7904445, 21/8/2015 2:42:24 PM
0.7904445, 21/8/2015 2:42:25 PM
0.7904445, 21/8/2015 2:42:26 PM
0.7904445, 21/8/2015 2:42:27 PM
0.7904445, 21/8/2015 2:42:28 PM
0.7969771, 21/8/2015 2:42:29 PM
0.7886512, 21/8/2015 2:42:30 PM
0.7939029, 21/8/2015 2:42:31 PM
0.7914692, 21/8/2015 2:42:32 PM
0.7881389, 21/8/2015 2:42:33 PM
0.7977456, 21/8/2015 2:42:34 PM
0.7937748, 21/8/2015 2:42:35 PM
0.7794287, 21/8/2015 2:42:36 PM
0.7702062, 21/8/2015 2:42:37 PM
0.759959, 21/8/2015 2:42:38 PM
0.7643141, 21/8/2015 2:42:39 PM
0.7790444, 21/8/2015 2:42:40 PM
0.7901883, 21/8/2015 2:42:41 PM
0.7855771, 21/8/2015 2:42:42 PM
0.7695658, 21/8/2015 2:42:43 PM
0.7695658, 21/8/2015 2:42:44 PM
0.7695658, 21/8/2015 2:42:45 PM
0.7794287, 21/8/2015 2:42:46 PM
0.7900602, 21/8/2015 2:42:47 PM
0.7818624, 21/8/2015 2:42:48 PM
0.7782759, 21/8/2015 2:42:49 PM
0.7782759, 21/8/2015 2:42:50 PM
0.7698219, 21/8/2015 2:42:51 PM
0.759831, 21/8/2015 2:42:52 PM
0.7698219, 21/8/2015 2:42:53 PM
0.7743051, 21/8/2015 2:42:54 PM
0.7885231, 21/8/2015 2:42:55 PM
0.7901883, 21/8/2015 2:42:56 PM
0.7726399, 21/8/2015 2:42:57 PM
0.7704624, 21/8/2015 2:42:58 PM
0.7621366, 21/8/2015 2:42:59 PM
0.7646984, 21/8/2015 2:43:00 PM
0.7768669, 21/8/2015 2:43:01 PM
0.7796849, 21/8/2015 2:43:02 PM
0.7891636, 21/8/2015 2:43:03 PM
0.7837838, 21/8/2015 2:43:04 PM
0.7693096, 21/8/2015 2:43:05 PM
0.7749456, 21/8/2015 2:43:06 PM
0.7800692, 21/8/2015 2:43:07 PM
0.7894198, 21/8/2015 2:43:08 PM
0.7994108, 21/8/2015 2:43:09 PM
0.7933906, 21/8/2015 2:43:10 PM
0.7901883, 21/8/2015 2:43:11 PM
0.7889074, 21/8/2015 2:43:12 PM
0.7889074, 21/8/2015 2:43:13 PM
0.7889074, 21/8/2015 2:43:14 PM
0.7889074, 21/8/2015 2:43:15 PM
0.7889074, 21/8/2015 2:43:16 PM
0.7825029, 21/8/2015 2:43:17 PM
0.7694377, 21/8/2015 2:43:18 PM
0.7694377, 21/8/2015 2:43:19 PM
0.7694377, 21/8/2015 2:43:20 PM
0.7855771, 21/8/2015 2:43:21 PM
0.8013322, 21/8/2015 2:43:22 PM
0.8100423, 21/8/2015 2:43:23 PM
0.8078647, 21/8/2015 2:43:24 PM
0.7907007, 21/8/2015 2:43:25 PM
0.7805815, 21/8/2015 2:43:26 PM
0.7796849, 21/8/2015 2:43:27 PM
0.7899321, 21/8/2015 2:43:28 PM
0.7887793, 21/8/2015 2:43:29 PM
0.7794287, 21/8/2015 2:43:30 PM
0.7695658, 21/8/2015 2:43:31 PM
0.7695658, 21/8/2015 2:43:32 PM
0.7740489, 21/8/2015 2:43:33 PM
0.7899321, 21/8/2015 2:43:34 PM
0.7899321, 21/8/2015 2:43:35 PM
0.7899321, 21/8/2015 2:43:36 PM
0.7805815, 21/8/2015 2:43:37 PM
0.7795568, 21/8/2015 2:43:38 PM
0.7794287, 21/8/2015 2:43:39 PM
0.7881389, 21/8/2015 2:43:40 PM
0.7892917, 21/8/2015 2:43:41 PM
0.7803254, 21/8/2015 2:43:42 PM
0.7744332, 21/8/2015 2:43:43 PM
0.7698219, 21/8/2015 2:43:44 PM
0.7808377, 21/8/2015 2:43:45 PM
0.798258, 21/8/2015 2:43:46 PM
0.8001794, 21/8/2015 2:43:47 PM
0.8001794, 21/8/2015 2:43:48 PM
0.7816063, 21/8/2015 2:43:49 PM
0.7740489, 21/8/2015 2:43:50 PM
0.7698219, 21/8/2015 2:43:51 PM
0.7691815, 21/8/2015 2:43:52 PM
0.7758422, 21/8/2015 2:43:53 PM
0.7758422, 21/8/2015 2:43:54 PM
0.7725118, 21/8/2015 2:43:55 PM
0.7846804, 21/8/2015 2:43:56 PM
0.788267, 21/8/2015 2:43:57 PM
0.7825029, 21/8/2015 2:43:58 PM
0.7990265, 21/8/2015 2:43:59 PM
0.7985142, 21/8/2015 2:44:00 PM
0.7936468, 21/8/2015 2:44:01 PM
0.7962086, 21/8/2015 2:44:02 PM
0.7894198, 21/8/2015 2:44:03 PM
0.7894198, 21/8/2015 2:44:04 PM
0.7894198, 21/8/2015 2:44:05 PM
0.7795568, 21/8/2015 2:44:06 PM
0.7791725, 21/8/2015 2:44:07 PM
0.7887793, 21/8/2015 2:44:08 PM
0.7944153, 21/8/2015 2:44:09 PM
0.8000513, 21/8/2015 2:44:10 PM
0.8000513, 21/8/2015 2:44:11 PM
0.7901883, 21/8/2015 2:44:12 PM
0.789804, 21/8/2015 2:44:13 PM
0.7886512, 21/8/2015 2:44:14 PM
0.7886512, 21/8/2015 2:44:15 PM
0.7886512, 21/8/2015 2:44:16 PM
0.7899321, 21/8/2015 2:44:17 PM
0.7899321, 21/8/2015 2:44:18 PM
0.7899321, 21/8/2015 2:44:19 PM
0.7801973, 21/8/2015 2:44:20 PM
0.7804534, 21/8/2015 2:44:21 PM
0.7889074, 21/8/2015 2:44:22 PM
0.7991546, 21/8/2015 2:44:23 PM
0.7991546, 21/8/2015 2:44:24 PM
0.7804534, 21/8/2015 2:44:25 PM
0.7732804, 21/8/2015 2:44:26 PM
0.7608557, 21/8/2015 2:44:27 PM
0.7616242, 21/8/2015 2:44:28 PM
0.7702062, 21/8/2015 2:44:29 PM
0.7790444, 21/8/2015 2:44:30 PM
0.7895479, 21/8/2015 2:44:31 PM
0.7895479, 21/8/2015 2:44:32 PM
0.7895479, 21/8/2015 2:44:33 PM
0.7895479, 21/8/2015 2:44:34 PM
0.7825029, 21/8/2015 2:44:35 PM
0.7700781, 21/8/2015 2:44:36 PM
0.7700781, 21/8/2015 2:44:37 PM
0.7687972, 21/8/2015 2:44:38 PM
0.7687972, 21/8/2015 2:44:39 PM
0.7796849, 21/8/2015 2:44:40 PM
0.7978737, 21/8/2015 2:44:41 PM
0.7994108, 21/8/2015 2:44:42 PM
0.7892917, 21/8/2015 2:44:43 PM
0.7892917, 21/8/2015 2:44:44 PM
0.7892917, 21/8/2015 2:44:45 PM
0.8079928, 21/8/2015 2:44:46 PM
0.8106827, 21/8/2015 2:44:47 PM
0.8106827, 21/8/2015 2:44:48 PM
0.805303, 21/8/2015 2:44:49 PM
0.7995389, 21/8/2015 2:44:50 PM
0.7995389, 21/8/2015 2:44:51 PM
0.792622, 21/8/2015 2:44:52 PM
0.7900602, 21/8/2015 2:44:53 PM
0.7900602, 21/8/2015 2:44:54 PM
0.7801973, 21/8/2015 2:44:55 PM
0.7796849, 21/8/2015 2:44:56 PM
0.7900602, 21/8/2015 2:44:57 PM
0.7965928, 21/8/2015 2:44:58 PM
0.8091456, 21/8/2015 2:44:59 PM
0.8091456, 21/8/2015 2:45:00 PM
0.8008198, 21/8/2015 2:45:01 PM
0.7905726, 21/8/2015 2:45:02 PM
0.7895479, 21/8/2015 2:45:03 PM
0.7889074, 21/8/2015 2:45:04 PM
0.7889074, 21/8/2015 2:45:05 PM
0.7889074, 21/8/2015 2:45:06 PM
0.7794287, 21/8/2015 2:45:07 PM
0.7705905, 21/8/2015 2:45:08 PM
0.7693096, 21/8/2015 2:45:09 PM
0.7693096, 21/8/2015 2:45:10 PM
0.7837838, 21/8/2015 2:45:11 PM
0.7994108, 21/8/2015 2:45:12 PM
0.799667, 21/8/2015 2:45:13 PM
0.7997951, 21/8/2015 2:45:14 PM
0.7904445, 21/8/2015 2:45:15 PM
0.7895479, 21/8/2015 2:45:16 PM
0.7895479, 21/8/2015 2:45:17 PM
0.7895479, 21/8/2015 2:45:18 PM
0.7991546, 21/8/2015 2:45:19 PM
0.7994108, 21/8/2015 2:45:20 PM
0.7994108, 21/8/2015 2:45:21 PM
0.7944153, 21/8/2015 2:45:22 PM
0.7810939, 21/8/2015 2:45:23 PM
0.7791725, 21/8/2015 2:45:24 PM
0.7791725, 21/8/2015 2:45:25 PM
0.7972333, 21/8/2015 2:45:26 PM
0.7919816, 21/8/2015 2:45:27 PM
0.7894198, 21/8/2015 2:45:28 PM
0.7894198, 21/8/2015 2:45:29 PM
0.7894198, 21/8/2015 2:45:30 PM
0.7991546, 21/8/2015 2:45:31 PM
0.8004355, 21/8/2015 2:45:32 PM
0.7889074, 21/8/2015 2:45:33 PM
0.7887793, 21/8/2015 2:45:34 PM
0.7887793, 21/8/2015 2:45:35 PM
0.7908288, 21/8/2015 2:45:36 PM
0.799667, 21/8/2015 2:45:37 PM
0.7987704, 21/8/2015 2:45:38 PM
0.7962086, 21/8/2015 2:45:39 PM
0.7962086, 21/8/2015 2:45:40 PM
0.7918535, 21/8/2015 2:45:41 PM
0.7887793, 21/8/2015 2:45:42 PM
0.7850647, 21/8/2015 2:45:43 PM
0.7795568, 21/8/2015 2:45:44 PM
0.7795568, 21/8/2015 2:45:45 PM
0.7795568, 21/8/2015 2:45:46 PM
0.7795568, 21/8/2015 2:45:47 PM
0.7874984, 21/8/2015 2:45:48 PM
0.7872422, 21/8/2015 2:45:49 PM
0.7848085, 21/8/2015 2:45:50 PM
0.7846804, 21/8/2015 2:45:51 PM
0.7704624, 21/8/2015 2:45:52 PM
0.7731523, 21/8/2015 2:45:53 PM
0.7736647, 21/8/2015 2:45:54 PM
0.7750736, 21/8/2015 2:45:55 PM
0.7794287, 21/8/2015 2:45:56 PM
0.7794287, 21/8/2015 2:45:57 PM
0.7894198, 21/8/2015 2:45:58 PM
0.7894198, 21/8/2015 2:45:59 PM
0.7894198, 21/8/2015 2:46:00 PM
0.7810939, 21/8/2015 2:46:01 PM
0.7603433, 21/8/2015 2:46:02 PM
0.7488152, 21/8/2015 2:46:03 PM
0.7566287, 21/8/2015 2:46:04 PM
0.7997951, 21/8/2015 2:46:05 PM
0.8712694, 21/8/2015 2:46:06 PM
0.9629819, 21/8/2015 2:46:07 PM
1.054823, 21/8/2015 2:46:08 PM
1.054823, 21/8/2015 2:46:09 PM
1.118227, 21/8/2015 2:46:10 PM
1.155886, 21/8/2015 2:46:11 PM
1.167798, 21/8/2015 2:46:12 PM
1.173946, 21/8/2015 2:46:13 PM
1.173946, 21/8/2015 2:46:14 PM
1.18176, 21/8/2015 2:46:15 PM
1.199693, 21/8/2015 2:46:16 PM
1.211093, 21/8/2015 2:46:17 PM
1.22134, 21/8/2015 2:46:18 PM
1.223517, 21/8/2015 2:46:19 PM
1.197515, 21/8/2015 2:46:20 PM
1.183041, 21/8/2015 2:46:21 PM
1.173562, 21/8/2015 2:46:22 PM
1.172922, 21/8/2015 2:46:23 PM
1.180351, 21/8/2015 2:46:24 PM
1.182913, 21/8/2015 2:46:25 PM
1.183425, 21/8/2015 2:46:26 PM
1.19316, 21/8/2015 2:46:27 PM
1.193416, 21/8/2015 2:46:28 PM
1.193416, 21/8/2015 2:46:29 PM
1.200461, 21/8/2015 2:46:30 PM
1.198412, 21/8/2015 2:46:31 PM
1.198412, 21/8/2015 2:46:32 PM
1.203279, 21/8/2015 2:46:33 PM
1.198156, 21/8/2015 2:46:34 PM
1.192776, 21/8/2015 2:46:35 PM
1.192776, 21/8/2015 2:46:36 PM
1.203023, 21/8/2015 2:46:37 PM
1.203023, 21/8/2015 2:46:38 PM
1.203023, 21/8/2015 2:46:39 PM
1.203023, 21/8/2015 2:46:40 PM
1.186884, 21/8/2015 2:46:41 PM
1.183681, 21/8/2015 2:46:42 PM
1.183681, 21/8/2015 2:46:43 PM
1.183681, 21/8/2015 2:46:44 PM
1.189189, 21/8/2015 2:46:45 PM
1.187396, 21/8/2015 2:46:46 PM
1.193288, 21/8/2015 2:46:47 PM
1.1938, 21/8/2015 2:46:48 PM
1.19047, 21/8/2015 2:46:49 PM
1.193032, 21/8/2015 2:46:50 PM
1.1938, 21/8/2015 2:46:51 PM
1.1938, 21/8/2015 2:46:52 PM
1.1938, 21/8/2015 2:46:53 PM
1.18509, 21/8/2015 2:46:54 PM
1.183425, 21/8/2015 2:46:55 PM
1.195978, 21/8/2015 2:46:56 PM
1.203535, 21/8/2015 2:46:57 PM
1.195081, 21/8/2015 2:46:58 PM
1.188164, 21/8/2015 2:46:59 PM
1.174843, 21/8/2015 2:47:00 PM
1.172922, 21/8/2015 2:47:01 PM
1.182785, 21/8/2015 2:47:02 PM
1.188164, 21/8/2015 2:47:03 PM
1.200845, 21/8/2015 2:47:04 PM
1.194697, 21/8/2015 2:47:05 PM
1.193929, 21/8/2015 2:47:06 PM
1.198924, 21/8/2015 2:47:07 PM
1.187012, 21/8/2015 2:47:08 PM
1.183681, 21/8/2015 2:47:09 PM
1.177917, 21/8/2015 2:47:10 PM
1.174075, 21/8/2015 2:47:11 PM
1.179839, 21/8/2015 2:47:12 PM
1.179839, 21/8/2015 2:47:13 PM
1.177277, 21/8/2015 2:47:14 PM
1.183681, 21/8/2015 2:47:15 PM
1.188805, 21/8/2015 2:47:16 PM
1.200461, 21/8/2015 2:47:17 PM
1.203279, 21/8/2015 2:47:18 PM
1.198924, 21/8/2015 2:47:19 PM
1.196234, 21/8/2015 2:47:20 PM
1.191239, 21/8/2015 2:47:21 PM
1.191239, 21/8/2015 2:47:22 PM
1.180223, 21/8/2015 2:47:23 PM
1.173562, 21/8/2015 2:47:24 PM
1.16434, 21/8/2015 2:47:25 PM
1.163571, 21/8/2015 2:47:26 PM
1.17843, 21/8/2015 2:47:27 PM
1.198412, 21/8/2015 2:47:28 PM
1.203023, 21/8/2015 2:47:29 PM
1.203279, 21/8/2015 2:47:30 PM
1.203279, 21/8/2015 2:47:31 PM
1.204304, 21/8/2015 2:47:32 PM
1.202382, 21/8/2015 2:47:33 PM
1.185346, 21/8/2015 2:47:34 PM
1.183553, 21/8/2015 2:47:35 PM
1.183553, 21/8/2015 2:47:36 PM
1.183553, 21/8/2015 2:47:37 PM
1.183553, 21/8/2015 2:47:38 PM
1.190086, 21/8/2015 2:47:39 PM
1.182144, 21/8/2015 2:47:40 PM
1.180991, 21/8/2015 2:47:41 PM
1.174587, 21/8/2015 2:47:42 PM
1.173306, 21/8/2015 2:47:43 PM
1.17036, 21/8/2015 2:47:44 PM
1.154349, 21/8/2015 2:47:45 PM
1.154093, 21/8/2015 2:47:46 PM
1.173178, 21/8/2015 2:47:47 PM
1.190598, 21/8/2015 2:47:48 PM
1.188805, 21/8/2015 2:47:49 PM
1.184834, 21/8/2015 2:47:50 PM
1.183169, 21/8/2015 2:47:51 PM
1.183169, 21/8/2015 2:47:52 PM
1.175484, 21/8/2015 2:47:53 PM
1.173306, 21/8/2015 2:47:54 PM
1.173306, 21/8/2015 2:47:55 PM
1.173306, 21/8/2015 2:47:56 PM
1.173306, 21/8/2015 2:47:57 PM
1.187012, 21/8/2015 2:47:58 PM
1.187012, 21/8/2015 2:47:59 PM
1.191751, 21/8/2015 2:48:00 PM
1.188036, 21/8/2015 2:48:01 PM
1.201102, 21/8/2015 2:48:02 PM
1.203279, 21/8/2015 2:48:03 PM
1.193032, 21/8/2015 2:48:04 PM
1.193032, 21/8/2015 2:48:05 PM
1.193032, 21/8/2015 2:48:06 PM
1.187908, 21/8/2015 2:48:07 PM
1.184706, 21/8/2015 2:48:08 PM
1.18983, 21/8/2015 2:48:09 PM
1.183425, 21/8/2015 2:48:10 PM
1.183041, 21/8/2015 2:48:11 PM
1.17574, 21/8/2015 2:48:12 PM
1.165749, 21/8/2015 2:48:13 PM
1.163315, 21/8/2015 2:48:14 PM
1.167542, 21/8/2015 2:48:15 PM
1.174715, 21/8/2015 2:48:16 PM
1.181632, 21/8/2015 2:48:17 PM
1.192776, 21/8/2015 2:48:18 PM
1.191879, 21/8/2015 2:48:19 PM
1.183169, 21/8/2015 2:48:20 PM
1.183169, 21/8/2015 2:48:21 PM
1.175355, 21/8/2015 2:48:22 PM
1.175868, 21/8/2015 2:48:23 PM
1.175868, 21/8/2015 2:48:24 PM
1.177661, 21/8/2015 2:48:25 PM
1.182272, 21/8/2015 2:48:26 PM
1.183041, 21/8/2015 2:48:27 PM
1.175868, 21/8/2015 2:48:28 PM
1.178045, 21/8/2015 2:48:29 PM
1.169591, 21/8/2015 2:48:30 PM
1.16434, 21/8/2015 2:48:31 PM
1.180351, 21/8/2015 2:48:32 PM
1.182913, 21/8/2015 2:48:33 PM
1.178686, 21/8/2015 2:48:34 PM
1.183425, 21/8/2015 2:48:35 PM
1.182785, 21/8/2015 2:48:36 PM
1.176764, 21/8/2015 2:48:37 PM
1.177917, 21/8/2015 2:48:38 PM
1.173178, 21/8/2015 2:48:39 PM
1.165108, 21/8/2015 2:48:40 PM
1.163571, 21/8/2015 2:48:41 PM
1.167542, 21/8/2015 2:48:42 PM
1.172537, 21/8/2015 2:48:43 PM
1.184962, 21/8/2015 2:48:44 PM
1.193288, 21/8/2015 2:48:45 PM
1.202895, 21/8/2015 2:48:46 PM
1.20392, 21/8/2015 2:48:47 PM
1.20392, 21/8/2015 2:48:48 PM
1.20392, 21/8/2015 2:48:49 PM
1.20392, 21/8/2015 2:48:50 PM
1.20392, 21/8/2015 2:48:51 PM
1.19521, 21/8/2015 2:48:52 PM
1.199693, 21/8/2015 2:48:53 PM
1.195338, 21/8/2015 2:48:54 PM
1.194569, 21/8/2015 2:48:55 PM
1.189189, 21/8/2015 2:48:56 PM
1.183681, 21/8/2015 2:48:57 PM
1.187652, 21/8/2015 2:48:58 PM
1.187652, 21/8/2015 2:48:59 PM
1.203279, 21/8/2015 2:49:00 PM
1.194569, 21/8/2015 2:49:01 PM
1.184834, 21/8/2015 2:49:02 PM
1.17638, 21/8/2015 2:49:03 PM
1.173178, 21/8/2015 2:49:04 PM
1.183425, 21/8/2015 2:49:05 PM
1.18445, 21/8/2015 2:49:06 PM
1.18112, 21/8/2015 2:49:07 PM
1.173178, 21/8/2015 2:49:08 PM
1.164212, 21/8/2015 2:49:09 PM
1.164212, 21/8/2015 2:49:10 PM
1.170616, 21/8/2015 2:49:11 PM
1.183809, 21/8/2015 2:49:12 PM
1.183809, 21/8/2015 2:49:13 PM
1.183809, 21/8/2015 2:49:14 PM
1.168695, 21/8/2015 2:49:15 PM
1.163571, 21/8/2015 2:49:16 PM
1.169591, 21/8/2015 2:49:17 PM
1.174203, 21/8/2015 2:49:18 PM
1.174203, 21/8/2015 2:49:19 PM
1.16498, 21/8/2015 2:49:20 PM
1.163955, 21/8/2015 2:49:21 PM
1.163955, 21/8/2015 2:49:22 PM
1.172922, 21/8/2015 2:49:23 PM
1.183169, 21/8/2015 2:49:24 PM
1.183809, 21/8/2015 2:49:25 PM
1.183809, 21/8/2015 2:49:26 PM
1.172666, 21/8/2015 2:49:27 PM
1.172666, 21/8/2015 2:49:28 PM
1.162546, 21/8/2015 2:49:29 PM
1.16703, 21/8/2015 2:49:30 PM
1.178686, 21/8/2015 2:49:31 PM
1.192392, 21/8/2015 2:49:32 PM
1.193929, 21/8/2015 2:49:33 PM
1.190214, 21/8/2015 2:49:34 PM
1.172537, 21/8/2015 2:49:35 PM
1.163187, 21/8/2015 2:49:36 PM
1.162675, 21/8/2015 2:49:37 PM
1.162675, 21/8/2015 2:49:38 PM
1.178302, 21/8/2015 2:49:39 PM
1.184194, 21/8/2015 2:49:40 PM
1.174715, 21/8/2015 2:49:41 PM
1.173562, 21/8/2015 2:49:42 PM
1.173562, 21/8/2015 2:49:43 PM
1.163955, 21/8/2015 2:49:44 PM
1.162418, 21/8/2015 2:49:45 PM
1.153964, 21/8/2015 2:49:46 PM
1.161009, 21/8/2015 2:49:47 PM
1.18176, 21/8/2015 2:49:48 PM
1.194697, 21/8/2015 2:49:49 PM
1.203279, 21/8/2015 2:49:50 PM
1.199821, 21/8/2015 2:49:51 PM
1.1824, 21/8/2015 2:49:52 PM
1.173562, 21/8/2015 2:49:53 PM
1.173562, 21/8/2015 2:49:54 PM
1.172922, 21/8/2015 2:49:55 PM
1.172922, 21/8/2015 2:49:56 PM
1.184066, 21/8/2015 2:49:57 PM
1.193416, 21/8/2015 2:49:58 PM
1.193416, 21/8/2015 2:49:59 PM
1.193416, 21/8/2015 2:50:00 PM
1.176636, 21/8/2015 2:50:01 PM
1.173946, 21/8/2015 2:50:02 PM
1.173946, 21/8/2015 2:50:03 PM
1.183041, 21/8/2015 2:50:04 PM
1.193032, 21/8/2015 2:50:05 PM
1.1938, 21/8/2015 2:50:06 PM
1.191239, 21/8/2015 2:50:07 PM
1.184194, 21/8/2015 2:50:08 PM
1.16767, 21/8/2015 2:50:09 PM
1.163827, 21/8/2015 2:50:10 PM
1.163571, 21/8/2015 2:50:11 PM
1.154349, 21/8/2015 2:50:12 PM
1.167542, 21/8/2015 2:50:13 PM
1.188036, 21/8/2015 2:50:14 PM
1.200077, 21/8/2015 2:50:15 PM
1.203023, 21/8/2015 2:50:16 PM
1.190086, 21/8/2015 2:50:17 PM
1.173946, 21/8/2015 2:50:18 PM
1.172794, 21/8/2015 2:50:19 PM
1.172794, 21/8/2015 2:50:20 PM
1.165621, 21/8/2015 2:50:21 PM
1.176124, 21/8/2015 2:50:22 PM
1.183169, 21/8/2015 2:50:23 PM
1.189445, 21/8/2015 2:50:24 PM
1.193929, 21/8/2015 2:50:25 PM
1.193929, 21/8/2015 2:50:26 PM
1.176636, 21/8/2015 2:50:27 PM
1.173818, 21/8/2015 2:50:28 PM
1.18983, 21/8/2015 2:50:29 PM
1.200333, 21/8/2015 2:50:30 PM
1.213911, 21/8/2015 2:50:31 PM
1.213911, 21/8/2015 2:50:32 PM
1.222493, 21/8/2015 2:50:33 PM
1.209299, 21/8/2015 2:50:34 PM
1.198284, 21/8/2015 2:50:35 PM
1.19585, 21/8/2015 2:50:36 PM
1.178302, 21/8/2015 2:50:37 PM
1.175996, 21/8/2015 2:50:38 PM
1.177277, 21/8/2015 2:50:39 PM
1.172922, 21/8/2015 2:50:40 PM
1.172922, 21/8/2015 2:50:41 PM
1.165749, 21/8/2015 2:50:42 PM
1.162931, 21/8/2015 2:50:43 PM
1.154733, 21/8/2015 2:50:44 PM
1.168311, 21/8/2015 2:50:45 PM
1.180479, 21/8/2015 2:50:46 PM
1.184066, 21/8/2015 2:50:47 PM
1.188293, 21/8/2015 2:50:48 PM
1.193288, 21/8/2015 2:50:49 PM
1.188293, 21/8/2015 2:50:50 PM
1.199693, 21/8/2015 2:50:51 PM
1.20994, 21/8/2015 2:50:52 PM
1.197003, 21/8/2015 2:50:53 PM
1.185346, 21/8/2015 2:50:54 PM
1.177021, 21/8/2015 2:50:55 PM
1.177021, 21/8/2015 2:50:56 PM
1.173946, 21/8/2015 2:50:57 PM
1.171513, 21/8/2015 2:50:58 PM
1.163059, 21/8/2015 2:50:59 PM
1.159729, 21/8/2015 2:51:00 PM
1.154605, 21/8/2015 2:51:01 PM
1.163187, 21/8/2015 2:51:02 PM
1.163699, 21/8/2015 2:51:03 PM
1.163699, 21/8/2015 2:51:04 PM
1.163699, 21/8/2015 2:51:05 PM
1.172794, 21/8/2015 2:51:06 PM
1.183425, 21/8/2015 2:51:07 PM
1.177917, 21/8/2015 2:51:08 PM
1.183425, 21/8/2015 2:51:09 PM
1.193416, 21/8/2015 2:51:10 PM
1.201614, 21/8/2015 2:51:11 PM
1.203407, 21/8/2015 2:51:12 PM
1.193416, 21/8/2015 2:51:13 PM
1.180991, 21/8/2015 2:51:14 PM
1.165493, 21/8/2015 2:51:15 PM
1.165493, 21/8/2015 2:51:16 PM
1.174715, 21/8/2015 2:51:17 PM
1.183425, 21/8/2015 2:51:18 PM
1.184322, 21/8/2015 2:51:19 PM
1.179839, 21/8/2015 2:51:20 PM
1.173562, 21/8/2015 2:51:21 PM
1.173562, 21/8/2015 2:51:22 PM
1.19316, 21/8/2015 2:51:23 PM
1.211861, 21/8/2015 2:51:24 PM
1.213911, 21/8/2015 2:51:25 PM
1.211989, 21/8/2015 2:51:26 PM
1.195594, 21/8/2015 2:51:27 PM
1.193929, 21/8/2015 2:51:28 PM
1.193929, 21/8/2015 2:51:29 PM
1.19585, 21/8/2015 2:51:30 PM
1.199821, 21/8/2015 2:51:31 PM
1.185603, 21/8/2015 2:51:32 PM
1.183681, 21/8/2015 2:51:33 PM
1.174715, 21/8/2015 2:51:34 PM
1.163571, 21/8/2015 2:51:35 PM
1.163571, 21/8/2015 2:51:36 PM
1.154221, 21/8/2015 2:51:37 PM
1.154605, 21/8/2015 2:51:38 PM
1.163827, 21/8/2015 2:51:39 PM
1.173434, 21/8/2015 2:51:40 PM
1.184194, 21/8/2015 2:51:41 PM
1.177789, 21/8/2015 2:51:42 PM
1.177789, 21/8/2015 2:51:43 PM
1.18509, 21/8/2015 2:51:44 PM
1.186115, 21/8/2015 2:51:45 PM
1.195338, 21/8/2015 2:51:46 PM
1.204048, 21/8/2015 2:51:47 PM
1.192007, 21/8/2015 2:51:48 PM
1.172794, 21/8/2015 2:51:49 PM
1.163059, 21/8/2015 2:51:50 PM
1.168182, 21/8/2015 2:51:51 PM
1.182272, 21/8/2015 2:51:52 PM
1.184322, 21/8/2015 2:51:53 PM
1.184322, 21/8/2015 2:51:54 PM
1.178686, 21/8/2015 2:51:55 PM
1.173434, 21/8/2015 2:51:56 PM
1.176764, 21/8/2015 2:51:57 PM
1.180351, 21/8/2015 2:51:58 PM
1.178045, 21/8/2015 2:51:59 PM
1.183169, 21/8/2015 2:52:00 PM
1.177917, 21/8/2015 2:52:01 PM
1.169463, 21/8/2015 2:52:02 PM
1.156911, 21/8/2015 2:52:03 PM
1.153324, 21/8/2015 2:52:04 PM
1.153324, 21/8/2015 2:52:05 PM
1.161009, 21/8/2015 2:52:06 PM
1.163315, 21/8/2015 2:52:07 PM
1.163315, 21/8/2015 2:52:08 PM
1.17638, 21/8/2015 2:52:09 PM
1.186884, 21/8/2015 2:52:10 PM
1.193929, 21/8/2015 2:52:11 PM
1.193929, 21/8/2015 2:52:12 PM
1.179326, 21/8/2015 2:52:13 PM
1.168823, 21/8/2015 2:52:14 PM
1.162546, 21/8/2015 2:52:15 PM
1.16767, 21/8/2015 2:52:16 PM
1.187012, 21/8/2015 2:52:17 PM
1.187012, 21/8/2015 2:52:18 PM
1.194313, 21/8/2015 2:52:19 PM
1.194313, 21/8/2015 2:52:20 PM
1.184066, 21/8/2015 2:52:21 PM
1.182528, 21/8/2015 2:52:22 PM
1.185987, 21/8/2015 2:52:23 PM
1.192648, 21/8/2015 2:52:24 PM
1.193288, 21/8/2015 2:52:25 PM
1.184194, 21/8/2015 2:52:26 PM
1.173946, 21/8/2015 2:52:27 PM
1.172794, 21/8/2015 2:52:28 PM
1.179711, 21/8/2015 2:52:29 PM
1.18509, 21/8/2015 2:52:30 PM
1.203023, 21/8/2015 2:52:31 PM
1.203535, 21/8/2015 2:52:32 PM
1.203535, 21/8/2015 2:52:33 PM
1.183681, 21/8/2015 2:52:34 PM
1.175868, 21/8/2015 2:52:35 PM
1.173946, 21/8/2015 2:52:36 PM
1.173946, 21/8/2015 2:52:37 PM
1.184834, 21/8/2015 2:52:38 PM
1.202767, 21/8/2015 2:52:39 PM
1.203535, 21/8/2015 2:52:40 PM
1.203535, 21/8/2015 2:52:41 PM
1.190726, 21/8/2015 2:52:42 PM
1.171385, 21/8/2015 2:52:43 PM
1.153068, 21/8/2015 2:52:44 PM
1.143845, 21/8/2015 2:52:45 PM
1.154605, 21/8/2015 2:52:46 PM
1.172537, 21/8/2015 2:52:47 PM
1.172537, 21/8/2015 2:52:48 PM
1.176764, 21/8/2015 2:52:49 PM
1.182913, 21/8/2015 2:52:50 PM
1.174075, 21/8/2015 2:52:51 PM
1.173562, 21/8/2015 2:52:52 PM
1.183681, 21/8/2015 2:52:53 PM
1.184194, 21/8/2015 2:52:54 PM
1.184194, 21/8/2015 2:52:55 PM
1.184194, 21/8/2015 2:52:56 PM
1.184194, 21/8/2015 2:52:57 PM
1.182913, 21/8/2015 2:52:58 PM
1.174459, 21/8/2015 2:52:59 PM
1.173434, 21/8/2015 2:53:00 PM
1.173434, 21/8/2015 2:53:01 PM
1.164212, 21/8/2015 2:53:02 PM
1.166517, 21/8/2015 2:53:03 PM
1.189445, 21/8/2015 2:53:04 PM
1.186756, 21/8/2015 2:53:05 PM
1.191751, 21/8/2015 2:53:06 PM
1.193416, 21/8/2015 2:53:07 PM
1.193416, 21/8/2015 2:53:08 PM
1.193416, 21/8/2015 2:53:09 PM
1.193416, 21/8/2015 2:53:10 PM
1.18112, 21/8/2015 2:53:11 PM
1.172922, 21/8/2015 2:53:12 PM
1.179967, 21/8/2015 2:53:13 PM
1.188164, 21/8/2015 2:53:14 PM
1.19316, 21/8/2015 2:53:15 PM
1.177917, 21/8/2015 2:53:16 PM
1.174587, 21/8/2015 2:53:17 PM
1.191495, 21/8/2015 2:53:18 PM
1.191495, 21/8/2015 2:53:19 PM
1.201742, 21/8/2015 2:53:20 PM
1.211989, 21/8/2015 2:53:21 PM
1.213014, 21/8/2015 2:53:22 PM
1.200974, 21/8/2015 2:53:23 PM
1.18112, 21/8/2015 2:53:24 PM
1.173946, 21/8/2015 2:53:25 PM
1.173946, 21/8/2015 2:53:26 PM
1.180351, 21/8/2015 2:53:27 PM
1.18509, 21/8/2015 2:53:28 PM
1.18509, 21/8/2015 2:53:29 PM
1.18509, 21/8/2015 2:53:30 PM
1.173946, 21/8/2015 2:53:31 PM
1.178045, 21/8/2015 2:53:32 PM
1.184322, 21/8/2015 2:53:33 PM
1.184322, 21/8/2015 2:53:34 PM
1.192392, 21/8/2015 2:53:35 PM
1.183553, 21/8/2015 2:53:36 PM
1.177277, 21/8/2015 2:53:37 PM
1.167158, 21/8/2015 2:53:38 PM
1.153708, 21/8/2015 2:53:39 PM
1.153324, 21/8/2015 2:53:40 PM
1.153324, 21/8/2015 2:53:41 PM
1.168823, 21/8/2015 2:53:42 PM
1.179967, 21/8/2015 2:53:43 PM
1.174459, 21/8/2015 2:53:44 PM
1.173434, 21/8/2015 2:53:45 PM
1.165877, 21/8/2015 2:53:46 PM
1.157551, 21/8/2015 2:53:47 PM
1.171897, 21/8/2015 2:53:48 PM
1.173306, 21/8/2015 2:53:49 PM
1.18176, 21/8/2015 2:53:50 PM
1.18176, 21/8/2015 2:53:51 PM
1.183425, 21/8/2015 2:53:52 PM
1.183425, 21/8/2015 2:53:53 PM
1.183425, 21/8/2015 2:53:54 PM
1.165749, 21/8/2015 2:53:55 PM
1.163699, 21/8/2015 2:53:56 PM
1.153964, 21/8/2015 2:53:57 PM
1.159344, 21/8/2015 2:53:58 PM
1.163059, 21/8/2015 2:53:59 PM
1.173178, 21/8/2015 2:54:00 PM
1.169463, 21/8/2015 2:54:01 PM
1.163315, 21/8/2015 2:54:02 PM
1.168695, 21/8/2015 2:54:03 PM
1.16767, 21/8/2015 2:54:04 PM
1.172666, 21/8/2015 2:54:05 PM
1.183681, 21/8/2015 2:54:06 PM
1.177661, 21/8/2015 2:54:07 PM
1.173562, 21/8/2015 2:54:08 PM
1.173306, 21/8/2015 2:54:09 PM
1.173306, 21/8/2015 2:54:10 PM
1.187908, 21/8/2015 2:54:11 PM
1.1938, 21/8/2015 2:54:12 PM
1.1938, 21/8/2015 2:54:13 PM
1.1938, 21/8/2015 2:54:14 PM
1.184066, 21/8/2015 2:54:15 PM
1.184066, 21/8/2015 2:54:16 PM
1.183681, 21/8/2015 2:54:17 PM
1.177149, 21/8/2015 2:54:18 PM
1.173818, 21/8/2015 2:54:19 PM
1.167414, 21/8/2015 2:54:20 PM
1.163059, 21/8/2015 2:54:21 PM
1.163059, 21/8/2015 2:54:22 PM
1.184194, 21/8/2015 2:54:23 PM
1.201358, 21/8/2015 2:54:24 PM
1.203535, 21/8/2015 2:54:25 PM
1.198156, 21/8/2015 2:54:26 PM
1.19316, 21/8/2015 2:54:27 PM
1.18445, 21/8/2015 2:54:28 PM
1.175099, 21/8/2015 2:54:29 PM
1.174203, 21/8/2015 2:54:30 PM
1.178686, 21/8/2015 2:54:31 PM
1.155501, 21/8/2015 2:54:32 PM
1.153452, 21/8/2015 2:54:33 PM
1.153452, 21/8/2015 2:54:34 PM
1.162675, 21/8/2015 2:54:35 PM
1.162675, 21/8/2015 2:54:36 PM
1.172922, 21/8/2015 2:54:37 PM
1.173178, 21/8/2015 2:54:38 PM
1.172281, 21/8/2015 2:54:39 PM
1.166389, 21/8/2015 2:54:40 PM
1.173306, 21/8/2015 2:54:41 PM
1.172281, 21/8/2015 2:54:42 PM
1.167414, 21/8/2015 2:54:43 PM
1.186627, 21/8/2015 2:54:44 PM
1.191751, 21/8/2015 2:54:45 PM
1.188549, 21/8/2015 2:54:46 PM
1.188549, 21/8/2015 2:54:47 PM
1.176124, 21/8/2015 2:54:48 PM
1.173946, 21/8/2015 2:54:49 PM
1.183809, 21/8/2015 2:54:50 PM
1.183809, 21/8/2015 2:54:51 PM
1.178558, 21/8/2015 2:54:52 PM
1.174459, 21/8/2015 2:54:53 PM
1.164596, 21/8/2015 2:54:54 PM
1.163699, 21/8/2015 2:54:55 PM
1.166517, 21/8/2015 2:54:56 PM
1.173946, 21/8/2015 2:54:57 PM
1.173946, 21/8/2015 2:54:58 PM
1.183041, 21/8/2015 2:54:59 PM
1.181504, 21/8/2015 2:55:00 PM
1.173434, 21/8/2015 2:55:01 PM
1.173434, 21/8/2015 2:55:02 PM
1.179967, 21/8/2015 2:55:03 PM
1.170232, 21/8/2015 2:55:04 PM
1.164468, 21/8/2015 2:55:05 PM
1.172153, 21/8/2015 2:55:06 PM
1.174203, 21/8/2015 2:55:07 PM
1.167158, 21/8/2015 2:55:08 PM
1.169591, 21/8/2015 2:55:09 PM
1.163699, 21/8/2015 2:55:10 PM
1.166901, 21/8/2015 2:55:11 PM
1.168695, 21/8/2015 2:55:12 PM
1.166389, 21/8/2015 2:55:13 PM
1.173178, 21/8/2015 2:55:14 PM
1.173306, 21/8/2015 2:55:15 PM
1.183041, 21/8/2015 2:55:16 PM
1.184066, 21/8/2015 2:55:17 PM
1.179582, 21/8/2015 2:55:18 PM
1.174203, 21/8/2015 2:55:19 PM
1.177277, 21/8/2015 2:55:20 PM
1.183425, 21/8/2015 2:55:21 PM
1.189189, 21/8/2015 2:55:22 PM
1.193288, 21/8/2015 2:55:23 PM
1.191239, 21/8/2015 2:55:24 PM
1.174459, 21/8/2015 2:55:25 PM
1.173306, 21/8/2015 2:55:26 PM
1.173306, 21/8/2015 2:55:27 PM
1.173306, 21/8/2015 2:55:28 PM
1.173306, 21/8/2015 2:55:29 PM
1.173306, 21/8/2015 2:55:30 PM
1.163955, 21/8/2015 2:55:31 PM
1.163571, 21/8/2015 2:55:32 PM
1.162034, 21/8/2015 2:55:33 PM
1.154733, 21/8/2015 2:55:34 PM
1.160113, 21/8/2015 2:55:35 PM
1.162931, 21/8/2015 2:55:36 PM
1.162931, 21/8/2015 2:55:37 PM
1.156654, 21/8/2015 2:55:38 PM
1.159985, 21/8/2015 2:55:39 PM
1.155245, 21/8/2015 2:55:40 PM
1.154093, 21/8/2015 2:55:41 PM
1.163187, 21/8/2015 2:55:42 PM
1.171257, 21/8/2015 2:55:43 PM
1.180479, 21/8/2015 2:55:44 PM
1.183681, 21/8/2015 2:55:45 PM
1.183681, 21/8/2015 2:55:46 PM
1.183681, 21/8/2015 2:55:47 PM
1.183681, 21/8/2015 2:55:48 PM
1.183681, 21/8/2015 2:55:49 PM
1.183681, 21/8/2015 2:55:50 PM
1.183681, 21/8/2015 2:55:51 PM
1.183681, 21/8/2015 2:55:52 PM
1.174715, 21/8/2015 2:55:53 PM
1.17036, 21/8/2015 2:55:54 PM
1.163699, 21/8/2015 2:55:55 PM
1.162931, 21/8/2015 2:55:56 PM
1.162931, 21/8/2015 2:55:57 PM
1.162931, 21/8/2015 2:55:58 PM
1.172537, 21/8/2015 2:55:59 PM
1.165236, 21/8/2015 2:56:00 PM
1.141155, 21/8/2015 2:56:01 PM
1.085692, 21/8/2015 2:56:02 PM
1.013449, 21/8/2015 2:56:03 PM
0.9356987, 21/8/2015 2:56:04 PM
0.862175, 21/8/2015 2:56:05 PM
0.862175, 21/8/2015 2:56:06 PM
0.8193929, 21/8/2015 2:56:07 PM
0.7867299, 21/8/2015 2:56:08 PM
0.7630332, 21/8/2015 2:56:09 PM
0.759959, 21/8/2015 2:56:10 PM
0.7782759, 21/8/2015 2:56:11 PM
0.7848085, 21/8/2015 2:56:12 PM
0.7795568, 21/8/2015 2:56:13 PM
0.7577815, 21/8/2015 2:56:14 PM
0.7406174, 21/8/2015 2:56:15 PM
0.74715, 21/8/2015 2:56:16 PM
0.7494556, 21/8/2015 2:56:17 PM
0.7617523, 21/8/2015 2:56:18 PM
0.7693096, 21/8/2015 2:56:19 PM
0.7693096, 21/8/2015 2:56:20 PM
0.7693096, 21/8/2015 2:56:21 PM
0.7603433, 21/8/2015 2:56:22 PM
0.7586781, 21/8/2015 2:56:23 PM
0.7586781, 21/8/2015 2:56:24 PM
0.759959, 21/8/2015 2:56:25 PM
0.7790444, 21/8/2015 2:56:26 PM
0.7795568, 21/8/2015 2:56:27 PM
0.7768669, 21/8/2015 2:56:28 PM
0.7766107, 21/8/2015 2:56:29 PM
0.7717433, 21/8/2015 2:56:30 PM
0.7698219, 21/8/2015 2:56:31 PM
0.7768669, 21/8/2015 2:56:32 PM
0.7795568, 21/8/2015 2:56:33 PM
0.7702062, 21/8/2015 2:56:34 PM
0.7515051, 21/8/2015 2:56:35 PM
0.7493275, 21/8/2015 2:56:36 PM
0.7493275, 21/8/2015 2:56:37 PM
0.7532983, 21/8/2015 2:56:38 PM
0.7681568, 21/8/2015 2:56:39 PM
0.7681568, 21/8/2015 2:56:40 PM
0.7509927, 21/8/2015 2:56:41 PM
0.7438197, 21/8/2015 2:56:42 PM
0.7390803, 21/8/2015 2:56:43 PM
0.7388241, 21/8/2015 2:56:44 PM
0.7494556, 21/8/2015 2:56:45 PM
0.7586781, 21/8/2015 2:56:46 PM
0.7567568, 21/8/2015 2:56:47 PM
0.7489433, 21/8/2015 2:56:48 PM
0.7488152, 21/8/2015 2:56:49 PM
0.7495837, 21/8/2015 2:56:50 PM
0.7593186, 21/8/2015 2:56:51 PM
0.7643141, 21/8/2015 2:56:52 PM
0.7698219, 21/8/2015 2:56:53 PM
0.7698219, 21/8/2015 2:56:54 PM
0.7698219, 21/8/2015 2:56:55 PM
0.7649546, 21/8/2015 2:56:56 PM
0.752786, 21/8/2015 2:56:57 PM
0.7558601, 21/8/2015 2:56:58 PM
0.7522736, 21/8/2015 2:56:59 PM
0.7657231, 21/8/2015 2:57:00 PM
0.7691815, 21/8/2015 2:57:01 PM
0.7691815, 21/8/2015 2:57:02 PM
0.7695658, 21/8/2015 2:57:03 PM
0.7695658, 21/8/2015 2:57:04 PM
0.7679006, 21/8/2015 2:57:05 PM
0.759831, 21/8/2015 2:57:06 PM
0.7520174, 21/8/2015 2:57:07 PM
0.7486871, 21/8/2015 2:57:08 PM
0.7486871, 21/8/2015 2:57:09 PM
0.7486871, 21/8/2015 2:57:10 PM
0.75855, 21/8/2015 2:57:11 PM
0.7666197, 21/8/2015 2:57:12 PM
0.7698219, 21/8/2015 2:57:13 PM
0.7698219, 21/8/2015 2:57:14 PM
0.7731523, 21/8/2015 2:57:15 PM
0.7796849, 21/8/2015 2:57:16 PM
0.7743051, 21/8/2015 2:57:17 PM
0.7791725, 21/8/2015 2:57:18 PM
0.7800692, 21/8/2015 2:57:19 PM
0.7863456, 21/8/2015 2:57:20 PM
0.7817343, 21/8/2015 2:57:21 PM
0.7689253, 21/8/2015 2:57:22 PM
0.7689253, 21/8/2015 2:57:23 PM
0.7597029, 21/8/2015 2:57:24 PM
0.7597029, 21/8/2015 2:57:25 PM
0.7700781, 21/8/2015 2:57:26 PM
0.7704624, 21/8/2015 2:57:27 PM
0.7704624, 21/8/2015 2:57:28 PM
0.7680287, 21/8/2015 2:57:29 PM
0.7516332, 21/8/2015 2:57:30 PM
0.7586781, 21/8/2015 2:57:31 PM
0.7605995, 21/8/2015 2:57:32 PM
0.7782759, 21/8/2015 2:57:33 PM
0.7782759, 21/8/2015 2:57:34 PM
0.7796849, 21/8/2015 2:57:35 PM
0.7726399, 21/8/2015 2:57:36 PM
0.7759703, 21/8/2015 2:57:37 PM
0.76995, 21/8/2015 2:57:38 PM
0.76995, 21/8/2015 2:57:39 PM
0.7789164, 21/8/2015 2:57:40 PM
0.7789164, 21/8/2015 2:57:41 PM
0.7732804, 21/8/2015 2:57:42 PM
0.779813, 21/8/2015 2:57:43 PM
0.779813, 21/8/2015 2:57:44 PM
0.779813, 21/8/2015 2:57:45 PM
0.779813, 21/8/2015 2:57:46 PM
0.779813, 21/8/2015 2:57:47 PM
0.7721276, 21/8/2015 2:57:48 PM
0.7708467, 21/8/2015 2:57:49 PM
0.7791725, 21/8/2015 2:57:50 PM
0.7794287, 21/8/2015 2:57:51 PM
0.7904445, 21/8/2015 2:57:52 PM
0.7904445, 21/8/2015 2:57:53 PM
0.7816063, 21/8/2015 2:57:54 PM
0.7816063, 21/8/2015 2:57:55 PM
0.7853209, 21/8/2015 2:57:56 PM
0.7804534, 21/8/2015 2:57:57 PM
0.7791725, 21/8/2015 2:57:58 PM
0.768541, 21/8/2015 2:57:59 PM
0.7636737, 21/8/2015 2:58:00 PM
0.7708467, 21/8/2015 2:58:01 PM
0.7817343, 21/8/2015 2:58:02 PM
0.789804, 21/8/2015 2:58:03 PM
0.7849366, 21/8/2015 2:58:04 PM
0.7827591, 21/8/2015 2:58:05 PM
0.7860894, 21/8/2015 2:58:06 PM
0.7795568, 21/8/2015 2:58:07 PM
0.7795568, 21/8/2015 2:58:08 PM
0.7694377, 21/8/2015 2:58:09 PM
0.7604714, 21/8/2015 2:58:10 PM
0.7631613, 21/8/2015 2:58:11 PM
0.7705905, 21/8/2015 2:58:12 PM
0.7790444, 21/8/2015 2:58:13 PM
0.7963367, 21/8/2015 2:58:14 PM
0.7930063, 21/8/2015 2:58:15 PM
0.788267, 21/8/2015 2:58:16 PM
0.788267, 21/8/2015 2:58:17 PM
0.786858, 21/8/2015 2:58:18 PM
0.779813, 21/8/2015 2:58:19 PM
0.7698219, 21/8/2015 2:58:20 PM
0.7698219, 21/8/2015 2:58:21 PM
0.7604714, 21/8/2015 2:58:22 PM
0.7666197, 21/8/2015 2:58:23 PM
0.7791725, 21/8/2015 2:58:24 PM
0.7791725, 21/8/2015 2:58:25 PM
0.7886512, 21/8/2015 2:58:26 PM
0.7821186, 21/8/2015 2:58:27 PM
0.76995, 21/8/2015 2:58:28 PM
0.76995, 21/8/2015 2:58:29 PM
0.7866018, 21/8/2015 2:58:30 PM
0.7894198, 21/8/2015 2:58:31 PM
0.7894198, 21/8/2015 2:58:32 PM
0.7707186, 21/8/2015 2:58:33 PM
0.7635456, 21/8/2015 2:58:34 PM
0.7649546, 21/8/2015 2:58:35 PM
0.7630332, 21/8/2015 2:58:36 PM
0.7694377, 21/8/2015 2:58:37 PM
0.7694377, 21/8/2015 2:58:38 PM
0.7694377, 21/8/2015 2:58:39 PM
0.7629051, 21/8/2015 2:58:40 PM
0.7698219, 21/8/2015 2:58:41 PM
0.7791725, 21/8/2015 2:58:42 PM
0.7894198, 21/8/2015 2:58:43 PM
0.7899321, 21/8/2015 2:58:44 PM
0.7899321, 21/8/2015 2:58:45 PM
0.798258, 21/8/2015 2:58:46 PM
0.7949277, 21/8/2015 2:58:47 PM
0.7805815, 21/8/2015 2:58:48 PM
0.7803254, 21/8/2015 2:58:49 PM
0.7795568, 21/8/2015 2:58:50 PM
0.7899321, 21/8/2015 2:58:51 PM
0.7899321, 21/8/2015 2:58:52 PM
0.7899321, 21/8/2015 2:58:53 PM
0.7804534, 21/8/2015 2:58:54 PM
0.7804534, 21/8/2015 2:58:55 PM
0.7901883, 21/8/2015 2:58:56 PM
0.7983861, 21/8/2015 2:58:57 PM
0.794031, 21/8/2015 2:58:58 PM
0.7955681, 21/8/2015 2:58:59 PM
0.7800692, 21/8/2015 2:59:00 PM
0.779813, 21/8/2015 2:59:01 PM
0.7846804, 21/8/2015 2:59:02 PM
0.7828872, 21/8/2015 2:59:03 PM
0.792622, 21/8/2015 2:59:04 PM
0.799667, 21/8/2015 2:59:05 PM
0.799667, 21/8/2015 2:59:06 PM
0.799667, 21/8/2015 2:59:07 PM
0.785449, 21/8/2015 2:59:08 PM
0.7702062, 21/8/2015 2:59:09 PM
0.7659793, 21/8/2015 2:59:10 PM
0.7586781, 21/8/2015 2:59:11 PM
0.76995, 21/8/2015 2:59:12 PM
0.7837838, 21/8/2015 2:59:13 PM
0.7945434, 21/8/2015 2:59:14 PM
0.8001794, 21/8/2015 2:59:15 PM
0.8001794, 21/8/2015 2:59:16 PM
0.7976176, 21/8/2015 2:59:17 PM
0.7894198, 21/8/2015 2:59:18 PM
0.7894198, 21/8/2015 2:59:19 PM
0.7894198, 21/8/2015 2:59:20 PM
0.7894198, 21/8/2015 2:59:21 PM
0.7894198, 21/8/2015 2:59:22 PM
0.789804, 21/8/2015 2:59:23 PM
0.798258, 21/8/2015 2:59:24 PM
0.7946715, 21/8/2015 2:59:25 PM
0.779813, 21/8/2015 2:59:26 PM
0.779813, 21/8/2015 2:59:27 PM
0.7853209, 21/8/2015 2:59:28 PM
0.7800692, 21/8/2015 2:59:29 PM
0.7796849, 21/8/2015 2:59:30 PM
0.7859613, 21/8/2015 2:59:31 PM
0.7743051, 21/8/2015 2:59:32 PM
0.7721276, 21/8/2015 2:59:33 PM
0.7744332, 21/8/2015 2:59:34 PM
0.7694377, 21/8/2015 2:59:35 PM
0.7730242, 21/8/2015 2:59:36 PM
0.7796849, 21/8/2015 2:59:37 PM
0.7899321, 21/8/2015 2:59:38 PM
0.7901883, 21/8/2015 2:59:39 PM
0.7901883, 21/8/2015 2:59:40 PM
0.7901883, 21/8/2015 2:59:41 PM
0.7801973, 21/8/2015 2:59:42 PM
0.7789164, 21/8/2015 2:59:43 PM
0.7801973, 21/8/2015 2:59:44 PM
0.7878827, 21/8/2015 2:59:45 PM
0.7848085, 21/8/2015 2:59:46 PM
0.7831433, 21/8/2015 2:59:47 PM
0.7698219, 21/8/2015 2:59:48 PM
0.7753298, 21/8/2015 2:59:49 PM
0.7718714, 21/8/2015 2:59:50 PM
0.7718714, 21/8/2015 2:59:51 PM
0.7787883, 21/8/2015 2:59:52 PM
0.7796849, 21/8/2015 2:59:53 PM
0.7825029, 21/8/2015 2:59:54 PM
0.7891636, 21/8/2015 2:59:55 PM
0.7899321, 21/8/2015 2:59:56 PM
0.7899321, 21/8/2015 2:59:57 PM
0.7899321, 21/8/2015 2:59:58 PM
0.7899321, 21/8/2015 2:59:59 PM
0.7794287, 21/8/2015 3:00:00 PM
0.7725118, 21/8/2015 3:00:01 PM
0.7693096, 21/8/2015 3:00:02 PM
0.7717433, 21/8/2015 3:00:03 PM
0.7803254, 21/8/2015 3:00:04 PM
0.7891636, 21/8/2015 3:00:05 PM
0.7995389, 21/8/2015 3:00:06 PM
0.7944153, 21/8/2015 3:00:07 PM
0.7964647, 21/8/2015 3:00:08 PM
0.7818624, 21/8/2015 3:00:09 PM
0.7740489, 21/8/2015 3:00:10 PM
0.7878827, 21/8/2015 3:00:11 PM
0.7972333, 21/8/2015 3:00:12 PM
0.8106827, 21/8/2015 3:00:13 PM
0.8164468, 21/8/2015 3:00:14 PM
0.809658, 21/8/2015 3:00:15 PM
0.809658, 21/8/2015 3:00:16 PM
0.8142692, 21/8/2015 3:00:17 PM
0.8004355, 21/8/2015 3:00:18 PM
0.7913411, 21/8/2015 3:00:19 PM
0.7804534, 21/8/2015 3:00:20 PM
0.7796849, 21/8/2015 3:00:21 PM
0.7987704, 21/8/2015 3:00:22 PM
0.7991546, 21/8/2015 3:00:23 PM
0.7991546, 21/8/2015 3:00:24 PM
0.7991546, 21/8/2015 3:00:25 PM
0.7900602, 21/8/2015 3:00:26 PM
0.7895479, 21/8/2015 3:00:27 PM
0.7895479, 21/8/2015 3:00:28 PM
0.7918535, 21/8/2015 3:00:29 PM
0.7997951, 21/8/2015 3:00:30 PM
0.7965928, 21/8/2015 3:00:31 PM
0.791213, 21/8/2015 3:00:32 PM
0.789804, 21/8/2015 3:00:33 PM
0.7801973, 21/8/2015 3:00:34 PM
0.7794287, 21/8/2015 3:00:35 PM
0.7794287, 21/8/2015 3:00:36 PM
0.7700781, 21/8/2015 3:00:37 PM
0.7705905, 21/8/2015 3:00:38 PM
0.7892917, 21/8/2015 3:00:39 PM
0.7830153, 21/8/2015 3:00:40 PM
0.7892917, 21/8/2015 3:00:41 PM
0.7899321, 21/8/2015 3:00:42 PM
0.78404, 21/8/2015 3:00:43 PM
0.7956962, 21/8/2015 3:00:44 PM
0.7990265, 21/8/2015 3:00:45 PM
0.8041502, 21/8/2015 3:00:46 PM
0.8092737, 21/8/2015 3:00:47 PM
0.7950557, 21/8/2015 3:00:48 PM
0.7830153, 21/8/2015 3:00:49 PM
0.7694377, 21/8/2015 3:00:50 PM
0.7694377, 21/8/2015 3:00:51 PM
0.7694377, 21/8/2015 3:00:52 PM
0.7694377, 21/8/2015 3:00:53 PM
0.7694377, 21/8/2015 3:00:54 PM
0.7796849, 21/8/2015 3:00:55 PM
0.785449, 21/8/2015 3:00:56 PM
0.7892917, 21/8/2015 3:00:57 PM
0.7892917, 21/8/2015 3:00:58 PM
0.7901883, 21/8/2015 3:00:59 PM
0.7860894, 21/8/2015 3:01:00 PM
0.779813, 21/8/2015 3:01:01 PM
0.76995, 21/8/2015 3:01:02 PM
0.7694377, 21/8/2015 3:01:03 PM
0.7746894, 21/8/2015 3:01:04 PM
0.7791725, 21/8/2015 3:01:05 PM
0.7791725, 21/8/2015 3:01:06 PM
0.7889074, 21/8/2015 3:01:07 PM
0.7899321, 21/8/2015 3:01:08 PM
0.7817343, 21/8/2015 3:01:09 PM
0.7844242, 21/8/2015 3:01:10 PM
0.7803254, 21/8/2015 3:01:11 PM
0.7700781, 21/8/2015 3:01:12 PM
0.7700781, 21/8/2015 3:01:13 PM
0.7764826, 21/8/2015 3:01:14 PM
0.7795568, 21/8/2015 3:01:15 PM
0.789804, 21/8/2015 3:01:16 PM
0.8000513, 21/8/2015 3:01:17 PM
0.7944153, 21/8/2015 3:01:18 PM
0.7971052, 21/8/2015 3:01:19 PM
0.792622, 21/8/2015 3:01:20 PM
0.7732804, 21/8/2015 3:01:21 PM
0.7777635, 21/8/2015 3:01:22 PM
0.7794287, 21/8/2015 3:01:23 PM
0.7745613, 21/8/2015 3:01:24 PM
0.7794287, 21/8/2015 3:01:25 PM
0.7808377, 21/8/2015 3:01:26 PM
0.7711028, 21/8/2015 3:01:27 PM
0.776995, 21/8/2015 3:01:28 PM
0.7795568, 21/8/2015 3:01:29 PM
0.7889074, 21/8/2015 3:01:30 PM
0.7894198, 21/8/2015 3:01:31 PM
0.7822467, 21/8/2015 3:01:32 PM
0.7681568, 21/8/2015 3:01:33 PM
0.7597029, 21/8/2015 3:01:34 PM
0.7679006, 21/8/2015 3:01:35 PM
0.7714871, 21/8/2015 3:01:36 PM
0.7891636, 21/8/2015 3:01:37 PM
0.789804, 21/8/2015 3:01:38 PM
0.789804, 21/8/2015 3:01:39 PM
0.8000513, 21/8/2015 3:01:40 PM
0.7908288, 21/8/2015 3:01:41 PM
0.7892917, 21/8/2015 3:01:42 PM
0.7892917, 21/8/2015 3:01:43 PM
0.7892917, 21/8/2015 3:01:44 PM
0.7978737, 21/8/2015 3:01:45 PM
0.7823748, 21/8/2015 3:01:46 PM
0.7804534, 21/8/2015 3:01:47 PM
0.789804, 21/8/2015 3:01:48 PM
0.7899321, 21/8/2015 3:01:49 PM
0.803894, 21/8/2015 3:01:50 PM
0.803894, 21/8/2015 3:01:51 PM
0.8079928, 21/8/2015 3:01:52 PM
0.7872422, 21/8/2015 3:01:53 PM
0.7791725, 21/8/2015 3:01:54 PM
0.7654669, 21/8/2015 3:01:55 PM
0.7614961, 21/8/2015 3:01:56 PM
0.7661074, 21/8/2015 3:01:57 PM
0.7635456, 21/8/2015 3:01:58 PM
0.778404, 21/8/2015 3:01:59 PM
0.7794287, 21/8/2015 3:02:00 PM
0.7730242, 21/8/2015 3:02:01 PM
0.7887793, 21/8/2015 3:02:02 PM
0.7991546, 21/8/2015 3:02:03 PM
0.8001794, 21/8/2015 3:02:04 PM
0.7951838, 21/8/2015 3:02:05 PM
0.7895479, 21/8/2015 3:02:06 PM
0.7892917, 21/8/2015 3:02:07 PM
0.7955681, 21/8/2015 3:02:08 PM
0.7995389, 21/8/2015 3:02:09 PM
0.7995389, 21/8/2015 3:02:10 PM
0.7867299, 21/8/2015 3:02:11 PM
0.7790444, 21/8/2015 3:02:12 PM
0.7778916, 21/8/2015 3:02:13 PM
0.7691815, 21/8/2015 3:02:14 PM
0.7691815, 21/8/2015 3:02:15 PM
0.7818624, 21/8/2015 3:02:16 PM
0.7818624, 21/8/2015 3:02:17 PM
0.7881389, 21/8/2015 3:02:18 PM
0.789804, 21/8/2015 3:02:19 PM
0.7921097, 21/8/2015 3:02:20 PM
0.8055592, 21/8/2015 3:02:21 PM
0.8092737, 21/8/2015 3:02:22 PM
0.7951838, 21/8/2015 3:02:23 PM
0.7831433, 21/8/2015 3:02:24 PM
0.7796849, 21/8/2015 3:02:25 PM
0.7796849, 21/8/2015 3:02:26 PM
0.7886512, 21/8/2015 3:02:27 PM
0.7830153, 21/8/2015 3:02:28 PM
0.7886512, 21/8/2015 3:02:29 PM
0.7904445, 21/8/2015 3:02:30 PM
0.7932625, 21/8/2015 3:02:31 PM
0.7990265, 21/8/2015 3:02:32 PM
0.7863456, 21/8/2015 3:02:33 PM
0.7796849, 21/8/2015 3:02:34 PM
0.7846804, 21/8/2015 3:02:35 PM
0.7828872, 21/8/2015 3:02:36 PM
0.7951838, 21/8/2015 3:02:37 PM
0.7991546, 21/8/2015 3:02:38 PM
0.7933906, 21/8/2015 3:02:39 PM
0.7995389, 21/8/2015 3:02:40 PM
0.799667, 21/8/2015 3:02:41 PM
0.794031, 21/8/2015 3:02:42 PM
0.7991546, 21/8/2015 3:02:43 PM
0.8081209, 21/8/2015 3:02:44 PM
0.8081209, 21/8/2015 3:02:45 PM
0.8099142, 21/8/2015 3:02:46 PM
0.8099142, 21/8/2015 3:02:47 PM
0.8070962, 21/8/2015 3:02:48 PM
0.7900602, 21/8/2015 3:02:49 PM
0.7900602, 21/8/2015 3:02:50 PM
0.8003075, 21/8/2015 3:02:51 PM
0.8163187, 21/8/2015 3:02:52 PM
0.8174715, 21/8/2015 3:02:53 PM
0.8067119, 21/8/2015 3:02:54 PM
0.7894198, 21/8/2015 3:02:55 PM
0.7803254, 21/8/2015 3:02:56 PM
0.7794287, 21/8/2015 3:02:57 PM
0.7794287, 21/8/2015 3:02:58 PM
0.7794287, 21/8/2015 3:02:59 PM
0.7794287, 21/8/2015 3:03:00 PM
0.7794287, 21/8/2015 3:03:01 PM
0.7794287, 21/8/2015 3:03:02 PM
0.7723837, 21/8/2015 3:03:03 PM
0.7695658, 21/8/2015 3:03:04 PM
0.7746894, 21/8/2015 3:03:05 PM
0.7876265, 21/8/2015 3:03:06 PM
0.8001794, 21/8/2015 3:03:07 PM
0.8001794, 21/8/2015 3:03:08 PM
0.8001794, 21/8/2015 3:03:09 PM
0.7885231, 21/8/2015 3:03:10 PM
0.7791725, 21/8/2015 3:03:11 PM
0.7791725, 21/8/2015 3:03:12 PM
0.7708467, 21/8/2015 3:03:13 PM
0.7886512, 21/8/2015 3:03:14 PM
0.7995389, 21/8/2015 3:03:15 PM
0.799667, 21/8/2015 3:03:16 PM
0.799667, 21/8/2015 3:03:17 PM
0.7987704, 21/8/2015 3:03:18 PM
0.7892917, 21/8/2015 3:03:19 PM
0.7892917, 21/8/2015 3:03:20 PM
0.7892917, 21/8/2015 3:03:21 PM
0.7892917, 21/8/2015 3:03:22 PM
0.7892917, 21/8/2015 3:03:23 PM
0.7892917, 21/8/2015 3:03:24 PM
0.7892917, 21/8/2015 3:03:25 PM
0.7892917, 21/8/2015 3:03:26 PM
0.7809658, 21/8/2015 3:03:27 PM
0.7796849, 21/8/2015 3:03:28 PM
0.7796849, 21/8/2015 3:03:29 PM
0.7796849, 21/8/2015 3:03:30 PM
0.7796849, 21/8/2015 3:03:31 PM
0.7698219, 21/8/2015 3:03:32 PM
0.7698219, 21/8/2015 3:03:33 PM
0.7740489, 21/8/2015 3:03:34 PM
0.7795568, 21/8/2015 3:03:35 PM
0.7899321, 21/8/2015 3:03:36 PM
0.7855771, 21/8/2015 3:03:37 PM
0.7663636, 21/8/2015 3:03:38 PM
0.7653388, 21/8/2015 3:03:39 PM
0.7695658, 21/8/2015 3:03:40 PM
0.7794287, 21/8/2015 3:03:41 PM
0.7895479, 21/8/2015 3:03:42 PM
0.7895479, 21/8/2015 3:03:43 PM
0.7895479, 21/8/2015 3:03:44 PM
0.7816063, 21/8/2015 3:03:45 PM
0.7795568, 21/8/2015 3:03:46 PM
0.7795568, 21/8/2015 3:03:47 PM
0.7795568, 21/8/2015 3:03:48 PM
0.7880108, 21/8/2015 3:03:49 PM
0.7899321, 21/8/2015 3:03:50 PM
0.7899321, 21/8/2015 3:03:51 PM
0.7899321, 21/8/2015 3:03:52 PM
0.7899321, 21/8/2015 3:03:53 PM
0.7899321, 21/8/2015 3:03:54 PM
0.7899321, 21/8/2015 3:03:55 PM
0.7978737, 21/8/2015 3:03:56 PM
0.7936468, 21/8/2015 3:03:57 PM
0.7994108, 21/8/2015 3:03:58 PM
0.8000513, 21/8/2015 3:03:59 PM
0.8023569, 21/8/2015 3:04:00 PM
0.8174715, 21/8/2015 3:04:01 PM
0.8174715, 21/8/2015 3:04:02 PM
0.8174715, 21/8/2015 3:04:03 PM
0.8028693, 21/8/2015 3:04:04 PM
0.7900602, 21/8/2015 3:04:05 PM
0.7895479, 21/8/2015 3:04:06 PM
0.7994108, 21/8/2015 3:04:07 PM
0.7995389, 21/8/2015 3:04:08 PM
0.7937748, 21/8/2015 3:04:09 PM
0.7946715, 21/8/2015 3:04:10 PM
0.7891636, 21/8/2015 3:04:11 PM
0.7891636, 21/8/2015 3:04:12 PM
0.7704624, 21/8/2015 3:04:13 PM
0.7635456, 21/8/2015 3:04:14 PM
0.7589343, 21/8/2015 3:04:15 PM
0.7753298, 21/8/2015 3:04:16 PM
0.7876265, 21/8/2015 3:04:17 PM
0.7900602, 21/8/2015 3:04:18 PM
0.7962086, 21/8/2015 3:04:19 PM
0.7995389, 21/8/2015 3:04:20 PM
0.7895479, 21/8/2015 3:04:21 PM
0.7782759, 21/8/2015 3:04:22 PM
0.7707186, 21/8/2015 3:04:23 PM
0.7772512, 21/8/2015 3:04:24 PM
0.7804534, 21/8/2015 3:04:25 PM
0.8014603, 21/8/2015 3:04:26 PM
0.8170872, 21/8/2015 3:04:27 PM
0.8117074, 21/8/2015 3:04:28 PM
0.8074805, 21/8/2015 3:04:29 PM
0.7994108, 21/8/2015 3:04:30 PM
0.7895479, 21/8/2015 3:04:31 PM
0.8022288, 21/8/2015 3:04:32 PM
0.8264378, 21/8/2015 3:04:33 PM
0.884975, 21/8/2015 3:04:34 PM
0.9568336, 21/8/2015 3:04:35 PM
1.038171, 21/8/2015 3:04:36 PM
1.114769, 21/8/2015 3:04:37 PM
1.159472, 21/8/2015 3:04:38 PM
1.180991, 21/8/2015 3:04:39 PM
1.200205, 21/8/2015 3:04:40 PM
1.203279, 21/8/2015 3:04:41 PM
1.197515, 21/8/2015 3:04:42 PM
1.205585, 21/8/2015 3:04:43 PM
1.21865, 21/8/2015 3:04:44 PM
1.223261, 21/8/2015 3:04:45 PM
1.214167, 21/8/2015 3:04:46 PM
1.193288, 21/8/2015 3:04:47 PM
1.172922, 21/8/2015 3:04:48 PM
1.153452, 21/8/2015 3:04:49 PM
1.153068, 21/8/2015 3:04:50 PM
1.169079, 21/8/2015 3:04:51 PM
1.186884, 21/8/2015 3:04:52 PM
1.198924, 21/8/2015 3:04:53 PM
1.203535, 21/8/2015 3:04:54 PM
1.203535, 21/8/2015 3:04:55 PM
1.206866, 21/8/2015 3:04:56 PM
1.213526, 21/8/2015 3:04:57 PM
1.213526, 21/8/2015 3:04:58 PM
1.213526, 21/8/2015 3:04:59 PM
1.213526, 21/8/2015 3:05:00 PM
1.22134, 21/8/2015 3:05:01 PM
1.223133, 21/8/2015 3:05:02 PM
1.218138, 21/8/2015 3:05:03 PM
1.218778, 21/8/2015 3:05:04 PM
1.205457, 21/8/2015 3:05:05 PM
1.205457, 21/8/2015 3:05:06 PM
1.205457, 21/8/2015 3:05:07 PM
1.210068, 21/8/2015 3:05:08 PM
1.204176, 21/8/2015 3:05:09 PM
1.195081, 21/8/2015 3:05:10 PM
1.193288, 21/8/2015 3:05:11 PM
1.193288, 21/8/2015 3:05:12 PM
1.193288, 21/8/2015 3:05:13 PM
1.193288, 21/8/2015 3:05:14 PM
1.183809, 21/8/2015 3:05:15 PM
1.183681, 21/8/2015 3:05:16 PM
1.189958, 21/8/2015 3:05:17 PM
1.192776, 21/8/2015 3:05:18 PM
1.1938, 21/8/2015 3:05:19 PM
1.201614, 21/8/2015 3:05:20 PM
1.193032, 21/8/2015 3:05:21 PM
1.193032, 21/8/2015 3:05:22 PM
1.193032, 21/8/2015 3:05:23 PM
1.193032, 21/8/2015 3:05:24 PM
1.206097, 21/8/2015 3:05:25 PM
1.202382, 21/8/2015 3:05:26 PM
1.193672, 21/8/2015 3:05:27 PM
1.186243, 21/8/2015 3:05:28 PM
1.184194, 21/8/2015 3:05:29 PM
1.200205, 21/8/2015 3:05:30 PM
1.204048, 21/8/2015 3:05:31 PM
1.199436, 21/8/2015 3:05:32 PM
1.202767, 21/8/2015 3:05:33 PM
1.203535, 21/8/2015 3:05:34 PM
1.203535, 21/8/2015 3:05:35 PM
1.203023, 21/8/2015 3:05:36 PM
1.195338, 21/8/2015 3:05:37 PM
1.202895, 21/8/2015 3:05:38 PM
1.203279, 21/8/2015 3:05:39 PM
1.198412, 21/8/2015 3:05:40 PM
1.199693, 21/8/2015 3:05:41 PM
1.183553, 21/8/2015 3:05:42 PM
1.174203, 21/8/2015 3:05:43 PM
1.16498, 21/8/2015 3:05:44 PM
1.163955, 21/8/2015 3:05:45 PM
1.181504, 21/8/2015 3:05:46 PM
1.194953, 21/8/2015 3:05:47 PM
1.200077, 21/8/2015 3:05:48 PM
1.184322, 21/8/2015 3:05:49 PM
1.174459, 21/8/2015 3:05:50 PM
1.173818, 21/8/2015 3:05:51 PM
1.173818, 21/8/2015 3:05:52 PM
1.17907, 21/8/2015 3:05:53 PM
1.17907, 21/8/2015 3:05:54 PM
1.185731, 21/8/2015 3:05:55 PM
1.177277, 21/8/2015 3:05:56 PM
1.17036, 21/8/2015 3:05:57 PM
1.176124, 21/8/2015 3:05:58 PM
1.179839, 21/8/2015 3:05:59 PM
1.193416, 21/8/2015 3:06:00 PM
1.1938, 21/8/2015 3:06:01 PM
1.1938, 21/8/2015 3:06:02 PM
1.20392, 21/8/2015 3:06:03 PM
1.213526, 21/8/2015 3:06:04 PM
1.208147, 21/8/2015 3:06:05 PM
1.20725, 21/8/2015 3:06:06 PM
1.209043, 21/8/2015 3:06:07 PM
1.194441, 21/8/2015 3:06:08 PM
1.19316, 21/8/2015 3:06:09 PM
1.185603, 21/8/2015 3:06:10 PM
1.183041, 21/8/2015 3:06:11 PM
1.183041, 21/8/2015 3:06:12 PM
1.183041, 21/8/2015 3:06:13 PM
1.183041, 21/8/2015 3:06:14 PM
1.194953, 21/8/2015 3:06:15 PM
1.203535, 21/8/2015 3:06:16 PM
1.204048, 21/8/2015 3:06:17 PM
1.195081, 21/8/2015 3:06:18 PM
1.184962, 21/8/2015 3:06:19 PM
1.181888, 21/8/2015 3:06:20 PM
1.174075, 21/8/2015 3:06:21 PM
1.183169, 21/8/2015 3:06:22 PM
1.183809, 21/8/2015 3:06:23 PM
1.180479, 21/8/2015 3:06:24 PM
1.180223, 21/8/2015 3:06:25 PM
1.176636, 21/8/2015 3:06:26 PM
1.190854, 21/8/2015 3:06:27 PM
1.193929, 21/8/2015 3:06:28 PM
1.193929, 21/8/2015 3:06:29 PM
1.193929, 21/8/2015 3:06:30 PM
1.18983, 21/8/2015 3:06:31 PM
1.18509, 21/8/2015 3:06:32 PM
1.193416, 21/8/2015 3:06:33 PM
1.193929, 21/8/2015 3:06:34 PM
1.193929, 21/8/2015 3:06:35 PM
1.190598, 21/8/2015 3:06:36 PM
1.183553, 21/8/2015 3:06:37 PM
1.183553, 21/8/2015 3:06:38 PM
1.175227, 21/8/2015 3:06:39 PM
1.17843, 21/8/2015 3:06:40 PM
1.18445, 21/8/2015 3:06:41 PM
1.192648, 21/8/2015 3:06:42 PM
1.202895, 21/8/2015 3:06:43 PM
1.197003, 21/8/2015 3:06:44 PM
1.184834, 21/8/2015 3:06:45 PM
1.182785, 21/8/2015 3:06:46 PM
1.188549, 21/8/2015 3:06:47 PM
1.211093, 21/8/2015 3:06:48 PM
1.223261, 21/8/2015 3:06:49 PM
1.217369, 21/8/2015 3:06:50 PM
1.213654, 21/8/2015 3:06:51 PM
1.204048, 21/8/2015 3:06:52 PM
1.203279, 21/8/2015 3:06:53 PM
1.203279, 21/8/2015 3:06:54 PM
1.194441, 21/8/2015 3:06:55 PM
1.19854, 21/8/2015 3:06:56 PM
1.197131, 21/8/2015 3:06:57 PM
1.193416, 21/8/2015 3:06:58 PM
1.183809, 21/8/2015 3:06:59 PM
1.182913, 21/8/2015 3:07:00 PM
1.171, 21/8/2015 3:07:01 PM
1.163827, 21/8/2015 3:07:02 PM
1.169976, 21/8/2015 3:07:03 PM
1.167158, 21/8/2015 3:07:04 PM
1.174075, 21/8/2015 3:07:05 PM
1.191879, 21/8/2015 3:07:06 PM
1.194057, 21/8/2015 3:07:07 PM
1.194697, 21/8/2015 3:07:08 PM
1.203023, 21/8/2015 3:07:09 PM
1.1938, 21/8/2015 3:07:10 PM
1.183169, 21/8/2015 3:07:11 PM
1.183169, 21/8/2015 3:07:12 PM
1.183169, 21/8/2015 3:07:13 PM
1.194313, 21/8/2015 3:07:14 PM
1.211221, 21/8/2015 3:07:15 PM
1.213654, 21/8/2015 3:07:16 PM
1.197259, 21/8/2015 3:07:17 PM
1.193672, 21/8/2015 3:07:18 PM
1.188549, 21/8/2015 3:07:19 PM
1.18509, 21/8/2015 3:07:20 PM
1.189574, 21/8/2015 3:07:21 PM
1.18445, 21/8/2015 3:07:22 PM
1.173818, 21/8/2015 3:07:23 PM
1.173818, 21/8/2015 3:07:24 PM
1.165493, 21/8/2015 3:07:25 PM
1.163955, 21/8/2015 3:07:26 PM
1.164212, 21/8/2015 3:07:27 PM
1.174587, 21/8/2015 3:07:28 PM
1.18445, 21/8/2015 3:07:29 PM
1.191367, 21/8/2015 3:07:30 PM
1.191367, 21/8/2015 3:07:31 PM
1.194057, 21/8/2015 3:07:32 PM
1.194057, 21/8/2015 3:07:33 PM
1.185346, 21/8/2015 3:07:34 PM
1.183169, 21/8/2015 3:07:35 PM
