000,111,111,222,000,111,111,222,333,333
000,111,111,222,333,333
000,111,111,222,000,111,111,222,333,333
000,111,111,222,333,333
000,111,111,222,000,111,111,222,333,333
000,111,111,222,000,111,111,222,333,333
000,111,111,222,333,333
000,111,111,222,000,111,111,222,333,333
000,111,111,222,000,111,111,222,000,111,111,222,333,333
000,111,111,222,000,111,111,222,333,333
000,111,111,222,333,333
000,111,111,222,333,333
000,111,111,222,333,333
000,111,111,222,000,111,111,222,333,333
000,111,111,222,333,333
000,111,111,222,000,111,111,222,333,333
000,111,111,222,333,333
000,111,111,222,333,333
000,111,111,222,333,333
000,111,111,222,333,333
000,111,111,222,333,333
000,111,111,222,000,111,111,222,333,333
000,111,111,222,333,333
000,111,111,222,333,333
000,111,111,222,333,333
000,111,111,222,333,333
000,111,111,222,000,111,111,222,000,111,111,222,333,333
000,111,111,222,333,333
000,111,111,222,333,333
000,111,111,222,333,333
000,111,111,222,333,333
000,111,111,222,333,333
000,111,111,222,333,333
000,111,111,222,333,333
000,111,111,222,333,333
000,111,111,222,333,333
000,111,111,222,333,333
000,111,111,222,000,111,111,222,000,111,111,222,333,333
000,111,111,222,333,333
000,111,111,222,333,333
000,111,111,222,333,333
000,111,111,222,000,111,111,222,333,333
000,111,111,222,333,333
000,111,111,222,333,333
000,111,111,222,333,333
000,111,111,222,333,333
000,111,111,222,333,333
000,111,111,222,000,111,111,222,333,333
000,111,111,222,000,111,111,222,333,333
000,111,111,222,000,111,111,222,333,333
000,111,111,222,000,111,111,222,333,333
000,111,111,222,000,111,111,222,333,333
000,111,111,222,000,111,111,222,333,333
000,111,111,222,333,333
000,111,111,222,333,333
000,111,111,222,000,111,111,222,333,333
000,111,111,222,333,333
000,111,111,222,333,333
000,111,111,222,000,111,111,222,333,333
000,111,111,222,000,111,111,222,333,333
000,111,111,222,000,111,111,222,333,333
000,111,111,222,333,333
000,111,111,222,333,333
000,111,111,222,333,333
000,111,111,222,000,111,111,222,000,111,111,222,000,111,111,222,333,333
000,111,111,222,333,333
000,111,111,222,333,333
000,111,111,222,000,111,111,222,333,333
000,111,111,222,333,333
000,111,111,222,333,333
000,111,111,222,333,333
000,111,111,222,000,111,111,222,333,333
000,111,111,222,000,111,111,222,000,111,111,222,000,111,111,222,000,111,111,222,333,333
000,111,111,222,333,333
000,111,111,222,333,333
000,111,111,222,333,333
000,111,111,222,333,333
000,111,111,222,333,333
000,111,111,222,333,333
000,111,111,222,333,333
000,111,111,222,333,333
000,111,111,222,333,333
000,111,111,222,333,333
000,111,111,222,333,333
000,111,111,222,333,333
000,111,111,222,333,333
000,111,111,222,333,333
000,111,111,222,333,333
000,111,111,222,333,333
000,111,111,222,333,333
000,111,111,222,000,111,111,222,333,333
000,111,111,222,333,333
000,111,111,222,000,111,111,222,333,333
000,111,111,222,333,333
000,111,111,222,333,333
000,111,111,222,333,333
000,111,111,222,000,111,111,222,333,333
000,111,111,222,333,333
000,111,111,222,000,111,111,222,333,333
000,111,111,222,000,111,111,222,333,333
000,111,111,222,333,333
000,111,111,222,333,333
000,111,111,222,000,111,111,222,333,333
000,111,111,222,000,111,111,222,333,333
000,111,111,222,333,333
000,111,111,222,333,333
000,111,111,222,333,333
000,111,111,222,000,111,111,222,333,333
000,111,111,222,333,333
000,111,111,222,333,333
000,111,111,222,333,333
000,111,111,222,333,333
000,111,111,222,333,333
000,111,111,222,333,333
000,111,111,222,333,333
000,111,111,222,333,333
000,111,111,222,333,333
000,111,111,222,333,333
000,111,111,222,333,333
000,111,111,222,333,333
000,111,111,222,333,333
000,111,111,222,333,333
000,111,111,222,333,333
000,111,111,222,000,111,111,222,333,333
000,111,111,222,000,111,111,222,000,111,111,222,333,333
000,111,111,222,333,333
000,111,111,222,000,111,111,222,000,111,111,222,333,333
000,111,111,222,333,333
000,111,111,222,333,333
000,111,111,222,000,111,111,222,000,111,111,222,333,333
000,111,111,222,333,333
000,111,111,222,333,333
000,111,111,222,333,333
000,111,111,222,333,333
000,111,111,222,333,333
000,111,111,222,333,333
000,111,111,222,333,333
000,111,111,222,333,333
000,111,111,222,333,333
000,111,111,222,333,333
000,111,111,222,000,111,111,222,333,333
000,111,111,222,333,333
000,111,111,222,333,333
000,111,111,222,333,333
000,111,111,222,000,111,111,222,333,333
000,111,111,222,333,333
000,111,111,222,000,111,111,222,000,111,111,222,333,333
000,111,111,222,333,333
000,111,111,222,333,333
000,111,111,222,000,111,111,222,333,333
000,111,111,222,333,333
000,111,111,222,333,333
000,111,111,222,000,111,111,222,333,333
000,111,111,222,333,333
000,111,111,222,333,333
000,111,111,222,333,333
000,111,111,222,333,333
000,111,111,222,000,111,111,222,333,333
000,111,111,222,333,333
000,111,111,222,000,111,111,222,333,333
000,111,111,222,333,333
000,111,111,222,333,333
000,111,111,222,000,111,111,222,333,333
000,111,111,222,333,333
000,111,111,222,000,111,111,222,333,333
000,111,111,222,000,111,111,222,333,333
000,111,111,222,333,333
000,111,111,222,333,333
000,111,111,222,333,333
000,111,111,222,333,333
000,111,111,222,333,333
000,111,111,222,000,111,111,222,333,333
000,111,111,222,333,333
000,111,111,222,000,111,111,222,333,333
000,111,111,222,000,111,111,222,333,333
000,111,111,222,000,111,111,222,333,333
000,111,111,222,333,333
000,111,111,222,000,111,111,222,333,333
000,111,111,222,333,333
000,111,111,222,333,333
000,111,111,222,333,333
000,111,111,222,333,333
000,111,111,222,333,333
000,111,111,222,333,333
000,111,111,222,333,333
000,111,111,222,333,333
000,111,111,222,000,111,111,222,333,333
000,111,111,222,000,111,111,222,333,333
000,111,111,222,333,333
000,111,111,222,333,333
000,111,111,222,333,333
000,111,111,222,000,111,111,222,333,333
000,111,111,222,333,333
000,111,111,222,333,333
000,111,111,222,333,333
000,111,111,222,333,333
000,111,111,222,000,111,111,222,333,333
000,111,111,222,333,333
000,111,111,222,333,333
000,111,111,222,000,111,111,222,333,333
000,111,111,222,000,111,111,222,333,333
000,111,111,222,333,333
000,111,111,222,333,333
000,111,111,222,333,333
000,111,111,222,333,333
000,111,111,222,000,111,111,222,333,333
000,111,111,222,333,333
000,111,111,222,333,333
000,111,111,222,333,333
000,111,111,222,333,333
000,111,111,222,333,333
000,111,111,222,333,333
000,111,111,222,000,111,111,222,000,111,111,222,333,333
000,111,111,222,000,111,111,222,000,111,111,222,333,333
000,111,111,222,000,111,111,222,333,333
000,111,111,222,333,333
000,111,111,222,000,111,111,222,333,333
000,111,111,222,333,333
000,111,111,222,333,333
000,111,111,222,333,333
000,111,111,222,333,333
000,111,111,222,333,333
000,111,111,222,333,333
000,111,111,222,000,111,111,222,000,111,111,222,333,333
000,111,111,222,333,333
000,111,111,222,333,333
000,111,111,222,333,333
000,111,111,222,333,333
000,111,111,222,333,333
000,111,111,222,333,333
000,111,111,222,333,333
000,111,111,222,333,333
000,111,111,222,000,111,111,222,000,111,111,222,333,333
000,111,111,222,000,111,111,222,333,333
000,111,111,222,333,333
000,111,111,222,333,333
000,111,111,222,333,333
000,111,111,222,333,333
000,111,111,222,000,111,111,222,333,333
000,111,111,222,333,333
000,111,111,222,333,333
000,111,111,222,000,111,111,222,333,333
000,111,111,222,333,333
000,111,111,222,333,333
000,111,111,222,333,333
000,111,111,222,333,333
000,111,111,222,333,333
000,111,111,222,333,333
000,111,111,222,333,333
000,111,111,222,333,333
000,111,111,222,333,333
000,111,111,222,000,111,111,222,333,333
000,111,111,222,333,333
000,111,111,222,333,333
000,111,111,222,000,111,111,222,333,333
000,111,111,222,333,333
000,111,111,222,000,111,111,222,333,333
000,111,111,222,333,333
000,111,111,222,333,333
000,111,111,222,333,333
000,111,111,222,000,111,111,222,000,111,111,222,333,333
000,111,111,222,333,333
000,111,111,222,333,333
000,111,111,222,000,111,111,222,000,111,111,222,000,111,111,222,333,333
000,111,111,222,333,333
000,111,111,222,333,333
000,111,111,222,000,111,111,222,333,333
000,111,111,222,333,333
000,111,111,222,333,333
000,111,111,222,333,333
000,111,111,222,000,111,111,222,333,333
000,111,111,222,333,333
000,111,111,222,333,333
000,111,111,222,333,333
000,111,111,222,333,333
000,111,111,222,333,333
000,111,111,222,333,333
000,111,111,222,333,333
000,111,111,222,333,333
000,111,111,222,333,333
000,111,111,222,000,111,111,222,000,111,111,222,000,111,111,222,333,333
000,111,111,222,333,333
000,111,111,222,333,333
000,111,111,222,333,333
000,111,111,222,333,333
000,111,111,222,333,333
000,111,111,222,000,111,111,222,000,111,111,222,333,333
000,111,111,222,333,333
000,111,111,222,333,333
000,111,111,222,333,333
000,111,111,222,000,111,111,222,333,333
000,111,111,222,000,111,111,222,333,333
000,111,111,222,000,111,111,222,333,333
000,111,111,222,333,333
000,111,111,222,333,333
000,111,111,222,000,111,111,222,000,111,111,222,333,333
000,111,111,222,333,333
000,111,111,222,333,333
000,111,111,222,333,333
000,111,111,222,000,111,111,222,333,333
000,111,111,222,333,333
000,111,111,222,333,333
000,111,111,222,333,333
000,111,111,222,333,333
000,111,111,222,333,333
000,111,111,222,333,333
000,111,111,222,333,333
000,111,111,222,000,111,111,222,333,333
000,111,111,222,333,333
000,111,111,222,333,333
000,111,111,222,333,333
000,111,111,222,333,333
000,111,111,222,333,333
000,111,111,222,333,333
000,111,111,222,333,333
000,111,111,222,000,111,111,222,333,333
000,111,111,222,333,333
000,111,111,222,333,333
000,111,111,222,333,333
000,111,111,222,333,333
000,111,111,222,333,333
000,111,111,222,333,333
000,111,111,222,333,333
000,111,111,222,333,333
000,111,111,222,000,111,111,222,333,333
000,111,111,222,333,333
000,111,111,222,333,333
000,111,111,222,333,333
000,111,111,222,333,333
000,111,111,222,333,333
000,111,111,222,333,333
000,111,111,222,000,111,111,222,333,333
000,111,111,222,333,333
000,111,111,222,000,111,111,222,000,111,111,222,333,333
000,111,111,222,333,333
000,111,111,222,333,333
000,111,111,222,333,333
000,111,111,222,333,333
000,111,111,222,333,333
000,111,111,222,333,333
000,111,111,222,333,333
000,111,111,222,000,111,111,222,333,333
000,111,111,222,333,333
000,111,111,222,333,333
000,111,111,222,333,333
000,111,111,222,333,333
000,111,111,222,333,333
000,111,111,222,000,111,111,222,333,333
000,111,111,222,333,333
000,111,111,222,000,111,111,222,333,333
000,111,111,222,333,333
000,111,111,222,333,333
000,111,111,222,333,333
000,111,111,222,333,333
000,111,111,222,000,111,111,222,333,333
000,111,111,222,333,333
000,111,111,222,333,333
000,111,111,222,333,333
000,111,111,222,333,333
000,111,111,222,000,111,111,222,333,333
000,111,111,222,333,333
000,111,111,222,000,111,111,222,000,111,111,222,333,333
000,111,111,222,333,333
000,111,111,222,000,111,111,222,333,333
000,111,111,222,333,333
000,111,111,222,000,111,111,222,000,111,111,222,000,111,111,222,333,333
000,111,111,222,000,111,111,222,000,111,111,222,000,111,111,222,000,111,111,222,000,111,111,222,333,333
000,111,111,222,333,333
000,111,111,222,333,333
000,111,111,222,000,111,111,222,333,333
000,111,111,222,333,333
000,111,111,222,333,333
000,111,111,222,333,333
000,111,111,222,333,333
000,111,111,222,333,333
000,111,111,222,000,111,111,222,333,333
000,111,111,222,333,333
000,111,111,222,333,333
000,111,111,222,333,333
000,111,111,222,333,333
000,111,111,222,333,333
000,111,111,222,333,333
000,111,111,222,333,333
000,111,111,222,333,333
000,111,111,222,333,333
000,111,111,222,333,333
000,111,111,222,333,333
000,111,111,222,333,333
000,111,111,222,000,111,111,222,333,333
000,111,111,222,333,333
000,111,111,222,333,333
000,111,111,222,333,333
000,111,111,222,333,333
000,111,111,222,000,111,111,222,000,111,111,222,333,333
000,111,111,222,333,333
000,111,111,222,333,333
000,111,111,222,000,111,111,222,333,333
000,111,111,222,333,333
000,111,111,222,333,333
000,111,111,222,333,333
000,111,111,222,333,333
000,111,111,222,333,333
000,111,111,222,000,111,111,222,333,333
000,111,111,222,333,333
000,111,111,222,333,333
000,111,111,222,333,333
000,111,111,222,333,333
000,111,111,222,333,333
000,111,111,222,333,333
000,111,111,222,333,333
000,111,111,222,333,333
000,111,111,222,000,111,111,222,000,111,111,222,333,333
000,111,111,222,333,333
000,111,111,222,333,333
000,111,111,222,000,111,111,222,000,111,111,222,333,333
000,111,111,222,000,111,111,222,333,333
000,111,111,222,333,333
000,111,111,222,333,333
000,111,111,222,333,333
000,111,111,222,333,333
000,111,111,222,000,111,111,222,333,333
000,111,111,222,333,333
000,111,111,222,333,333
000,111,111,222,333,333
000,111,111,222,333,333
000,111,111,222,000,111,111,222,333,333
000,111,111,222,000,111,111,222,333,333
000,111,111,222,333,333
000,111,111,222,333,333
000,111,111,222,333,333
000,111,111,222,000,111,111,222,333,333
000,111,111,222,000,111,111,222,333,333
000,111,111,222,333,333
000,111,111,222,333,333
000,111,111,222,333,333
000,111,111,222,000,111,111,222,333,333
000,111,111,222,333,333
000,111,111,222,333,333
000,111,111,222,333,333
000,111,111,222,000,111,111,222,333,333
000,111,111,222,333,333
000,111,111,222,333,333
000,111,111,222,333,333
000,111,111,222,333,333
000,111,111,222,000,111,111,222,333,333
000,111,111,222,333,333
000,111,111,222,000,111,111,222,333,333
000,111,111,222,333,333
000,111,111,222,333,333
000,111,111,222,000,111,111,222,333,333
000,111,111,222,333,333
000,111,111,222,333,333
000,111,111,222,333,333
000,111,111,222,000,111,111,222,333,333
000,111,111,222,000,111,111,222,333,333
000,111,111,222,333,333
000,111,111,222,333,333
000,111,111,222,000,111,111,222,333,333
000,111,111,222,000,111,111,222,333,333
000,111,111,222,000,111,111,222,000,111,111,222,333,333
000,111,111,222,000,111,111,222,333,333
000,111,111,222,333,333
000,111,111,222,333,333
000,111,111,222,000,111,111,222,333,333
000,111,111,222,333,333
000,111,111,222,333,333
000,111,111,222,333,333
000,111,111,222,000,111,111,222,000,111,111,222,333,333
000,111,111,222,333,333
000,111,111,222,333,333
000,111,111,222,333,333
000,111,111,222,333,333
000,111,111,222,000,111,111,222,333,333
000,111,111,222,333,333
000,111,111,222,333,333
000,111,111,222,333,333
000,111,111,222,333,333
000,111,111,222,333,333
000,111,111,222,000,111,111,222,000,111,111,222,333,333
000,111,111,222,333,333
000,111,111,222,000,111,111,222,333,333
000,111,111,222,333,333
000,111,111,222,000,111,111,222,333,333
000,111,111,222,000,111,111,222,333,333
000,111,111,222,000,111,111,222,333,333
000,111,111,222,000,111,111,222,333,333
000,111,111,222,333,333
000,111,111,222,333,333
000,111,111,222,333,333
000,111,111,222,000,111,111,222,333,333
000,111,111,222,333,333
000,111,111,222,333,333
000,111,111,222,333,333
000,111,111,222,333,333
000,111,111,222,333,333
000,111,111,222,333,333
000,111,111,222,333,333
000,111,111,222,000,111,111,222,333,333
000,111,111,222,333,333
000,111,111,222,000,111,111,222,000,111,111,222,000,111,111,222,333,333
