 Timestamp,,,,,healthy value,,, attacked Value
 30/6/2015 1:53:00 PM,,,,,295.6165,,,276.365
 30/6/2015 1:53:01 PM,,,,,295.4627,,,276.365
 30/6/2015 1:53:02 PM,,,,,295.3089,,,276.365
 30/6/2015 1:53:03 PM,,,,,295.3089,,,276.365
 30/6/2015 1:53:04 PM,,,,,295.3089,,,276.365
 30/6/2015 1:53:05 PM,,,,,295.1038,,,276.365
 30/6/2015 1:53:06 PM,,,,,295.0526,,,276.365
 30/6/2015 1:53:07 PM,,,,,294.8218,,,276.365
 30/6/2015 1:53:08 PM,,,,,294.7962,,,276.365
 30/6/2015 1:53:09 PM,,,,,294.7962,,,276.365
 30/6/2015 1:53:10 PM,,,,,294.7962,,,276.365
 30/6/2015 1:53:11 PM,,,,,294.7962,,,276.365
 30/6/2015 1:53:12 PM,,,,,294.7962,,,276.365
 30/6/2015 1:53:13 PM,,,,,294.7962,,,276.365
 30/6/2015 1:53:14 PM,,,,,294.5911,,,276.365
 30/6/2015 1:53:15 PM,,,,,294.5911,,,276.365
 30/6/2015 1:53:16 PM,,,,,294.5911,,,276.365
 30/6/2015 1:53:17 PM,,,,,294.5911,,,276.365
 30/6/2015 1:53:18 PM,,,,,294.5911,,,276.365
 30/6/2015 1:53:19 PM,,,,,294.5911,,,276.365
 30/6/2015 1:53:20 PM,,,,,294.5911,,,276.365
 30/6/2015 1:53:21 PM,,,,,294.5911,,,276.365
 30/6/2015 1:53:22 PM,,,,,294.5911,,,276.365
 30/6/2015 1:53:23 PM,,,,,294.5911,,,276.365
 30/6/2015 1:53:24 PM,,,,,294.5911,,,276.365
 30/6/2015 1:53:25 PM,,,,,294.4117,,,276.365
 30/6/2015 1:53:26 PM,,,,,294.2835,,,276.365
 30/6/2015 1:53:27 PM,,,,,294.2835,,,276.365
 30/6/2015 1:53:28 PM,,,,,294.2835,,,276.365
 30/6/2015 1:53:29 PM,,,,,294.2835,,,276.365
 30/6/2015 1:53:30 PM,,,,,294.2835,,,276.365
 30/6/2015 1:53:31 PM,,,,,294.2835,,,276.365
 30/6/2015 1:53:32 PM,,,,,294.2835,,,276.365
 30/6/2015 1:53:33 PM,,,,,294.2835,,,276.365
 30/6/2015 1:53:34 PM,,,,,294.2835,,,276.365
 30/6/2015 1:53:35 PM,,,,,294.181,,,276.365
 30/6/2015 1:53:36 PM,,,,,294.1553,,,276.365
 30/6/2015 1:53:37 PM,,,,,294.1553,,,276.365
 30/6/2015 1:53:38 PM,,,,,294.1553,,,276.365
 30/6/2015 1:53:39 PM,,,,,294.1553,,,276.365
 30/6/2015 1:53:40 PM,,,,,294.1553,,,276.365
 30/6/2015 1:53:41 PM,,,,,294.1553,,,276.365
 30/6/2015 1:53:42 PM,,,,,294.1553,,,276.365
 30/6/2015 1:53:43 PM,,,,,294.1553,,,276.365
 30/6/2015 1:53:44 PM,,,,,294.1553,,,276.365
 30/6/2015 1:53:45 PM,,,,,294.1553,,,276.365
 30/6/2015 1:53:46 PM,,,,,294.1553,,,276.6983
 30/6/2015 1:53:47 PM,,,,,294.1553,,,277.1341
 30/6/2015 1:53:48 PM,,,,,294.1553,,,277.3391
 30/6/2015 1:53:49 PM,,,,,294.1553,,,278.0569
 30/6/2015 1:53:50 PM,,,,,294.1553,,,278.9285
 30/6/2015 1:53:51 PM,,,,,294.1553,,,279.9795
 30/6/2015 1:53:52 PM,,,,,294.1553,,,281.3894
 30/6/2015 1:53:53 PM,,,,,294.1553,,,282.5173
 30/6/2015 1:53:54 PM,,,,,294.1553,,,284.1835
 30/6/2015 1:53:55 PM,,,,,294.1553,,,285.7985
 30/6/2015 1:53:56 PM,,,,,294.1553,,,287.3109
 30/6/2015 1:53:57 PM,,,,,294.0272,,,288.7977
 30/6/2015 1:53:58 PM,,,,,294.0272,,,290.2589
 30/6/2015 1:53:59 PM,,,,,294.0272,,,291.3099
 30/6/2015 1:54:00 PM,,,,,294.0272,,,292.2584
 30/6/2015 1:54:01 PM,,,,,293.9503,,,293.2838
 30/6/2015 1:54:02 PM,,,,,293.8477,,,294.2835
 30/6/2015 1:54:03 PM,,,,,293.8477,,,294.95
 30/6/2015 1:54:04 PM,,,,,293.8477,,,295.514
 30/6/2015 1:54:05 PM,,,,,293.8477,,,296.2061
 30/6/2015 1:54:06 PM,,,,,293.7964,,,296.6675
 30/6/2015 1:54:07 PM,,,,,293.6939,,,296.9239
 30/6/2015 1:54:08 PM,,,,,293.6939,,,297.4878
 30/6/2015 1:54:09 PM,,,,,293.6939,,,297.4878
 30/6/2015 1:54:10 PM,,,,,293.6939,,,297.4878
 30/6/2015 1:54:11 PM,,,,,293.6939,,,297.4878
 30/6/2015 1:54:12 PM,,,,,293.6939,,,297.6929
 30/6/2015 1:54:13 PM,,,,,293.6939,,,297.6929
 30/6/2015 1:54:14 PM,,,,,293.6939,,,297.6929
 30/6/2015 1:54:15 PM,,,,,293.6939,,,297.2827
 30/6/2015 1:54:16 PM,,,,,293.6939,,,297.2827
 30/6/2015 1:54:17 PM,,,,,293.6939,,,296.9751
 30/6/2015 1:54:18 PM,,,,,293.6939,,,296.847
 30/6/2015 1:54:19 PM,,,,,293.5145,,,296.4881
 30/6/2015 1:54:20 PM,,,,,293.3351,,,296.2318
 30/6/2015 1:54:21 PM,,,,,293.3351,,,295.8729
 30/6/2015 1:54:22 PM,,,,,293.3351,,,295.8729
 30/6/2015 1:54:23 PM,,,,,293.5914,,,295.514
 30/6/2015 1:54:24 PM,,,,,293.5914,,,295.3345
 30/6/2015 1:54:25 PM,,,,,293.5401,,,295.0526
 30/6/2015 1:54:26 PM,,,,,293.2838,,,294.9756
 30/6/2015 1:54:27 PM,,,,,293.2838,,,294.7962
 30/6/2015 1:54:28 PM,,,,,293.2838,,,294.5655
 30/6/2015 1:54:29 PM,,,,,293.2838,,,294.181
 30/6/2015 1:54:30 PM,,,,,293.1556,,,294.181
 30/6/2015 1:54:31 PM,,,,,293.1556,,,294.181
 30/6/2015 1:54:32 PM,,,,,293.1556,,,293.9503
 30/6/2015 1:54:33 PM,,,,,293.1556,,,293.7196
 30/6/2015 1:54:34 PM,,,,,293.0787,,,293.7196
 30/6/2015 1:54:35 PM,,,,,292.9249,,,293.412
 30/6/2015 1:54:36 PM,,,,,292.9249,,,293.412
 30/6/2015 1:54:37 PM,,,,,292.9249,,,293.412
 30/6/2015 1:54:38 PM,,,,,292.9249,,,293.412
 30/6/2015 1:54:39 PM,,,,,292.9249,,,293.1812
 30/6/2015 1:54:40 PM,,,,,292.8224,,,293.1556
 30/6/2015 1:54:41 PM,,,,,292.8224,,,293.0274
 30/6/2015 1:54:42 PM,,,,,292.8224,,,293.0274
 30/6/2015 1:54:43 PM,,,,,292.5147,,,292.8224
 30/6/2015 1:54:44 PM,,,,,292.5147,,,292.8224
 30/6/2015 1:54:45 PM,,,,,292.5147,,,292.6942
 30/6/2015 1:54:46 PM,,,,,292.5147,,,292.6942
 30/6/2015 1:54:47 PM,,,,,292.6429,,,292.6942
 30/6/2015 1:54:48 PM,,,,,292.6429,,,292.6942
 30/6/2015 1:54:49 PM,,,,,292.6429,,,292.566
 30/6/2015 1:54:50 PM,,,,,292.6429,,,292.4378
 30/6/2015 1:54:51 PM,,,,,292.6429,,,292.4378
 30/6/2015 1:54:52 PM,,,,,292.6429,,,292.4378
 30/6/2015 1:54:53 PM,,,,,292.6429,,,292.4378
 30/6/2015 1:54:54 PM,,,,,292.6429,,,292.4378
 30/6/2015 1:54:55 PM,,,,,292.6429,,,292.1559
 30/6/2015 1:54:56 PM,,,,,292.6429,,,292.1559
 30/6/2015 1:54:57 PM,,,,,292.6429,,,292.1559
 30/6/2015 1:54:58 PM,,,,,292.6429,,,292.002
 30/6/2015 1:54:59 PM,,,,,292.6429,,,291.6944
 30/6/2015 1:55:00 PM,,,,,292.6429,,,291.6944
 30/6/2015 1:55:01 PM,,,,,292.6429,,,291.6944
 30/6/2015 1:55:02 PM,,,,,292.3866,,,291.6944
 30/6/2015 1:55:03 PM,,,,,292.3866,,,291.3099
 30/6/2015 1:55:04 PM,,,,,292.3866,,,291.2843
 30/6/2015 1:55:05 PM,,,,,292.3866,,,291.2843
 30/6/2015 1:55:06 PM,,,,,292.2071,,,291.2843
 30/6/2015 1:55:07 PM,,,,,292.1559,,,291.2843
 30/6/2015 1:55:08 PM,,,,,292.1559,,,291.2843
 30/6/2015 1:55:09 PM,,,,,292.1559,,,291.2843
 30/6/2015 1:55:10 PM,,,,,292.1559,,,291.2843
 30/6/2015 1:55:11 PM,,,,,292.1559,,,291.0536
 30/6/2015 1:55:12 PM,,,,,292.1559,,,291.0536
 30/6/2015 1:55:13 PM,,,,,292.0533,,,290.8998
 30/6/2015 1:55:14 PM,,,,,292.0533,,,290.8998
 30/6/2015 1:55:15 PM,,,,,292.0533,,,290.8998
 30/6/2015 1:55:16 PM,,,,,292.0533,,,290.8998
 30/6/2015 1:55:17 PM,,,,,292.0533,,,290.746
 30/6/2015 1:55:18 PM,,,,,292.0533,,,290.6691
 30/6/2015 1:55:19 PM,,,,,291.9251,,,290.6691
 30/6/2015 1:55:20 PM,,,,,291.9251,,,290.6691
 30/6/2015 1:55:21 PM,,,,,291.9251,,,290.6691
 30/6/2015 1:55:22 PM,,,,,291.8995,,,290.6691
 30/6/2015 1:55:23 PM,,,,,291.8995,,,290.6691
 30/6/2015 1:55:24 PM,,,,,291.8995,,,290.4127
 30/6/2015 1:55:25 PM,,,,,291.8995,,,290.4127
 30/6/2015 1:55:26 PM,,,,,291.8995,,,290.4127
 30/6/2015 1:55:27 PM,,,,,291.8995,,,290.4127
 30/6/2015 1:55:28 PM,,,,,291.8995,,,290.4127
 30/6/2015 1:55:29 PM,,,,,291.8995,,,290.4127
 30/6/2015 1:55:30 PM,,,,,291.8995,,,290.4127
 30/6/2015 1:55:31 PM,,,,,291.8995,,,290.4127
 30/6/2015 1:55:32 PM,,,,,291.8995,,,290.4127
 30/6/2015 1:55:33 PM,,,,,291.8995,,,290.4127
 30/6/2015 1:55:34 PM,,,,,291.8995,,,290.4127
 30/6/2015 1:55:35 PM,,,,,291.8995,,,290.4127
 30/6/2015 1:55:36 PM,,,,,291.8995,,,290.4127
 30/6/2015 1:55:37 PM,,,,,291.8995,,,290.4127
 30/6/2015 1:55:38 PM,,,,,291.8995,,,290.2589
 30/6/2015 1:55:39 PM,,,,,291.8995,,,290.2589
 30/6/2015 1:55:40 PM,,,,,291.8995,,,290.1564
 30/6/2015 1:55:41 PM,,,,,291.8995,,,290.1564
 30/6/2015 1:55:42 PM,,,,,291.8995,,,290.1564
 30/6/2015 1:55:43 PM,,,,,291.8995,,,290.1564
 30/6/2015 1:55:44 PM,,,,,291.8995,,,290.1564
 30/6/2015 1:55:45 PM,,,,,291.8995,,,290.1564
 30/6/2015 1:55:46 PM,,,,,291.7713,,,290.1564
 30/6/2015 1:55:47 PM,,,,,291.6175,,,290.0026
 30/6/2015 1:55:48 PM,,,,,291.6175,,,289.9769
 30/6/2015 1:55:49 PM,,,,,291.6175,,,289.9769
 30/6/2015 1:55:50 PM,,,,,291.6175,,,289.9769
 30/6/2015 1:55:51 PM,,,,,291.6175,,,289.9769
 30/6/2015 1:55:52 PM,,,,,291.6175,,,289.9769
 30/6/2015 1:55:53 PM,,,,,291.797,,,289.9769
 30/6/2015 1:55:54 PM,,,,,291.797,,,289.9769
 30/6/2015 1:55:55 PM,,,,,291.797,,,289.9769
 30/6/2015 1:55:56 PM,,,,,291.797,,,289.9769
 30/6/2015 1:55:57 PM,,,,,291.797,,,289.9769
 30/6/2015 1:55:58 PM,,,,,291.797,,,289.9769
 30/6/2015 1:55:59 PM,,,,,291.797,,,289.9769
 30/6/2015 1:56:00 PM,,,,,291.797,,,289.9769
 30/6/2015 1:56:01 PM,,,,,291.797,,,289.9769
 30/6/2015 1:56:02 PM,,,,,291.797,,,289.9769
 30/6/2015 1:56:03 PM,,,,,291.797,,,289.9769
 30/6/2015 1:56:04 PM,,,,,291.797,,,289.9769
 30/6/2015 1:56:05 PM,,,,,291.797,,,289.9769
 30/6/2015 1:56:06 PM,,,,,291.797,,,289.9769
 30/6/2015 1:56:07 PM,,,,,291.7713,,,289.9769
 30/6/2015 1:56:08 PM,,,,,291.6175,,,289.9769
 30/6/2015 1:56:09 PM,,,,,291.6175,,,289.9769
 30/6/2015 1:56:10 PM,,,,,291.6175,,,289.8231
 30/6/2015 1:56:11 PM,,,,,291.6175,,,289.8231
 30/6/2015 1:56:12 PM,,,,,291.6175,,,289.8231
 30/6/2015 1:56:13 PM,,,,,291.6175,,,289.8231
 30/6/2015 1:56:14 PM,,,,,291.6175,,,289.8231
 30/6/2015 1:56:15 PM,,,,,291.5406,,,289.8231
 30/6/2015 1:56:16 PM,,,,,291.5406,,,289.6437
 30/6/2015 1:56:17 PM,,,,,291.5406,,,289.6437
 30/6/2015 1:56:18 PM,,,,,291.5406,,,289.6437
 30/6/2015 1:56:19 PM,,,,,291.4893,,,289.6437
 30/6/2015 1:56:20 PM,,,,,291.4893,,,289.6437
 30/6/2015 1:56:21 PM,,,,,291.4893,,,289.6437
 30/6/2015 1:56:22 PM,,,,,291.4893,,,289.6437
 30/6/2015 1:56:23 PM,,,,,291.4893,,,289.6437
 30/6/2015 1:56:24 PM,,,,,291.4893,,,289.5155
 30/6/2015 1:56:25 PM,,,,,291.4893,,,289.5155
 30/6/2015 1:56:26 PM,,,,,291.4893,,,289.3873
 30/6/2015 1:56:27 PM,,,,,291.4893,,,289.3873
 30/6/2015 1:56:28 PM,,,,,291.5663,,,289.3873
 30/6/2015 1:56:29 PM,,,,,291.5663,,,289.3873
 30/6/2015 1:56:30 PM,,,,,291.6432,,,289.3873
 30/6/2015 1:56:31 PM,,,,,291.6432,,,289.3873
 30/6/2015 1:56:32 PM,,,,,291.6432,,,289.1823
 30/6/2015 1:56:33 PM,,,,,291.6432,,,289.1823
 30/6/2015 1:56:34 PM,,,,,291.6432,,,289.1823
 30/6/2015 1:56:35 PM,,,,,291.6432,,,289.1823
 30/6/2015 1:56:36 PM,,,,,291.6432,,,288.9772
 30/6/2015 1:56:37 PM,,,,,291.6432,,,288.9772
 30/6/2015 1:56:38 PM,,,,,291.6432,,,288.9772
 30/6/2015 1:56:39 PM,,,,,291.6432,,,288.9772
 30/6/2015 1:56:40 PM,,,,,291.6432,,,288.9772
 30/6/2015 1:56:41 PM,,,,,291.6432,,,288.9772
 30/6/2015 1:56:42 PM,,,,,291.6432,,,288.9772
 30/6/2015 1:56:43 PM,,,,,291.6432,,,288.8746
 30/6/2015 1:56:44 PM,,,,,291.6432,,,288.8746
 30/6/2015 1:56:45 PM,,,,,291.6432,,,288.8746
 30/6/2015 1:56:46 PM,,,,,291.6432,,,288.8746
 30/6/2015 1:56:47 PM,,,,,291.6432,,,288.8746
 30/6/2015 1:56:48 PM,,,,,291.6432,,,288.8746
 30/6/2015 1:56:49 PM,,,,,291.6432,,,288.8746
 30/6/2015 1:56:50 PM,,,,,291.6432,,,288.8746
 30/6/2015 1:56:51 PM,,,,,291.6432,,,288.8746
 30/6/2015 1:56:52 PM,,,,,291.6432,,,288.8746
 30/6/2015 1:56:53 PM,,,,,291.6432,,,288.9515
 30/6/2015 1:56:54 PM,,,,,291.6432,,,288.9515
 30/6/2015 1:56:55 PM,,,,,291.5663,,,288.9515
 30/6/2015 1:56:56 PM,,,,,291.5663,,,288.9515
 30/6/2015 1:56:57 PM,,,,,291.5663,,,288.9515
 30/6/2015 1:56:58 PM,,,,,291.5663,,,288.9515
 30/6/2015 1:56:59 PM,,,,,291.5663,,,288.9515
 30/6/2015 1:57:00 PM,,,,,291.5663,,,288.6952
 30/6/2015 1:57:01 PM,,,,,291.5663,,,288.6183
 30/6/2015 1:57:02 PM,,,,,291.5663,,,288.6183
 30/6/2015 1:57:03 PM,,,,,291.5663,,,288.6183
 30/6/2015 1:57:04 PM,,,,,291.5663,,,288.6183
 30/6/2015 1:57:05 PM,,,,,291.5663,,,288.6183
 30/6/2015 1:57:06 PM,,,,,291.5663,,,288.6183
 30/6/2015 1:57:07 PM,,,,,291.5663,,,288.6183
 30/6/2015 1:57:08 PM,,,,,291.5663,,,288.6183
 30/6/2015 1:57:09 PM,,,,,291.5663,,,288.6183
 30/6/2015 1:57:10 PM,,,,,291.5663,,,288.6183
 30/6/2015 1:57:11 PM,,,,,291.5663,,,288.6183
 30/6/2015 1:57:12 PM,,,,,291.5663,,,288.6183
 30/6/2015 1:57:13 PM,,,,,291.5663,,,288.6183
 30/6/2015 1:57:14 PM,,,,,291.5663,,,288.6183
 30/6/2015 1:57:15 PM,,,,,291.3868,,,288.5414
 30/6/2015 1:57:16 PM,,,,,291.3868,,,288.4389
 30/6/2015 1:57:17 PM,,,,,291.3868,,,288.4389
 30/6/2015 1:57:18 PM,,,,,291.3868,,,288.4389
 30/6/2015 1:57:19 PM,,,,,291.3868,,,288.4389
 30/6/2015 1:57:20 PM,,,,,291.3868,,,288.4389
 30/6/2015 1:57:21 PM,,,,,291.3868,,,288.4389
 30/6/2015 1:57:22 PM,,,,,291.3868,,,288.2338
 30/6/2015 1:57:23 PM,,,,,291.3868,,,288.2338
 30/6/2015 1:57:24 PM,,,,,291.5406,,,288.2338
 30/6/2015 1:57:25 PM,,,,,291.5406,,,288.2338
 30/6/2015 1:57:26 PM,,,,,291.5406,,,288.3107
 30/6/2015 1:57:27 PM,,,,,291.5406,,,288.3107
 30/6/2015 1:57:28 PM,,,,,291.5406,,,288.3107
 30/6/2015 1:57:29 PM,,,,,291.5406,,,288.3107
 30/6/2015 1:57:30 PM,,,,,291.5406,,,288.3107
 30/6/2015 1:57:31 PM,,,,,291.7457,,,288.3107
 30/6/2015 1:57:32 PM,,,,,291.7457,,,288.3107
 30/6/2015 1:57:33 PM,,,,,291.7457,,,288.3107
 30/6/2015 1:57:34 PM,,,,,291.7457,,,288.3363
 30/6/2015 1:57:35 PM,,,,,291.7457,,,288.4901
 30/6/2015 1:57:36 PM,,,,,291.7457,,,288.4901
 30/6/2015 1:57:37 PM,,,,,291.7457,,,288.4901
 30/6/2015 1:57:38 PM,,,,,291.7457,,,288.4901
 30/6/2015 1:57:39 PM,,,,,291.7457,,,288.4901
 30/6/2015 1:57:40 PM,,,,,291.7457,,,288.4901
 30/6/2015 1:57:41 PM,,,,,291.7457,,,288.4901
 30/6/2015 1:57:42 PM,,,,,291.797,,,288.4901
 30/6/2015 1:57:43 PM,,,,,292.0277,,,288.1825
 30/6/2015 1:57:44 PM,,,,,292.0277,,,288.1825
 30/6/2015 1:57:45 PM,,,,,292.1815,,,288.1825
 30/6/2015 1:57:46 PM,,,,,292.284,,,288.1825
 30/6/2015 1:57:47 PM,,,,,292.3866,,,288.1825
 30/6/2015 1:57:48 PM,,,,,292.5147,,,288.1825
 30/6/2015 1:57:49 PM,,,,,292.5147,,,288.1825
 30/6/2015 1:57:50 PM,,,,,292.5147,,,288.1825
 30/6/2015 1:57:51 PM,,,,,292.5147,,,288.1825
 30/6/2015 1:57:52 PM,,,,,292.5147,,,288.1825
 30/6/2015 1:57:53 PM,,,,,292.848,,,288.1825
 30/6/2015 1:57:54 PM,,,,,292.848,,,288.1825
 30/6/2015 1:57:55 PM,,,,,292.848,,,288.1825
 30/6/2015 1:57:56 PM,,,,,292.848,,,288.1825
 30/6/2015 1:57:57 PM,,,,,292.848,,,287.9518
 30/6/2015 1:57:58 PM,,,,,293.1556,,,287.9518
 30/6/2015 1:57:59 PM,,,,,293.1556,,,287.9518
 30/6/2015 1:58:00 PM,,,,,293.1556,,,287.9518
 30/6/2015 1:58:01 PM,,,,,293.1556,,,287.9518
 30/6/2015 1:58:02 PM,,,,,293.1556,,,287.9518
 30/6/2015 1:58:03 PM,,,,,293.2069,,,287.9518
 30/6/2015 1:58:04 PM,,,,,293.5401,,,287.9518
 30/6/2015 1:58:05 PM,,,,,293.5401,,,287.9518
 30/6/2015 1:58:06 PM,,,,,293.5401,,,287.9518
 30/6/2015 1:58:07 PM,,,,,293.5401,,,287.9518
 30/6/2015 1:58:08 PM,,,,,293.8221,,,287.9518
 30/6/2015 1:58:09 PM,,,,,293.8221,,,287.8236
 30/6/2015 1:58:10 PM,,,,,293.9503,,,287.798
 30/6/2015 1:58:11 PM,,,,,294.0784,,,287.798
 30/6/2015 1:58:12 PM,,,,,294.3091,,,287.798
 30/6/2015 1:58:13 PM,,,,,294.5399,,,287.798
 30/6/2015 1:58:14 PM,,,,,294.5399,,,287.798
 30/6/2015 1:58:15 PM,,,,,294.5399,,,287.798
 30/6/2015 1:58:16 PM,,,,,294.7449,,,287.798
 30/6/2015 1:58:17 PM,,,,,294.95,,,287.798
 30/6/2015 1:58:18 PM,,,,,295.0013,,,287.7211
 30/6/2015 1:58:19 PM,,,,,295.0013,,,287.6442
 30/6/2015 1:58:20 PM,,,,,295.1295,,,287.6442
 30/6/2015 1:58:21 PM,,,,,295.1295,,,287.6442
 30/6/2015 1:58:22 PM,,,,,295.1295,,,287.6442
 30/6/2015 1:58:23 PM,,,,,295.3089,,,287.6442
 30/6/2015 1:58:24 PM,,,,,295.3089,,,287.6442
 30/6/2015 1:58:25 PM,,,,,295.3089,,,287.6442
 30/6/2015 1:58:26 PM,,,,,295.3089,,,287.6442
 30/6/2015 1:58:27 PM,,,,,295.3089,,,287.6442
 30/6/2015 1:58:28 PM,,,,,295.3089,,,287.6442
 30/6/2015 1:58:29 PM,,,,,295.3089,,,287.6442
 30/6/2015 1:58:30 PM,,,,,295.1807,,,287.6442
 30/6/2015 1:58:31 PM,,,,,295.1807,,,287.6442
 30/6/2015 1:58:32 PM,,,,,295.1807,,,287.6442
 30/6/2015 1:58:33 PM,,,,,295.1807,,,287.6442
 30/6/2015 1:58:34 PM,,,,,295.1807,,,287.6442
 30/6/2015 1:58:35 PM,,,,,295.1807,,,287.6442
 30/6/2015 1:58:36 PM,,,,,295.1807,,,287.6442
 30/6/2015 1:58:37 PM,,,,,295.1807,,,287.6442
 30/6/2015 1:58:38 PM,,,,,295.1807,,,287.6442
 30/6/2015 1:58:39 PM,,,,,295.4627,,,287.6442
 30/6/2015 1:58:40 PM,,,,,295.4627,,,287.6442
 30/6/2015 1:58:41 PM,,,,,295.4627,,,287.6442
 30/6/2015 1:58:42 PM,,,,,295.6165,,,287.6442
 30/6/2015 1:58:43 PM,,,,,295.6165,,,287.6442
 30/6/2015 1:58:44 PM,,,,,295.9754,,,287.6442
 30/6/2015 1:58:45 PM,,,,,296.2318,,,287.3366
 30/6/2015 1:58:46 PM,,,,,296.3855,,,287.3366
 30/6/2015 1:58:47 PM,,,,,296.5906,,,287.3366
 30/6/2015 1:58:48 PM,,,,,296.6419,,,287.3366
 30/6/2015 1:58:49 PM,,,,,296.8726,,,287.3366
 30/6/2015 1:58:50 PM,,,,,296.9751,,,287.3366
 30/6/2015 1:58:51 PM,,,,,297.1802,,,287.3366
 30/6/2015 1:58:52 PM,,,,,297.2315,,,287.3366
 30/6/2015 1:58:53 PM,,,,,297.3084,,,287.3366
 30/6/2015 1:58:54 PM,,,,,297.3084,,,287.516
 30/6/2015 1:58:55 PM,,,,,297.4366,,,287.5417
 30/6/2015 1:58:56 PM,,,,,297.4878,,,287.5417
 30/6/2015 1:58:57 PM,,,,,297.7954,,,287.5417
 30/6/2015 1:58:58 PM,,,,,297.8723,,,287.5417
 30/6/2015 1:58:59 PM,,,,,297.8723,,,287.5417
 30/6/2015 1:59:00 PM,,,,,297.8723,,,287.5417
 30/6/2015 1:59:01 PM,,,,,297.9236,,,287.5417
 30/6/2015 1:59:02 PM,,,,,297.9236,,,287.5417
 30/6/2015 1:59:03 PM,,,,,297.9236,,,287.5417
 30/6/2015 1:59:04 PM,,,,,298.0774,,,287.5417
 30/6/2015 1:59:05 PM,,,,,298.0774,,,287.5417
 30/6/2015 1:59:06 PM,,,,,298.0774,,,287.3109
 30/6/2015 1:59:07 PM,,,,,298.0774,,,287.3109
 30/6/2015 1:59:08 PM,,,,,298.0774,,,287.3109
 30/6/2015 1:59:09 PM,,,,,298.0774,,,287.3109
 30/6/2015 1:59:10 PM,,,,,298.4619,,,287.3109
 30/6/2015 1:59:11 PM,,,,,298.4619,,,287.3109
 30/6/2015 1:59:12 PM,,,,,298.4619,,,287.3109
 30/6/2015 1:59:13 PM,,,,,298.4619,,,287.3109
 30/6/2015 1:59:14 PM,,,,,298.4619,,,287.3109
 30/6/2015 1:59:15 PM,,,,,298.6927,,,287.3366
 30/6/2015 1:59:16 PM,,,,,298.7183,,,287.3366
 30/6/2015 1:59:17 PM,,,,,298.7183,,,287.3366
 30/6/2015 1:59:18 PM,,,,,298.7183,,,287.3366
 30/6/2015 1:59:19 PM,,,,,299.0515,,,287.3366
 30/6/2015 1:59:20 PM,,,,,299.1028,,,287.3366
 30/6/2015 1:59:21 PM,,,,,299.1028,,,287.3366
 30/6/2015 1:59:22 PM,,,,,299.1028,,,287.3366
 30/6/2015 1:59:23 PM,,,,,299.1028,,,287.3366
 30/6/2015 1:59:24 PM,,,,,299.1028,,,287.3366
 30/6/2015 1:59:25 PM,,,,,299.1028,,,287.3366
 30/6/2015 1:59:26 PM,,,,,299.1028,,,287.3366
 30/6/2015 1:59:27 PM,,,,,299.1028,,,287.3366
 30/6/2015 1:59:28 PM,,,,,299.1028,,,287.3366
 30/6/2015 1:59:29 PM,,,,,299.1028,,,287.3366
 30/6/2015 1:59:30 PM,,,,,299.1028,,,287.3366
 30/6/2015 1:59:31 PM,,,,,299.1028,,,287.3366
 30/6/2015 1:59:32 PM,,,,,299.1028,,,287.3366
 30/6/2015 1:59:33 PM,,,,,299.1028,,,287.3366
 30/6/2015 1:59:34 PM,,,,,299.1028,,,287.3366
 30/6/2015 1:59:35 PM,,,,,299.1028,,,287.3366
 30/6/2015 1:59:36 PM,,,,,299.1028,,,287.3366
 30/6/2015 1:59:37 PM,,,,,299.1797,,,287.3366
 30/6/2015 1:59:38 PM,,,,,299.2053,,,287.3366
 30/6/2015 1:59:39 PM,,,,,299.4617,,,287.3366
 30/6/2015 1:59:40 PM,,,,,299.4617,,,287.3366
 30/6/2015 1:59:41 PM,,,,,299.4617,,,287.3366
 30/6/2015 1:59:42 PM,,,,,299.4617,,,287.3366
 30/6/2015 1:59:43 PM,,,,,299.4617,,,287.4135
 30/6/2015 1:59:44 PM,,,,,299.4617,,,287.4648
 30/6/2015 1:59:45 PM,,,,,299.4617,,,287.4648
 30/6/2015 1:59:46 PM,,,,,299.4617,,,287.4648
 30/6/2015 1:59:47 PM,,,,,299.4617,,,287.4648
 30/6/2015 1:59:48 PM,,,,,299.4617,,,287.4648
 30/6/2015 1:59:49 PM,,,,,299.4617,,,287.4648
 30/6/2015 1:59:50 PM,,,,,299.4617,,,287.4648
 30/6/2015 1:59:51 PM,,,,,299.4617,,,287.3109
 30/6/2015 1:59:52 PM,,,,,299.4617,,,287.3109
 30/6/2015 1:59:53 PM,,,,,299.4617,,,287.3109
 30/6/2015 1:59:54 PM,,,,,298.9746,,,287.3109
 30/6/2015 1:59:55 PM,,,,,298.9746,,,287.3109
 30/6/2015 1:59:56 PM,,,,,298.9746,,,287.3109
 30/6/2015 1:59:57 PM,,,,,298.9746,,,287.3109
 30/6/2015 1:59:58 PM,,,,,298.9746,,,287.3109
 30/6/2015 1:59:59 PM,,,,,298.9746,,,287.2597
 30/6/2015 2:00:00 PM,,,,,298.9746,,,287.1571
 30/6/2015 2:00:01 PM,,,,,298.9746,,,287.1571
 30/6/2015 2:00:02 PM,,,,,298.5645,,,287.1571
 30/6/2015 2:00:03 PM,,,,,298.5645,,,287.1571
 30/6/2015 2:00:04 PM,,,,,298.5645,,,287.1571
 30/6/2015 2:00:05 PM,,,,,298.5645,,,287.0802
 30/6/2015 2:00:06 PM,,,,,298.7695,,,287.0802
 30/6/2015 2:00:07 PM,,,,,298.7695,,,287.0802
 30/6/2015 2:00:08 PM,,,,,298.9746,,,287.0802
 30/6/2015 2:00:09 PM,,,,,298.9746,,,287.0802
 30/6/2015 2:00:10 PM,,,,,298.9746,,,287.0802
 30/6/2015 2:00:11 PM,,,,,299.3079,,,287.0802
 30/6/2015 2:00:12 PM,,,,,299.3079,,,287.0802
 30/6/2015 2:00:13 PM,,,,,299.3591,,,286.8752
 30/6/2015 2:00:14 PM,,,,,299.5642,,,286.8752
 30/6/2015 2:00:15 PM,,,,,299.5642,,,286.8752
 30/6/2015 2:00:16 PM,,,,,299.7437,,,286.8752
 30/6/2015 2:00:17 PM,,,,,299.8462,,,286.8752
 30/6/2015 2:00:18 PM,,,,,299.8462,,,286.8752
 30/6/2015 2:00:19 PM,,,,,299.8462,,,286.8752
 30/6/2015 2:00:20 PM,,,,,300.1794,,,286.8752
 30/6/2015 2:00:21 PM,,,,,300.1794,,,286.8752
 30/6/2015 2:00:22 PM,,,,,300.1794,,,286.8752
 30/6/2015 2:00:23 PM,,,,,300.1794,,,286.8752
 30/6/2015 2:00:24 PM,,,,,300.1794,,,286.8752
 30/6/2015 2:00:25 PM,,,,,300.4358,,,286.8752
 30/6/2015 2:00:26 PM,,,,,300.4358,,,286.747
 30/6/2015 2:00:27 PM,,,,,300.4358,,,286.747
 30/6/2015 2:00:28 PM,,,,,300.4358,,,286.747
 30/6/2015 2:00:29 PM,,,,,300.4358,,,286.9008
 30/6/2015 2:00:30 PM,,,,,300.4358,,,286.9008
 30/6/2015 2:00:31 PM,,,,,300.2051,,,286.9008
 30/6/2015 2:00:32 PM,,,,,300.2051,,,286.9008
 30/6/2015 2:00:33 PM,,,,,300.1794,,,286.9008
 30/6/2015 2:00:34 PM,,,,,300.1794,,,286.9008
 30/6/2015 2:00:35 PM,,,,,300.1794,,,286.9008
 30/6/2015 2:00:36 PM,,,,,300.1794,,,286.9008
 30/6/2015 2:00:37 PM,,,,,300.1794,,,286.9008
 30/6/2015 2:00:38 PM,,,,,300.4614,,,286.9008
 30/6/2015 2:00:39 PM,,,,,300.4614,,,286.6444
 30/6/2015 2:00:40 PM,,,,,300.6921,,,286.6444
 30/6/2015 2:00:41 PM,,,,,300.6921,,,286.6444
 30/6/2015 2:00:42 PM,,,,,300.6921,,,286.6444
 30/6/2015 2:00:43 PM,,,,,300.6921,,,286.6444
 30/6/2015 2:00:44 PM,,,,,300.6921,,,286.6444
 30/6/2015 2:00:45 PM,,,,,300.6921,,,286.6444
 30/6/2015 2:00:46 PM,,,,,300.6921,,,286.6444
 30/6/2015 2:00:47 PM,,,,,300.6921,,,286.6957
 30/6/2015 2:00:48 PM,,,,,300.6921,,,286.6957
 30/6/2015 2:00:49 PM,,,,,300.6921,,,286.6957
 30/6/2015 2:00:50 PM,,,,,300.4358,,,286.6957
 30/6/2015 2:00:51 PM,,,,,300.4358,,,286.6957
 30/6/2015 2:00:52 PM,,,,,300.4358,,,286.6957
 30/6/2015 2:00:53 PM,,,,,300.4358,,,286.6957
 30/6/2015 2:00:54 PM,,,,,300.4358,,,286.6957
 30/6/2015 2:00:55 PM,,,,,300.4358,,,286.6957
 30/6/2015 2:00:56 PM,,,,,300.4358,,,286.6957
 30/6/2015 2:00:57 PM,,,,,300.4358,,,286.6957
 30/6/2015 2:00:58 PM,,,,,300.4358,,,286.6957
 30/6/2015 2:00:59 PM,,,,,300.4358,,,286.6957
 30/6/2015 2:01:00 PM,,,,,300.4358,,,286.6957
 30/6/2015 2:01:01 PM,,,,,300.4358,,,286.6957
 30/6/2015 2:01:02 PM,,,,,300.4358,,,286.6957
 30/6/2015 2:01:03 PM,,,,,300.4358,,,286.6957
 30/6/2015 2:01:04 PM,,,,,300.5896,,,286.6957
 30/6/2015 2:01:05 PM,,,,,300.5896,,,286.6957
 30/6/2015 2:01:06 PM,,,,,300.5896,,,286.6957
 30/6/2015 2:01:07 PM,,,,,300.5896,,,286.6957
 30/6/2015 2:01:08 PM,,,,,300.5896,,,286.6957
 30/6/2015 2:01:09 PM,,,,,300.5896,,,286.6957
 30/6/2015 2:01:10 PM,,,,,300.5896,,,286.5675
 30/6/2015 2:01:11 PM,,,,,300.5896,,,286.5675
 30/6/2015 2:01:12 PM,,,,,300.5127,,,286.5675
 30/6/2015 2:01:13 PM,,,,,300.5127,,,286.5675
 30/6/2015 2:01:14 PM,,,,,300.2563,,,286.5675
 30/6/2015 2:01:15 PM,,,,,300.2563,,,286.5675
 30/6/2015 2:01:16 PM,,,,,300.2563,,,286.5675
 30/6/2015 2:01:17 PM,,,,,300.2563,,,286.5675
 30/6/2015 2:01:18 PM,,,,,300.2563,,,286.5675
 30/6/2015 2:01:19 PM,,,,,300.2563,,,286.5675
 30/6/2015 2:01:20 PM,,,,,300.2563,,,286.5675
 30/6/2015 2:01:21 PM,,,,,300.2563,,,286.5675
 30/6/2015 2:01:22 PM,,,,,300.2563,,,286.5675
 30/6/2015 2:01:23 PM,,,,,300.2563,,,286.5675
 30/6/2015 2:01:24 PM,,,,,300.2307,,,286.5675
 30/6/2015 2:01:25 PM,,,,,300.2307,,,286.5675
 30/6/2015 2:01:26 PM,,,,,300.2307,,,286.5675
 30/6/2015 2:01:27 PM,,,,,300.2307,,,286.5675
 30/6/2015 2:01:28 PM,,,,,300.2307,,,286.5675
 30/6/2015 2:01:29 PM,,,,,300.2307,,,286.5675
 30/6/2015 2:01:30 PM,,,,,300.2307,,,286.5675
 30/6/2015 2:01:31 PM,,,,,300.3076,,,286.5163
 30/6/2015 2:01:32 PM,,,,,300.3845,,,286.3881
 30/6/2015 2:01:33 PM,,,,,300.4614,,,286.3881
 30/6/2015 2:01:34 PM,,,,,300.4614,,,286.3881
 30/6/2015 2:01:35 PM,,,,,300.4614,,,286.3881
 30/6/2015 2:01:36 PM,,,,,300.4614,,,286.3881
 30/6/2015 2:01:37 PM,,,,,300.4614,,,286.3881
 30/6/2015 2:01:38 PM,,,,,300.4614,,,286.3881
 30/6/2015 2:01:39 PM,,,,,300.4614,,,286.3881
 30/6/2015 2:01:40 PM,,,,,300.4614,,,286.3881
 30/6/2015 2:01:41 PM,,,,,300.4614,,,286.3881
 30/6/2015 2:01:42 PM,,,,,300.5127,,,286.3881
 30/6/2015 2:01:43 PM,,,,,300.7178,,,286.3881
 30/6/2015 2:01:44 PM,,,,,300.7178,,,286.3881
 30/6/2015 2:01:45 PM,,,,,300.7178,,,286.3881
 30/6/2015 2:01:46 PM,,,,,300.7178,,,286.3881
 30/6/2015 2:01:47 PM,,,,,300.7178,,,286.3881
 30/6/2015 2:01:48 PM,,,,,300.7178,,,286.3881
 30/6/2015 2:01:49 PM,,,,,300.7178,,,286.3881
 30/6/2015 2:01:50 PM,,,,,300.7178,,,286.2856
 30/6/2015 2:01:51 PM,,,,,300.9741,,,286.2856
 30/6/2015 2:01:52 PM,,,,,300.9741,,,286.2856
 30/6/2015 2:01:53 PM,,,,,300.9741,,,286.2856
 30/6/2015 2:01:54 PM,,,,,300.9741,,,286.2856
 30/6/2015 2:01:55 PM,,,,,300.9741,,,286.2856
 30/6/2015 2:01:56 PM,,,,,300.9741,,,286.2856
 30/6/2015 2:01:57 PM,,,,,300.9741,,,286.2856
 30/6/2015 2:01:58 PM,,,,,300.8716,,,286.2856
 30/6/2015 2:01:59 PM,,,,,300.769,,,286.2856
 30/6/2015 2:02:00 PM,,,,,300.6152,,,286.2856
 30/6/2015 2:02:01 PM,,,,,300.6152,,,286.2856
 30/6/2015 2:02:02 PM,,,,,300.6152,,,286.2856
 30/6/2015 2:02:03 PM,,,,,300.6152,,,286.2856
 30/6/2015 2:02:04 PM,,,,,300.6152,,,286.4137
 30/6/2015 2:02:05 PM,,,,,300.6152,,,286.4137
 30/6/2015 2:02:06 PM,,,,,300.564,,,286.4137
 30/6/2015 2:02:07 PM,,,,,300.4614,,,286.4137
 30/6/2015 2:02:08 PM,,,,,300.4614,,,286.4137
 30/6/2015 2:02:09 PM,,,,,300.4614,,,286.183
 30/6/2015 2:02:10 PM,,,,,300.4614,,,286.1574
 30/6/2015 2:02:11 PM,,,,,300.8459,,,286.1574
 30/6/2015 2:02:12 PM,,,,,300.8459,,,286.1574
 30/6/2015 2:02:13 PM,,,,,300.8459,,,286.1574
 30/6/2015 2:02:14 PM,,,,,300.8203,,,286.1574
 30/6/2015 2:02:15 PM,,,,,300.8203,,,286.1574
 30/6/2015 2:02:16 PM,,,,,300.8203,,,286.1574
 30/6/2015 2:02:17 PM,,,,,300.8203,,,286.1574
 30/6/2015 2:02:18 PM,,,,,300.8203,,,286.1574
 30/6/2015 2:02:19 PM,,,,,300.8203,,,286.1574
 30/6/2015 2:02:20 PM,,,,,300.8203,,,286.1574
 30/6/2015 2:02:21 PM,,,,,300.8203,,,286.0036
 30/6/2015 2:02:22 PM,,,,,300.8203,,,286.0036
 30/6/2015 2:02:23 PM,,,,,300.8203,,,286.0036
 30/6/2015 2:02:24 PM,,,,,300.8203,,,286.0036
 30/6/2015 2:02:25 PM,,,,,300.8203,,,286.0036
 30/6/2015 2:02:26 PM,,,,,300.8203,,,286.0036
 30/6/2015 2:02:27 PM,,,,,300.8203,,,286.0036
 30/6/2015 2:02:28 PM,,,,,300.8203,,,286.0036
 30/6/2015 2:02:29 PM,,,,,300.8203,,,286.0036
 30/6/2015 2:02:30 PM,,,,,300.8203,,,286.0036
 30/6/2015 2:02:31 PM,,,,,300.8203,,,286.0036
 30/6/2015 2:02:32 PM,,,,,300.564,,,286.0036
 30/6/2015 2:02:33 PM,,,,,300.564,,,286.0036
 30/6/2015 2:02:34 PM,,,,,300.564,,,286.0036
 30/6/2015 2:02:35 PM,,,,,300.6409,,,286.0036
 30/6/2015 2:02:36 PM,,,,,300.7434,,,286.0036
 30/6/2015 2:02:37 PM,,,,,300.7434,,,286.0036
 30/6/2015 2:02:38 PM,,,,,300.7434,,,286.0036
 30/6/2015 2:02:39 PM,,,,,300.7434,,,286.0036
 30/6/2015 2:02:40 PM,,,,,300.7434,,,286.0036
 30/6/2015 2:02:41 PM,,,,,300.7434,,,286.0036
 30/6/2015 2:02:42 PM,,,,,300.7434,,,286.0036
 30/6/2015 2:02:43 PM,,,,,300.7434,,,286.1061
 30/6/2015 2:02:44 PM,,,,,300.564,,,286.1318
 30/6/2015 2:02:45 PM,,,,,300.564,,,286.1318
 30/6/2015 2:02:46 PM,,,,,300.564,,,286.1318
 30/6/2015 2:02:47 PM,,,,,300.3076,,,286.1318
 30/6/2015 2:02:48 PM,,,,,300.3076,,,286.1318
 30/6/2015 2:02:49 PM,,,,,300.3076,,,286.1318
 30/6/2015 2:02:50 PM,,,,,300.3076,,,286.1318
 30/6/2015 2:02:51 PM,,,,,300.3076,,,286.183
 30/6/2015 2:02:52 PM,,,,,300.1794,,,286.183
 30/6/2015 2:02:53 PM,,,,,300.1794,,,286.183
 30/6/2015 2:02:54 PM,,,,,300.1794,,,286.183
 30/6/2015 2:02:55 PM,,,,,300.1794,,,286.183
 30/6/2015 2:02:56 PM,,,,,300.1794,,,286.183
 30/6/2015 2:02:57 PM,,,,,300.1794,,,286.183
 30/6/2015 2:02:58 PM,,,,,300.3076,,,286.183
 30/6/2015 2:02:59 PM,,,,,300.4358,,,286.183
 30/6/2015 2:03:00 PM,,,,,300.564,,,286.183
 30/6/2015 2:03:01 PM,,,,,300.7178,,,286.183
 30/6/2015 2:03:02 PM,,,,,300.7178,,,285.978
 30/6/2015 2:03:03 PM,,,,,300.7178,,,285.978
 30/6/2015 2:03:04 PM,,,,,300.7178,,,285.978
 30/6/2015 2:03:05 PM,,,,,300.7178,,,285.978
 30/6/2015 2:03:06 PM,,,,,300.7178,,,285.978
 30/6/2015 2:03:07 PM,,,,,300.7178,,,285.978
 30/6/2015 2:03:08 PM,,,,,300.8716,,,285.978
 30/6/2015 2:03:09 PM,,,,,300.8716,,,285.978
 30/6/2015 2:03:10 PM,,,,,300.8716,,,285.978
 30/6/2015 2:03:11 PM,,,,,300.8716,,,285.978
 30/6/2015 2:03:12 PM,,,,,300.8716,,,285.978
 30/6/2015 2:03:13 PM,,,,,300.8716,,,285.978
 30/6/2015 2:03:14 PM,,,,,300.7178,,,285.9267
 30/6/2015 2:03:15 PM,,,,,300.6921,,,285.9267
 30/6/2015 2:03:16 PM,,,,,300.4871,,,285.9267
 30/6/2015 2:03:17 PM,,,,,300.4871,,,285.9267
 30/6/2015 2:03:18 PM,,,,,300.4871,,,285.9267
 30/6/2015 2:03:19 PM,,,,,300.4871,,,285.7985
 30/6/2015 2:03:20 PM,,,,,300.4871,,,285.7985
 30/6/2015 2:03:21 PM,,,,,300.4871,,,285.7985
 30/6/2015 2:03:22 PM,,,,,300.4871,,,285.7985
 30/6/2015 2:03:23 PM,,,,,300.4871,,,285.7985
 30/6/2015 2:03:24 PM,,,,,300.4871,,,285.7985
 30/6/2015 2:03:25 PM,,,,,300.4871,,,285.6703
 30/6/2015 2:03:26 PM,,,,,300.4871,,,285.6703
 30/6/2015 2:03:27 PM,,,,,300.4871,,,285.6703
 30/6/2015 2:03:28 PM,,,,,300.4871,,,285.6703
 30/6/2015 2:03:29 PM,,,,,300.4871,,,285.6703
 30/6/2015 2:03:30 PM,,,,,300.4871,,,285.6703
 30/6/2015 2:03:31 PM,,,,,300.7434,,,285.7985
 30/6/2015 2:03:32 PM,,,,,300.7434,,,285.8754
 30/6/2015 2:03:33 PM,,,,,300.7434,,,286.1574
 30/6/2015 2:03:34 PM,,,,,300.7434,,,286.1574
 30/6/2015 2:03:35 PM,,,,,300.7434,,,286.1574
 30/6/2015 2:03:36 PM,,,,,300.7434,,,286.1574
 30/6/2015 2:03:37 PM,,,,,300.7434,,,286.1574
 30/6/2015 2:03:38 PM,,,,,300.7434,,,286.5163
 30/6/2015 2:03:39 PM,,,,,300.564,,,286.5163
 30/6/2015 2:03:40 PM,,,,,300.4614,,,286.5163
 30/6/2015 2:03:41 PM,,,,,300.4358,,,286.9264
 30/6/2015 2:03:42 PM,,,,,300.1282,,,287.0802
 30/6/2015 2:03:43 PM,,,,,300.0769,,,287.0802
 30/6/2015 2:03:44 PM,,,,,300.0769,,,287.0802
 30/6/2015 2:03:45 PM,,,,,300.0769,,,287.2597
 30/6/2015 2:03:46 PM,,,,,300.0769,,,287.5929
 30/6/2015 2:03:47 PM,,,,,300.0769,,,287.6698
 30/6/2015 2:03:48 PM,,,,,300.0769,,,287.9262
 30/6/2015 2:03:49 PM,,,,,299.9744,,,288.2082
 30/6/2015 2:03:50 PM,,,,,299.9744,,,288.2338
 30/6/2015 2:03:51 PM,,,,,299.9744,,,288.4645
 30/6/2015 2:03:52 PM,,,,,299.9744,,,288.4645
 30/6/2015 2:03:53 PM,,,,,299.9744,,,288.8234
 30/6/2015 2:03:54 PM,,,,,299.9744,,,288.8234
 30/6/2015 2:03:55 PM,,,,,299.9744,,,289.0797
 30/6/2015 2:03:56 PM,,,,,299.9744,,,289.131
 30/6/2015 2:03:57 PM,,,,,299.9744,,,289.3873
 30/6/2015 2:03:58 PM,,,,,299.9744,,,289.3873
 30/6/2015 2:03:59 PM,,,,,299.9744,,,289.3873
 30/6/2015 2:04:00 PM,,,,,299.9744,,,289.7206
 30/6/2015 2:04:01 PM,,,,,299.9744,,,289.7206
 30/6/2015 2:04:02 PM,,,,,299.9744,,,289.7206
 30/6/2015 2:04:03 PM,,,,,300.0769,,,289.7206
 30/6/2015 2:04:04 PM,,,,,300.2051,,,289.7206
 30/6/2015 2:04:05 PM,,,,,300.2051,,,289.7206
 30/6/2015 2:04:06 PM,,,,,300.2051,,,289.7206
 30/6/2015 2:04:07 PM,,,,,300.2051,,,289.7206
 30/6/2015 2:04:08 PM,,,,,300.2051,,,289.7206
 30/6/2015 2:04:09 PM,,,,,300.2051,,,289.7206
 30/6/2015 2:04:10 PM,,,,,300.2051,,,289.9769
 30/6/2015 2:04:11 PM,,,,,300.2051,,,290.0282
 30/6/2015 2:04:12 PM,,,,,300.2051,,,290.0282
 30/6/2015 2:04:13 PM,,,,,300.2051,,,290.0282
 30/6/2015 2:04:14 PM,,,,,300.2051,,,290.0282
 30/6/2015 2:04:15 PM,,,,,300.4358,,,290.0282
 30/6/2015 2:04:16 PM,,,,,300.4871,,,290.0282
 30/6/2015 2:04:17 PM,,,,,300.4871,,,290.0282
 30/6/2015 2:04:18 PM,,,,,300.4871,,,290.0282
 30/6/2015 2:04:19 PM,,,,,300.7178,,,290.2589
 30/6/2015 2:04:20 PM,,,,,300.8716,,,290.2589
 30/6/2015 2:04:21 PM,,,,,300.8716,,,290.2589
 30/6/2015 2:04:22 PM,,,,,300.8716,,,290.2589
 30/6/2015 2:04:23 PM,,,,,301.1279,,,290.2589
 30/6/2015 2:04:24 PM,,,,,301.1279,,,290.2589
 30/6/2015 2:04:25 PM,,,,,301.3842,,,290.2589
 30/6/2015 2:04:26 PM,,,,,301.3842,,,290.2845
 30/6/2015 2:04:27 PM,,,,,301.6406,,,290.3871
 30/6/2015 2:04:28 PM,,,,,301.6406,,,290.3871
 30/6/2015 2:04:29 PM,,,,,301.6406,,,290.3871
 30/6/2015 2:04:30 PM,,,,,301.6406,,,290.3871
 30/6/2015 2:04:31 PM,,,,,301.6406,,,290.3871
 30/6/2015 2:04:32 PM,,,,,301.6406,,,290.3871
 30/6/2015 2:04:33 PM,,,,,301.6406,,,290.3871
 30/6/2015 2:04:34 PM,,,,,301.6406,,,290.3871
 30/6/2015 2:04:35 PM,,,,,301.8713,,,290.3871
 30/6/2015 2:04:36 PM,,,,,301.8713,,,290.3871
 30/6/2015 2:04:37 PM,,,,,301.8713,,,290.3871
 30/6/2015 2:04:38 PM,,,,,301.8713,,,290.3871
 30/6/2015 2:04:39 PM,,,,,301.7175,,,290.3871
 30/6/2015 2:04:40 PM,,,,,301.5381,,,290.3871
 30/6/2015 2:04:41 PM,,,,,301.4612,,,290.3871
 30/6/2015 2:04:42 PM,,,,,301.2561,,,290.3871
 30/6/2015 2:04:43 PM,,,,,301.2561,,,290.3871
 30/6/2015 2:04:44 PM,,,,,301.2561,,,290.3871
 30/6/2015 2:04:45 PM,,,,,301.2561,,,290.3871
 30/6/2015 2:04:46 PM,,,,,301.2561,,,290.3871
 30/6/2015 2:04:47 PM,,,,,300.9485,,,290.3871
 30/6/2015 2:04:48 PM,,,,,300.9485,,,290.3871
 30/6/2015 2:04:49 PM,,,,,300.9485,,,290.3871
 30/6/2015 2:04:50 PM,,,,,300.9485,,,290.3871
 30/6/2015 2:04:51 PM,,,,,300.9485,,,290.3871
 30/6/2015 2:04:52 PM,,,,,300.9485,,,290.3871
 30/6/2015 2:04:53 PM,,,,,300.9485,,,290.3871
 30/6/2015 2:04:54 PM,,,,,301.0767,,,290.3871
 30/6/2015 2:04:55 PM,,,,,301.2561,,,290.3871
 30/6/2015 2:04:56 PM,,,,,301.2561,,,290.3871
 30/6/2015 2:04:57 PM,,,,,301.2561,,,290.3871
 30/6/2015 2:04:58 PM,,,,,301.2561,,,290.3871
 30/6/2015 2:04:59 PM,,,,,301.2561,,,290.3871
 30/6/2015 2:05:00 PM,,,,,301.2561,,,290.3871
 30/6/2015 2:05:01 PM,,,,,301.6662,,,290.3871
 30/6/2015 2:05:02 PM,,,,,301.6662,,,290.2845
 30/6/2015 2:05:03 PM,,,,,301.6662,,,290.2589
 30/6/2015 2:05:04 PM,,,,,301.6662,,,290.2076
 30/6/2015 2:05:05 PM,,,,,301.8969,,,290.2076
 30/6/2015 2:05:06 PM,,,,,302.102,,,290.2076
 30/6/2015 2:05:07 PM,,,,,302.1277,,,290.2076
 30/6/2015 2:05:08 PM,,,,,302.384,,,290.2076
 30/6/2015 2:05:09 PM,,,,,302.384,,,290.2076
 30/6/2015 2:05:10 PM,,,,,302.384,,,290.2076
 30/6/2015 2:05:11 PM,,,,,302.5122,,,290.2076
 30/6/2015 2:05:12 PM,,,,,302.5122,,,290.2076
 30/6/2015 2:05:13 PM,,,,,302.6147,,,290.2076
 30/6/2015 2:05:14 PM,,,,,302.6147,,,290.2076
 30/6/2015 2:05:15 PM,,,,,302.6147,,,290.2076
 30/6/2015 2:05:16 PM,,,,,302.6147,,,290.2076
 30/6/2015 2:05:17 PM,,,,,302.6147,,,290.2076
 30/6/2015 2:05:18 PM,,,,,302.6147,,,290.2076
 30/6/2015 2:05:19 PM,,,,,302.6147,,,290.2076
 30/6/2015 2:05:20 PM,,,,,302.6916,,,290.2076
 30/6/2015 2:05:21 PM,,,,,302.7942,,,290.2076
 30/6/2015 2:05:22 PM,,,,,302.7942,,,290.2076
 30/6/2015 2:05:23 PM,,,,,302.7942,,,290.2076
 30/6/2015 2:05:24 PM,,,,,302.7942,,,290.2076
 30/6/2015 2:05:25 PM,,,,,302.7942,,,290.2076
 30/6/2015 2:05:26 PM,,,,,302.7942,,,290.0282
 30/6/2015 2:05:27 PM,,,,,302.8198,,,290.0026
 30/6/2015 2:05:28 PM,,,,,303.0249,,,290.0026
 30/6/2015 2:05:29 PM,,,,,303.0249,,,290.0026
 30/6/2015 2:05:30 PM,,,,,303.0249,,,290.0026
 30/6/2015 2:05:31 PM,,,,,303.0249,,,290.0026
 30/6/2015 2:05:32 PM,,,,,303.0249,,,290.0026
 30/6/2015 2:05:33 PM,,,,,302.8711,,,290.0026
 30/6/2015 2:05:34 PM,,,,,302.8711,,,290.0026
 30/6/2015 2:05:35 PM,,,,,302.8711,,,290.0026
 30/6/2015 2:05:36 PM,,,,,302.8711,,,290.0026
 30/6/2015 2:05:37 PM,,,,,302.8711,,,290.0026
 30/6/2015 2:05:38 PM,,,,,302.7429,,,290.0026
 30/6/2015 2:05:39 PM,,,,,302.666,,,290.0026
 30/6/2015 2:05:40 PM,,,,,302.666,,,290.0026
 30/6/2015 2:05:41 PM,,,,,302.666,,,289.8744
 30/6/2015 2:05:42 PM,,,,,302.666,,,289.8744
 30/6/2015 2:05:43 PM,,,,,302.5122,,,289.8744
 30/6/2015 2:05:44 PM,,,,,302.5122,,,289.8744
 30/6/2015 2:05:45 PM,,,,,302.5122,,,289.8744
 30/6/2015 2:05:46 PM,,,,,302.5122,,,289.8744
 30/6/2015 2:05:47 PM,,,,,302.5122,,,289.8744
 30/6/2015 2:05:48 PM,,,,,302.5122,,,289.8744
 30/6/2015 2:05:49 PM,,,,,302.4353,,,289.8744
 30/6/2015 2:05:50 PM,,,,,302.4353,,,289.8744
 30/6/2015 2:05:51 PM,,,,,302.4353,,,289.8744
 30/6/2015 2:05:52 PM,,,,,302.4353,,,289.8744
 30/6/2015 2:05:53 PM,,,,,302.4353,,,289.8744
 30/6/2015 2:05:54 PM,,,,,302.4353,,,289.8744
 30/6/2015 2:05:55 PM,,,,,302.4353,,,289.8744
 30/6/2015 2:05:56 PM,,,,,302.4353,,,289.8744
 30/6/2015 2:05:57 PM,,,,,302.4865,,,289.8744
 30/6/2015 2:05:58 PM,,,,,302.4865,,,289.8744
 30/6/2015 2:05:59 PM,,,,,302.5122,,,289.8744
 30/6/2015 2:06:00 PM,,,,,302.6404,,,289.8744
 30/6/2015 2:06:01 PM,,,,,302.6404,,,289.8744
 30/6/2015 2:06:02 PM,,,,,302.6404,,,289.8744
 30/6/2015 2:06:03 PM,,,,,302.4353,,,289.8744
 30/6/2015 2:06:04 PM,,,,,302.4353,,,289.8744
 30/6/2015 2:06:05 PM,,,,,302.4353,,,289.8744
 30/6/2015 2:06:06 PM,,,,,302.4353,,,289.8744
 30/6/2015 2:06:07 PM,,,,,302.4353,,,289.8744
 30/6/2015 2:06:08 PM,,,,,302.4353,,,289.8744
 30/6/2015 2:06:09 PM,,,,,302.4353,,,289.8744
 30/6/2015 2:06:10 PM,,,,,302.2302,,,289.8744
 30/6/2015 2:06:11 PM,,,,,302.2302,,,289.8744
 30/6/2015 2:06:12 PM,,,,,302.2302,,,289.8744
 30/6/2015 2:06:13 PM,,,,,302.2302,,,289.8231
 30/6/2015 2:06:14 PM,,,,,301.9995,,,289.7462
 30/6/2015 2:06:15 PM,,,,,301.9995,,,289.7462
 30/6/2015 2:06:16 PM,,,,,301.9995,,,289.7462
 30/6/2015 2:06:17 PM,,,,,301.9995,,,289.7462
 30/6/2015 2:06:18 PM,,,,,301.9995,,,289.7462
 30/6/2015 2:06:19 PM,,,,,301.9995,,,289.7462
 30/6/2015 2:06:20 PM,,,,,301.9995,,,289.7462
 30/6/2015 2:06:21 PM,,,,,301.9995,,,289.7462
 30/6/2015 2:06:22 PM,,,,,301.9995,,,289.7462
 30/6/2015 2:06:23 PM,,,,,301.9995,,,289.7462
 30/6/2015 2:06:24 PM,,,,,301.9995,,,289.7462
 30/6/2015 2:06:25 PM,,,,,302.0251,,,289.7462
 30/6/2015 2:06:26 PM,,,,,302.1789,,,289.7462
 30/6/2015 2:06:27 PM,,,,,302.1789,,,289.7462
 30/6/2015 2:06:28 PM,,,,,302.1789,,,289.7462
 30/6/2015 2:06:29 PM,,,,,302.1789,,,289.7462
 30/6/2015 2:06:30 PM,,,,,302.1789,,,289.7462
 30/6/2015 2:06:31 PM,,,,,302.1789,,,289.618
 30/6/2015 2:06:32 PM,,,,,302.1789,,,289.618
 30/6/2015 2:06:33 PM,,,,,302.1789,,,289.618
 30/6/2015 2:06:34 PM,,,,,302.1789,,,289.618
 30/6/2015 2:06:35 PM,,,,,302.2302,,,289.618
 30/6/2015 2:06:36 PM,,,,,302.2558,,,289.618
 30/6/2015 2:06:37 PM,,,,,302.2558,,,289.618
 30/6/2015 2:06:38 PM,,,,,302.384,,,289.618
 30/6/2015 2:06:39 PM,,,,,302.384,,,289.618
 30/6/2015 2:06:40 PM,,,,,302.384,,,289.618
 30/6/2015 2:06:41 PM,,,,,302.384,,,289.618
 30/6/2015 2:06:42 PM,,,,,302.5634,,,289.618
 30/6/2015 2:06:43 PM,,,,,302.5634,,,289.618
 30/6/2015 2:06:44 PM,,,,,302.5634,,,289.618
 30/6/2015 2:06:45 PM,,,,,302.5634,,,289.618
 30/6/2015 2:06:46 PM,,,,,302.5634,,,289.618
 30/6/2015 2:06:47 PM,,,,,302.8198,,,289.618
 30/6/2015 2:06:48 PM,,,,,302.8198,,,289.618
 30/6/2015 2:06:49 PM,,,,,302.9223,,,289.618
 30/6/2015 2:06:50 PM,,,,,302.948,,,289.618
 30/6/2015 2:06:51 PM,,,,,302.9992,,,289.618
 30/6/2015 2:06:52 PM,,,,,303.0761,,,289.618
 30/6/2015 2:06:53 PM,,,,,303.0761,,,289.618
 30/6/2015 2:06:54 PM,,,,,303.2043,,,289.618
 30/6/2015 2:06:55 PM,,,,,303.2043,,,289.618
 30/6/2015 2:06:56 PM,,,,,303.4094,,,289.618
 30/6/2015 2:06:57 PM,,,,,303.4094,,,289.4642
 30/6/2015 2:06:58 PM,,,,,303.4094,,,289.4642
 30/6/2015 2:06:59 PM,,,,,303.4094,,,289.4642
 30/6/2015 2:07:00 PM,,,,,303.6401,,,289.4642
 30/6/2015 2:07:01 PM,,,,,303.6401,,,289.4642
 30/6/2015 2:07:02 PM,,,,,303.6914,,,289.4642
 30/6/2015 2:07:03 PM,,,,,303.7682,,,289.4642
 30/6/2015 2:07:04 PM,,,,,303.8964,,,289.4642
 30/6/2015 2:07:05 PM,,,,,303.8964,,,289.4642
 30/6/2015 2:07:06 PM,,,,,303.8964,,,289.4642
 30/6/2015 2:07:07 PM,,,,,303.8964,,,289.4642
 30/6/2015 2:07:08 PM,,,,,303.8964,,,289.4642
 30/6/2015 2:07:09 PM,,,,,303.8964,,,289.4642
 30/6/2015 2:07:10 PM,,,,,303.8964,,,289.4642
 30/6/2015 2:07:11 PM,,,,,303.8964,,,289.4642
 30/6/2015 2:07:12 PM,,,,,303.9477,,,289.4642
 30/6/2015 2:07:13 PM,,,,,303.9477,,,289.4642
 30/6/2015 2:07:14 PM,,,,,304.2297,,,289.4642
 30/6/2015 2:07:15 PM,,,,,304.2297,,,289.4642
 30/6/2015 2:07:16 PM,,,,,304.2297,,,289.4642
 30/6/2015 2:07:17 PM,,,,,304.2297,,,289.4642
 30/6/2015 2:07:18 PM,,,,,304.2297,,,289.4642
 30/6/2015 2:07:19 PM,,,,,304.2297,,,289.4642
 30/6/2015 2:07:20 PM,,,,,304.486,,,289.4642
 30/6/2015 2:07:21 PM,,,,,304.6655,,,289.4642
 30/6/2015 2:07:22 PM,,,,,304.6655,,,289.4642
 30/6/2015 2:07:23 PM,,,,,304.9987,,,289.4642
 30/6/2015 2:07:24 PM,,,,,304.9987,,,289.4642
 30/6/2015 2:07:25 PM,,,,,304.9987,,,289.4642
 30/6/2015 2:07:26 PM,,,,,304.9987,,,289.4642
 30/6/2015 2:07:27 PM,,,,,304.9987,,,289.4642
 30/6/2015 2:07:28 PM,,,,,305.1013,,,289.4642
 30/6/2015 2:07:29 PM,,,,,305.3576,,,289.4642
 30/6/2015 2:07:30 PM,,,,,305.4345,,,289.4642
 30/6/2015 2:07:31 PM,,,,,305.4345,,,289.4642
 30/6/2015 2:07:32 PM,,,,,305.4345,,,289.4642
 30/6/2015 2:07:33 PM,,,,,305.4345,,,289.4642
 30/6/2015 2:07:34 PM,,,,,305.6396,,,289.4642
 30/6/2015 2:07:35 PM,,,,,305.6396,,,289.4642
 30/6/2015 2:07:36 PM,,,,,305.6396,,,289.4642
 30/6/2015 2:07:37 PM,,,,,305.6396,,,289.4642
 30/6/2015 2:07:38 PM,,,,,305.6396,,,289.4642
 30/6/2015 2:07:39 PM,,,,,305.6396,,,289.4642
 30/6/2015 2:07:40 PM,,,,,305.6396,,,289.4642
 30/6/2015 2:07:41 PM,,,,,305.6396,,,289.4642
 30/6/2015 2:07:42 PM,,,,,305.6396,,,289.4642
 30/6/2015 2:07:43 PM,,,,,305.6396,,,289.4642
 30/6/2015 2:07:44 PM,,,,,305.6396,,,289.4642
 30/6/2015 2:07:45 PM,,,,,305.8959,,,289.4642
 30/6/2015 2:07:46 PM,,,,,305.9985,,,289.4642
 30/6/2015 2:07:47 PM,,,,,306.0754,,,289.4642
 30/6/2015 2:07:48 PM,,,,,306.0754,,,289.3873
 30/6/2015 2:07:49 PM,,,,,306.0754,,,289.3873
 30/6/2015 2:07:50 PM,,,,,306.0754,,,289.3361
 30/6/2015 2:07:51 PM,,,,,306.0754,,,289.3361
 30/6/2015 2:07:52 PM,,,,,306.0754,,,289.3361
 30/6/2015 2:07:53 PM,,,,,306.3573,,,289.3361
 30/6/2015 2:07:54 PM,,,,,306.3573,,,289.3361
 30/6/2015 2:07:55 PM,,,,,306.3573,,,289.3361
 30/6/2015 2:07:56 PM,,,,,306.3573,,,289.3361
 30/6/2015 2:07:57 PM,,,,,306.3573,,,289.3361
 30/6/2015 2:07:58 PM,,,,,306.4599,,,289.3361
 30/6/2015 2:07:59 PM,,,,,306.588,,,289.3361
 30/6/2015 2:08:00 PM,,,,,306.588,,,289.3361
 30/6/2015 2:08:01 PM,,,,,306.588,,,289.3361
 30/6/2015 2:08:02 PM,,,,,306.588,,,289.3361
 30/6/2015 2:08:03 PM,,,,,306.588,,,289.2079
 30/6/2015 2:08:04 PM,,,,,306.588,,,289.2079
 30/6/2015 2:08:05 PM,,,,,306.588,,,289.2079
 30/6/2015 2:08:06 PM,,,,,306.588,,,289.2079
 30/6/2015 2:08:07 PM,,,,,306.588,,,289.2079
 30/6/2015 2:08:08 PM,,,,,306.588,,,289.2079
 30/6/2015 2:08:09 PM,,,,,306.87,,,289.2079
 30/6/2015 2:08:10 PM,,,,,306.87,,,289.2079
 30/6/2015 2:08:11 PM,,,,,306.87,,,289.2079
 30/6/2015 2:08:12 PM,,,,,306.87,,,289.2079
 30/6/2015 2:08:13 PM,,,,,306.87,,,289.2079
 30/6/2015 2:08:14 PM,,,,,306.87,,,289.2079
 30/6/2015 2:08:15 PM,,,,,306.87,,,289.2079
 30/6/2015 2:08:16 PM,,,,,307.1264,,,289.2079
 30/6/2015 2:08:17 PM,,,,,307.1264,,,289.2079
 30/6/2015 2:08:18 PM,,,,,307.1264,,,289.0028
 30/6/2015 2:08:19 PM,,,,,307.1264,,,288.7465
 30/6/2015 2:08:20 PM,,,,,307.1264,,,288.7465
 30/6/2015 2:08:21 PM,,,,,307.1264,,,288.7465
 30/6/2015 2:08:22 PM,,,,,307.1264,,,288.6952
 30/6/2015 2:08:23 PM,,,,,307.1264,,,288.1056
 30/6/2015 2:08:24 PM,,,,,307.1264,,,288.1056
 30/6/2015 2:08:25 PM,,,,,307.1264,,,287.6955
 30/6/2015 2:08:26 PM,,,,,307.1264,,,287.5673
 30/6/2015 2:08:27 PM,,,,,307.1264,,,287.1571
 30/6/2015 2:08:28 PM,,,,,307.1264,,,286.8239
 30/6/2015 2:08:29 PM,,,,,307.2545,,,286.8239
 30/6/2015 2:08:30 PM,,,,,307.3571,,,286.5163
 30/6/2015 2:08:31 PM,,,,,307.3571,,,286.3625
 30/6/2015 2:08:32 PM,,,,,307.3571,,,286.1318
 30/6/2015 2:08:33 PM,,,,,307.3571,,,286.1318
 30/6/2015 2:08:34 PM,,,,,307.3571,,,285.9011
 30/6/2015 2:08:35 PM,,,,,307.2289,,,285.9011
 30/6/2015 2:08:36 PM,,,,,307.2289,,,285.7985
 30/6/2015 2:08:37 PM,,,,,307.2289,,,285.6447
 30/6/2015 2:08:38 PM,,,,,307.2289,,,285.2602
 30/6/2015 2:08:39 PM,,,,,307.2289,,,285.2602
 30/6/2015 2:08:40 PM,,,,,307.2289,,,285.2602
 30/6/2015 2:08:41 PM,,,,,307.2289,,,284.8757
 30/6/2015 2:08:42 PM,,,,,307.2289,,,284.8757
 30/6/2015 2:08:43 PM,,,,,307.2289,,,284.8757
 30/6/2015 2:08:44 PM,,,,,307.2289,,,284.5681
 30/6/2015 2:08:45 PM,,,,,307.2289,,,284.4655
 30/6/2015 2:08:46 PM,,,,,307.2289,,,284.4655
 30/6/2015 2:08:47 PM,,,,,307.2289,,,284.3117
 30/6/2015 2:08:48 PM,,,,,307.2289,,,284.0041
 30/6/2015 2:08:49 PM,,,,,307.2802,,,284.0041
 30/6/2015 2:08:50 PM,,,,,307.2802,,,283.799
 30/6/2015 2:08:51 PM,,,,,307.4084,,,283.6965
 30/6/2015 2:08:52 PM,,,,,307.4084,,,283.3633
 30/6/2015 2:08:53 PM,,,,,307.4853,,,283.3633
 30/6/2015 2:08:54 PM,,,,,307.4853,,,283.2863
 30/6/2015 2:08:55 PM,,,,,307.4853,,,283.0556
 30/6/2015 2:08:56 PM,,,,,307.4853,,,282.8506
 30/6/2015 2:08:57 PM,,,,,307.4853,,,282.8506
 30/6/2015 2:08:58 PM,,,,,307.4853,,,282.6455
 30/6/2015 2:08:59 PM,,,,,307.6903,,,282.3379
 30/6/2015 2:09:00 PM,,,,,307.6903,,,282.3379
 30/6/2015 2:09:01 PM,,,,,307.6903,,,282.1841
 30/6/2015 2:09:02 PM,,,,,307.6903,,,282.0046
 30/6/2015 2:09:03 PM,,,,,307.6903,,,281.9021
 30/6/2015 2:09:04 PM,,,,,307.6903,,,281.7995
 30/6/2015 2:09:05 PM,,,,,307.6903,,,281.7995
 30/6/2015 2:09:06 PM,,,,,307.6903,,,281.7739
 30/6/2015 2:09:07 PM,,,,,307.6903,,,281.3125
 30/6/2015 2:09:08 PM,,,,,307.6903,,,281.3125
 30/6/2015 2:09:09 PM,,,,,307.6903,,,281.3125
 30/6/2015 2:09:10 PM,,,,,307.6134,,,281.3125
 30/6/2015 2:09:11 PM,,,,,307.6134,,,281.3125
 30/6/2015 2:09:12 PM,,,,,307.4084,,,280.9023
 30/6/2015 2:09:13 PM,,,,,307.4084,,,280.6204
 30/6/2015 2:09:14 PM,,,,,307.0495,,,280.4922
 30/6/2015 2:09:15 PM,,,,,307.0495,,,280.1077
 30/6/2015 2:09:16 PM,,,,,307.0495,,,280.0051
 30/6/2015 2:09:17 PM,,,,,307.0495,,,279.877
 30/6/2015 2:09:18 PM,,,,,307.0495,,,279.6462
 30/6/2015 2:09:19 PM,,,,,307.0495,,,279.6462
 30/6/2015 2:09:20 PM,,,,,307.0495,,,279.4412
 30/6/2015 2:09:21 PM,,,,,307.0495,,,279.3386
 30/6/2015 2:09:22 PM,,,,,307.0495,,,279.2361
 30/6/2015 2:09:23 PM,,,,,307.0495,,,279.2361
 30/6/2015 2:09:24 PM,,,,,307.1264,,,279.2361
 30/6/2015 2:09:25 PM,,,,,307.4084,,,279.2104
 30/6/2015 2:09:26 PM,,,,,307.4084,,,279.2104
 30/6/2015 2:09:27 PM,,,,,307.4084,,,279.1079
 30/6/2015 2:09:28 PM,,,,,307.4084,,,279.1079
 30/6/2015 2:09:29 PM,,,,,307.4084,,,279.1079
 30/6/2015 2:09:30 PM,,,,,307.4084,,,279.1079
 30/6/2015 2:09:31 PM,,,,,307.2545,,,279.1079
 30/6/2015 2:09:32 PM,,,,,307.2545,,,279.0566
 30/6/2015 2:09:33 PM,,,,,307.2545,,,278.9541
 30/6/2015 2:09:34 PM,,,,,307.2545,,,278.9541
 30/6/2015 2:09:35 PM,,,,,307.2545,,,278.8003
 30/6/2015 2:09:36 PM,,,,,307.2545,,,278.5952
 30/6/2015 2:09:37 PM,,,,,307.2545,,,278.5952
 30/6/2015 2:09:38 PM,,,,,307.2545,,,278.2364
 30/6/2015 2:09:39 PM,,,,,307.2545,,,278.2364
 30/6/2015 2:09:40 PM,,,,,307.2545,,,277.7749
 30/6/2015 2:09:41 PM,,,,,307.2545,,,277.5955
 30/6/2015 2:09:42 PM,,,,,307.2545,,,277.5442
 30/6/2015 2:09:43 PM,,,,,307.2545,,,277.3391
 30/6/2015 2:09:44 PM,,,,,307.2545,,,277.0572
 30/6/2015 2:09:45 PM,,,,,307.2545,,,277.0572
 30/6/2015 2:09:46 PM,,,,,307.2545,,,277.0572
 30/6/2015 2:09:47 PM,,,,,307.2545,,,276.9034
 30/6/2015 2:09:48 PM,,,,,307.2545,,,276.6726
 30/6/2015 2:09:49 PM,,,,,307.3827,,,276.6214
 30/6/2015 2:09:50 PM,,,,,307.4084,,,276.6214
 30/6/2015 2:09:51 PM,,,,,307.4084,,,276.6214
 30/6/2015 2:09:52 PM,,,,,307.4084,,,276.6214
 30/6/2015 2:09:53 PM,,,,,307.4084,,,276.6214
 30/6/2015 2:09:54 PM,,,,,307.4084,,,276.4163
 30/6/2015 2:09:55 PM,,,,,307.4084,,,276.4163
 30/6/2015 2:09:56 PM,,,,,307.6391,,,276.4163
 30/6/2015 2:09:57 PM,,,,,307.6391,,,276.2881
 30/6/2015 2:09:58 PM,,,,,307.6391,,,276.2881
 30/6/2015 2:09:59 PM,,,,,307.6391,,,276.2881
 30/6/2015 2:10:00 PM,,,,,307.6391,,,276.0574
 30/6/2015 2:10:01 PM,,,,,307.6391,,,275.9805
 30/6/2015 2:10:02 PM,,,,,307.6391,,,275.7755
 30/6/2015 2:10:03 PM,,,,,307.6391,,,275.7755
 30/6/2015 2:10:04 PM,,,,,307.6391,,,275.4166
 30/6/2015 2:10:05 PM,,,,,307.6391,,,275.3653
 30/6/2015 2:10:06 PM,,,,,307.6391,,,275.3653
 30/6/2015 2:10:07 PM,,,,,307.6391,,,275.1602
 30/6/2015 2:10:08 PM,,,,,307.6391,,,275.0064
 30/6/2015 2:10:09 PM,,,,,307.6391,,,274.7501
 30/6/2015 2:10:10 PM,,,,,307.6391,,,274.7501
 30/6/2015 2:10:11 PM,,,,,307.6391,,,274.7501
 30/6/2015 2:10:12 PM,,,,,307.6391,,,274.7501
 30/6/2015 2:10:13 PM,,,,,307.434,,,274.7501
 30/6/2015 2:10:14 PM,,,,,307.434,,,274.7501
 30/6/2015 2:10:15 PM,,,,,307.434,,,274.6219
 30/6/2015 2:10:16 PM,,,,,307.434,,,274.4681
 30/6/2015 2:10:17 PM,,,,,307.3571,,,274.4681
 30/6/2015 2:10:18 PM,,,,,307.2545,,,274.3912
 30/6/2015 2:10:19 PM,,,,,307.2545,,,274.2117
 30/6/2015 2:10:20 PM,,,,,307.1776,,,274.2117
 30/6/2015 2:10:21 PM,,,,,307.1007,,,274.2117
 30/6/2015 2:10:22 PM,,,,,307.1007,,,274.2117
 30/6/2015 2:10:23 PM,,,,,307.1007,,,273.8528
 30/6/2015 2:10:24 PM,,,,,307.1007,,,273.8016
 30/6/2015 2:10:25 PM,,,,,307.1007,,,273.8016
 30/6/2015 2:10:26 PM,,,,,306.8957,,,273.5965
 30/6/2015 2:10:27 PM,,,,,306.8957,,,273.2889
 30/6/2015 2:10:28 PM,,,,,306.8957,,,273.2889
 30/6/2015 2:10:29 PM,,,,,306.8957,,,273.2889
 30/6/2015 2:10:30 PM,,,,,306.8957,,,273.2889
 30/6/2015 2:10:31 PM,,,,,306.8957,,,273.2889
 30/6/2015 2:10:32 PM,,,,,306.8957,,,272.9557
 30/6/2015 2:10:33 PM,,,,,306.8957,,,272.9557
 30/6/2015 2:10:34 PM,,,,,306.8957,,,272.9557
 30/6/2015 2:10:35 PM,,,,,306.8957,,,272.9557
 30/6/2015 2:10:36 PM,,,,,306.8957,,,272.9557
 30/6/2015 2:10:37 PM,,,,,306.7419,,,272.9557
 30/6/2015 2:10:38 PM,,,,,306.7419,,,272.9557
 30/6/2015 2:10:39 PM,,,,,306.7419,,,272.7249
 30/6/2015 2:10:40 PM,,,,,306.4855,,,272.7249
 30/6/2015 2:10:41 PM,,,,,306.4599,,,272.7249
 30/6/2015 2:10:42 PM,,,,,306.4599,,,272.7249
 30/6/2015 2:10:43 PM,,,,,306.4599,,,272.5199
 30/6/2015 2:10:44 PM,,,,,306.2292,,,272.3148
 30/6/2015 2:10:45 PM,,,,,306.2292,,,272.161
 30/6/2015 2:10:46 PM,,,,,306.2292,,,272.161
 30/6/2015 2:10:47 PM,,,,,305.9728,,,271.8277
 30/6/2015 2:10:48 PM,,,,,305.9728,,,271.8277
 30/6/2015 2:10:49 PM,,,,,305.9728,,,271.8277
 30/6/2015 2:10:50 PM,,,,,305.9728,,,271.8277
 30/6/2015 2:10:51 PM,,,,,305.9728,,,271.6483
 30/6/2015 2:10:52 PM,,,,,305.9728,,,271.6483
 30/6/2015 2:10:53 PM,,,,,305.9728,,,271.3919
 30/6/2015 2:10:54 PM,,,,,305.9728,,,271.3919
 30/6/2015 2:10:55 PM,,,,,305.9728,,,271.3919
 30/6/2015 2:10:56 PM,,,,,305.9728,,,271.2638
 30/6/2015 2:10:57 PM,,,,,305.9728,,,271.1356
 30/6/2015 2:10:58 PM,,,,,305.9728,,,271.1356
 30/6/2015 2:10:59 PM,,,,,305.7421,,,271.1356
 30/6/2015 2:11:00 PM,,,,,305.7421,,,271.1356
 30/6/2015 2:11:01 PM,,,,,305.7421,,,270.9305
 30/6/2015 2:11:02 PM,,,,,305.7421,,,270.9305
 30/6/2015 2:11:03 PM,,,,,305.7421,,,270.9305
 30/6/2015 2:11:04 PM,,,,,305.5627,,,270.6229
 30/6/2015 2:11:05 PM,,,,,305.5627,,,270.6229
 30/6/2015 2:11:06 PM,,,,,305.5627,,,270.6229
 30/6/2015 2:11:07 PM,,,,,305.5627,,,270.6229
 30/6/2015 2:11:08 PM,,,,,305.5627,,,270.7767
 30/6/2015 2:11:09 PM,,,,,305.5627,,,270.7767
 30/6/2015 2:11:10 PM,,,,,305.5627,,,270.7767
 30/6/2015 2:11:11 PM,,,,,305.5627,,,270.7767
 30/6/2015 2:11:12 PM,,,,,305.5627,,,270.7767
 30/6/2015 2:11:13 PM,,,,,305.5627,,,270.7767
 30/6/2015 2:11:14 PM,,,,,305.5627,,,270.7767
 30/6/2015 2:11:15 PM,,,,,305.5627,,,270.7767
 30/6/2015 2:11:16 PM,,,,,305.5627,,,270.7255
 30/6/2015 2:11:17 PM,,,,,305.5627,,,270.4178
 30/6/2015 2:11:18 PM,,,,,305.5627,,,270.4178
 30/6/2015 2:11:19 PM,,,,,305.5627,,,270.4178
 30/6/2015 2:11:20 PM,,,,,305.5627,,,270.2384
 30/6/2015 2:11:21 PM,,,,,305.4345,,,269.9821
 30/6/2015 2:11:22 PM,,,,,305.4345,,,269.9821
 30/6/2015 2:11:23 PM,,,,,305.4345,,,269.9821
 30/6/2015 2:11:24 PM,,,,,305.4345,,,269.9821
 30/6/2015 2:11:25 PM,,,,,305.4345,,,269.7257
 30/6/2015 2:11:26 PM,,,,,305.4345,,,269.7257
 30/6/2015 2:11:27 PM,,,,,305.3576,,,269.5719
 30/6/2015 2:11:28 PM,,,,,305.3576,,,269.3925
 30/6/2015 2:11:29 PM,,,,,305.3576,,,269.3925
 30/6/2015 2:11:30 PM,,,,,305.3576,,,269.3925
 30/6/2015 2:11:31 PM,,,,,305.3576,,,269.3925
 30/6/2015 2:11:32 PM,,,,,305.3576,,,269.3925
 30/6/2015 2:11:33 PM,,,,,305.3576,,,269.3925
 30/6/2015 2:11:34 PM,,,,,305.3576,,,269.3925
 30/6/2015 2:11:35 PM,,,,,305.3576,,,269.3925
 30/6/2015 2:11:36 PM,,,,,305.3576,,,269.3668
 30/6/2015 2:11:37 PM,,,,,305.3576,,,269.3668
 30/6/2015 2:11:38 PM,,,,,305.3576,,,269.3412
 30/6/2015 2:11:39 PM,,,,,305.3576,,,269.213
 30/6/2015 2:11:40 PM,,,,,305.3576,,,269.213
 30/6/2015 2:11:41 PM,,,,,305.3576,,,269.213
 30/6/2015 2:11:42 PM,,,,,305.3576,,,269.213
 30/6/2015 2:11:43 PM,,,,,305.3576,,,268.9567
 30/6/2015 2:11:44 PM,,,,,305.3576,,,268.8798
 30/6/2015 2:11:45 PM,,,,,305.3576,,,268.5978
 30/6/2015 2:11:46 PM,,,,,305.3576,,,268.444
 30/6/2015 2:11:47 PM,,,,,305.3576,,,268.444
 30/6/2015 2:11:48 PM,,,,,305.3576,,,268.444
 30/6/2015 2:11:49 PM,,,,,305.3576,,,268.444
 30/6/2015 2:11:50 PM,,,,,305.3576,,,268.444
 30/6/2015 2:11:51 PM,,,,,305.3576,,,268.444
 30/6/2015 2:11:52 PM,,,,,305.3576,,,268.444
 30/6/2015 2:11:53 PM,,,,,305.3576,,,268.3671
 30/6/2015 2:11:54 PM,,,,,305.3576,,,268.3415
 30/6/2015 2:11:55 PM,,,,,305.3576,,,268.3415
 30/6/2015 2:11:56 PM,,,,,305.3576,,,268.3415
 30/6/2015 2:11:57 PM,,,,,305.3576,,,268.3415
 30/6/2015 2:11:58 PM,,,,,305.3576,,,268.3415
 30/6/2015 2:11:59 PM,,,,,305.3576,,,268.3415
 30/6/2015 2:12:00 PM,,,,,305.4345,,,268.3415
 30/6/2015 2:12:01 PM,,,,,305.4345,,,268.5978
 30/6/2015 2:12:02 PM,,,,,305.4345,,,268.5978
 30/6/2015 2:12:03 PM,,,,,305.4345,,,268.5978
 30/6/2015 2:12:04 PM,,,,,305.4345,,,268.5978
 30/6/2015 2:12:05 PM,,,,,305.4345,,,268.5978
 30/6/2015 2:12:06 PM,,,,,305.4345,,,268.3158
 30/6/2015 2:12:07 PM,,,,,305.4345,,,268.3158
 30/6/2015 2:12:08 PM,,,,,305.4345,,,268.3158
 30/6/2015 2:12:09 PM,,,,,305.4345,,,268.3158
 30/6/2015 2:12:10 PM,,,,,305.4345,,,268.0338
 30/6/2015 2:12:11 PM,,,,,305.4345,,,267.393
 30/6/2015 2:12:12 PM,,,,,305.4345,,,266.8034
 30/6/2015 2:12:13 PM,,,,,305.2551,,,266.1882
 30/6/2015 2:12:14 PM,,,,,305.0756,,,265.6755
 30/6/2015 2:12:15 PM,,,,,305.0756,,,264.727
 30/6/2015 2:12:16 PM,,,,,305.0756,,,263.8041
 30/6/2015 2:12:17 PM,,,,,305.0756,,,262.9582
 30/6/2015 2:12:18 PM,,,,,304.9987,,,262.0354
 30/6/2015 2:12:19 PM,,,,,304.8193,,,260.8818
 30/6/2015 2:12:20 PM,,,,,304.8193,,,260.3179
 30/6/2015 2:12:21 PM,,,,,304.6911,,,259.5232
 30/6/2015 2:12:22 PM,,,,,304.6911,,,258.7798
 30/6/2015 2:12:23 PM,,,,,304.6911,,,258.1902
 30/6/2015 2:12:24 PM,,,,,304.6911,,,257.8057
 30/6/2015 2:12:25 PM,,,,,304.6911,,,257.1905
 30/6/2015 2:12:26 PM,,,,,304.5629,,,256.6521
 30/6/2015 2:12:27 PM,,,,,304.5373,,,256.3958
 30/6/2015 2:12:28 PM,,,,,304.5373,,,255.96
 30/6/2015 2:12:29 PM,,,,,304.5373,,,255.7549
 30/6/2015 2:12:30 PM,,,,,304.5373,,,255.4473
 30/6/2015 2:12:31 PM,,,,,304.5373,,,255.1397
 30/6/2015 2:12:32 PM,,,,,304.5373,,,254.909
 30/6/2015 2:12:33 PM,,,,,304.5373,,,254.627
 30/6/2015 2:12:34 PM,,,,,304.5373,,,254.3963
 30/6/2015 2:12:35 PM,,,,,304.5373,,,254.14
 30/6/2015 2:12:36 PM,,,,,304.5373,,,254.14
 30/6/2015 2:12:37 PM,,,,,304.5373,,,254.14
 30/6/2015 2:12:38 PM,,,,,304.5373,,,253.6273
 30/6/2015 2:12:39 PM,,,,,304.5373,,,253.6273
 30/6/2015 2:12:40 PM,,,,,304.5373,,,253.576
 30/6/2015 2:12:41 PM,,,,,304.5373,,,253.3709
 30/6/2015 2:12:42 PM,,,,,304.5373,,,253.1915
 30/6/2015 2:12:43 PM,,,,,304.5373,,,253.1915
 30/6/2015 2:12:44 PM,,,,,304.3578,,,253.089
 30/6/2015 2:12:45 PM,,,,,304.3578,,,253.0121
 30/6/2015 2:12:46 PM,,,,,304.3578,,,252.8839
 30/6/2015 2:12:47 PM,,,,,304.3578,,,252.7301
 30/6/2015 2:12:48 PM,,,,,304.3578,,,252.5763
 30/6/2015 2:12:49 PM,,,,,304.3322,,,252.5506
 30/6/2015 2:12:50 PM,,,,,304.2297,,,252.5506
 30/6/2015 2:12:51 PM,,,,,304.0759,,,252.5506
 30/6/2015 2:12:52 PM,,,,,304.0759,,,252.5506
 30/6/2015 2:12:53 PM,,,,,304.0759,,,252.5506
 30/6/2015 2:12:54 PM,,,,,304.0759,,,252.3199
 30/6/2015 2:12:55 PM,,,,,304.0759,,,252.3199
 30/6/2015 2:12:56 PM,,,,,304.0759,,,252.3199
 30/6/2015 2:12:57 PM,,,,,304.0759,,,252.3199
 30/6/2015 2:12:58 PM,,,,,304.0759,,,252.3199
 30/6/2015 2:12:59 PM,,,,,304.0759,,,252.3199
 30/6/2015 2:13:00 PM,,,,,304.0502,,,252.3199
 30/6/2015 2:13:01 PM,,,,,304.0502,,,252.3199
 30/6/2015 2:13:02 PM,,,,,303.7939,,,252.3199
 30/6/2015 2:13:03 PM,,,,,303.7939,,,252.1917
 30/6/2015 2:13:04 PM,,,,,303.7939,,,252.1917
 30/6/2015 2:13:05 PM,,,,,303.7939,,,252.1917
 30/6/2015 2:13:06 PM,,,,,304.1784,,,252.1917
 30/6/2015 2:13:07 PM,,,,,304.1784,,,252.1917
 30/6/2015 2:13:08 PM,,,,,304.1784,,,252.1917
 30/6/2015 2:13:09 PM,,,,,304.1784,,,252.1917
 30/6/2015 2:13:10 PM,,,,,304.1784,,,252.1917
 30/6/2015 2:13:11 PM,,,,,304.1784,,,252.1917
 30/6/2015 2:13:12 PM,,,,,304.1784,,,252.1917
 30/6/2015 2:13:13 PM,,,,,304.1784,,,252.1917
 30/6/2015 2:13:14 PM,,,,,304.1784,,,252.1917
 30/6/2015 2:13:15 PM,,,,,304.0759,,,252.4481
 30/6/2015 2:13:16 PM,,,,,303.9221,,,252.4481
 30/6/2015 2:13:17 PM,,,,,303.9733,,,252.4481
 30/6/2015 2:13:18 PM,,,,,304.204,,,252.4481
 30/6/2015 2:13:19 PM,,,,,304.204,,,252.4481
 30/6/2015 2:13:20 PM,,,,,303.9733,,,252.4481
 30/6/2015 2:13:21 PM,,,,,303.9221,,,252.4481
 30/6/2015 2:13:22 PM,,,,,303.9221,,,252.6275
 30/6/2015 2:13:23 PM,,,,,303.9221,,,252.6275
 30/6/2015 2:13:24 PM,,,,,303.9221,,,252.6275
 30/6/2015 2:13:25 PM,,,,,303.9221,,,252.6275
 30/6/2015 2:13:26 PM,,,,,303.9221,,,252.8326
 30/6/2015 2:13:27 PM,,,,,303.9221,,,252.8839
 30/6/2015 2:13:28 PM,,,,,303.9221,,,252.8839
 30/6/2015 2:13:29 PM,,,,,303.9221,,,252.8839
 30/6/2015 2:13:30 PM,,,,,303.9221,,,252.8839
 30/6/2015 2:13:31 PM,,,,,303.9221,,,253.0121
 30/6/2015 2:13:32 PM,,,,,303.9221,,,253.1146
 30/6/2015 2:13:33 PM,,,,,303.8195,,,253.1146
 30/6/2015 2:13:34 PM,,,,,303.8195,,,253.1146
 30/6/2015 2:13:35 PM,,,,,303.8195,,,253.1146
 30/6/2015 2:13:36 PM,,,,,303.6914,,,253.1146
 30/6/2015 2:13:37 PM,,,,,303.6914,,,253.1146
 30/6/2015 2:13:38 PM,,,,,303.6914,,,253.1146
 30/6/2015 2:13:39 PM,,,,,303.6914,,,253.1146
 30/6/2015 2:13:40 PM,,,,,303.6914,,,253.3709
 30/6/2015 2:13:41 PM,,,,,303.6914,,,253.3709
 30/6/2015 2:13:42 PM,,,,,303.6914,,,253.4478
 30/6/2015 2:13:43 PM,,,,,303.6914,,,253.4478
 30/6/2015 2:13:44 PM,,,,,303.6914,,,253.4478
 30/6/2015 2:13:45 PM,,,,,303.5376,,,253.6016
 30/6/2015 2:13:46 PM,,,,,303.5119,,,253.8836
 30/6/2015 2:13:47 PM,,,,,303.5119,,,253.8836
 30/6/2015 2:13:48 PM,,,,,303.5119,,,253.8836
 30/6/2015 2:13:49 PM,,,,,303.5119,,,254.0118
 30/6/2015 2:13:50 PM,,,,,303.5119,,,254.14
 30/6/2015 2:13:51 PM,,,,,303.5119,,,254.14
 30/6/2015 2:13:52 PM,,,,,303.5119,,,254.14
 30/6/2015 2:13:53 PM,,,,,303.5119,,,254.14
 30/6/2015 2:13:54 PM,,,,,303.5119,,,254.2938
 30/6/2015 2:13:55 PM,,,,,303.5119,,,254.4219
 30/6/2015 2:13:56 PM,,,,,303.5119,,,254.4732
 30/6/2015 2:13:57 PM,,,,,303.5119,,,254.4732
 30/6/2015 2:13:58 PM,,,,,303.5119,,,254.4732
 30/6/2015 2:13:59 PM,,,,,303.5119,,,254.4732
